2025-05-20 23:34:33,100 INFO Initializing Research Flow
2025-05-20 23:34:33,103 INFO Creating Sustainability Brand Researcher agent
2025-05-20 23:34:33,109 INFO Creating Plastic analyst agent
2025-05-20 23:34:33,135 INFO Starting flow with state: id='550f6dc0-da95-49d9-bd07-063313762bdf' brand_name='BMW' plastic_type='PP' location='Munich' brand_results={} plastic_results={} collab_results={} combined_results={} brand_research_needed=False plastic_research_needed=False brand_research_complete=False plastic_research_complete=False brand_saved_to_db=False plastic_saved_to_db=False
2025-05-20 23:34:33,139 INFO Initializing research
2025-05-20 23:34:34,706 INFO Vector Search similarity: 0 for brand: BMW
2025-05-20 23:34:34,706 INFO Vector Search results for BMW: {}
2025-05-20 23:34:34,725 INFO Vector Search similarity: 0.7783346772193909 for plastic: PP
2025-05-20 23:34:34,725 INFO Vector Search results for PP: {'id': 1, 'plastic_id': '92b13219-ad21-5c9d-8b46-7878ea9e326f', 'type': 'Polypropylene (PP)', 'properties': ['Lightweight', 'High chemical resistance', 'Thermoplastic nature', 'Good fatigue resistance', 'Versatile and can be produced in homopolymer, block copolymer, and random copolymer forms'], 'applications': ['Containers and packaging', 'Automotive parts', 'Textiles and fibers', 'Household products', 'Medical devices'], 'environmental_impact': 'PP is recyclable but has a low recycling rate (~3%), which undermines its potential for sustainability. It generates fewer emissions and waste during disposal but does not biodegrade easily and can contribute to pollution.', 'recycling_potential': 'Polypropylene is highly recyclable, though the recycling process can be complex, leading to potential loss of material integrity. It can be recycled into new products, although current practices lag behind other plastics.', 'regional_relevance': None, 'created_at': '2025-05-20T14:08:59.672627', 'similarity_score': 0.7783346772193909}
2025-05-20 23:34:34,735 INFO Starting brand research for: BMW
2025-05-20 23:34:34,736 INFO Starting BrandAnalystCrew with input: {'brand': 'BMW', 'location': 'Munich'}
2025-05-20 23:34:34,736 INFO Creating analyze_target_brand task
2025-05-20 23:34:34,750 INFO Crew instance created
2025-05-20 23:34:41,611 INFO Crew execution completed with result: brand_id=None name='BMW' industry='Automotive' main_products=['Cars', 'Motorcycles'] sustainability_initiatives=['Commitment to 100% recyclable vehicles', 'Use of thermoplastics made from 40% recycled material by 2030', 'Reduction of plastic waste in logistics', 'Sustainable sourcing of key components'] plastic_materials_used=['Thermoplastics made from recycled materials', 'Folding plastic alternatives in logistics'] past_collaborations=[] operational_regions=['Global']
2025-05-20 23:34:41,615 INFO Starting brand research for: BMW
2025-05-20 23:34:41,615 INFO Starting BrandAnalystCrew with input: {'brand': 'BMW', 'location': 'Munich'}
2025-05-20 23:34:41,615 INFO Crew instance created
2025-05-20 23:34:46,852 INFO Crew execution completed with result: brand_id=None name='BMW' industry='Automotive' main_products=['Cars', 'Motorcycles'] sustainability_initiatives=['Commitment to creating 100% recyclable vehicles', 'Using folding plastic alternatives made from over 90% recycled materials', 'Aim to use thermoplastics made from 40% recycled material by 2030'] plastic_materials_used=['Folding plastic alternatives', 'Thermoplastics made from recycled materials'] past_collaborations=['Partnerships to foster recycling and reduce plastic waste'] operational_regions=['Global operations']
2025-05-20 23:34:46,855 INFO Starting brand research for: BMW
2025-05-20 23:34:46,855 INFO Starting BrandAnalystCrew with input: {'brand': 'BMW', 'location': 'Munich'}
2025-05-20 23:34:46,855 INFO Crew instance created
2025-05-20 23:34:53,126 INFO Crew execution completed with result: brand_id=None name='BMW' industry='Automotive' main_products=['Luxury vehicles', 'Electric vehicles', 'Motorcycles'] sustainability_initiatives=['Use of packaging made from over 90% recycled materials', 'Aiming for 100% recyclable vehicles by 2030', 'Doubling the proportion of secondary materials in thermoplastics from 20% to 40% by 2030', 'Developing new strategies for sustainable logistics and reducing CO2 emissions'] plastic_materials_used=['Folding plastic alternatives made from over 90% recycled materials', 'Thermoplastics made from 40% recycled materials'] past_collaborations=[] operational_regions=['Global']
2025-05-20 23:34:53,130 INFO Starting brand research for: BMW
2025-05-20 23:34:53,130 INFO Starting BrandAnalystCrew with input: {'brand': 'BMW', 'location': 'Munich'}
2025-05-20 23:34:53,130 INFO Crew instance created
2025-05-20 23:34:58,088 INFO Crew execution completed with result: brand_id=None name='BMW' industry='Automotive' main_products=['Luxury vehicles', 'Automobiles', 'Electric vehicles'] sustainability_initiatives=['Commitment to creating 100% recyclable vehicles', 'Use of thermoplastics made from 40% recycled material by 2030', 'Investment in sustainable packaging solutions', 'Focus on decarbonization and circular economy'] plastic_materials_used=['Folding plastic alternatives made from over 90% recycled material', 'Thermoplastics made from recycled materials'] past_collaborations=['Partnerships for sustainable sourcing of key components', 'Engagement in global initiatives to reduce plastic waste'] operational_regions=['Global operations including manufacturing in Germany, USA, and China']
2025-05-20 23:34:58,092 INFO Starting brand research for: BMW
2025-05-20 23:34:58,093 INFO Starting BrandAnalystCrew with input: {'brand': 'BMW', 'location': 'Munich'}
2025-05-20 23:34:58,093 INFO Crew instance created
2025-05-20 23:35:04,390 INFO Crew execution completed with result: brand_id=None name='BMW' industry='Automotive' main_products=['Cars', 'Motorcycles', 'Electric Vehicles'] sustainability_initiatives=['100% recyclable vehicles', 'Use of thermoplastics made from 40% recycled materials by 2030', 'Reduction of CO2 emissions in logistics and manufacturing', 'Circular economy practices'] plastic_materials_used=['Folding plastic alternatives made from over 90% recycled materials', 'Thermoplastics with a focus on secondary materials'] past_collaborations=[] operational_regions=['Global', 'Europe', 'North America', 'Asia']
2025-05-20 23:35:04,393 INFO Starting brand research for: BMW
2025-05-20 23:35:04,393 INFO Starting BrandAnalystCrew with input: {'brand': 'BMW', 'location': 'Munich'}
2025-05-20 23:35:04,394 INFO Crew instance created
2025-05-20 23:37:11,124 INFO Initializing Research Flow
2025-05-20 23:37:11,127 INFO Creating Sustainability Brand Researcher agent
2025-05-20 23:37:11,131 INFO Creating Plastic analyst agent
2025-05-20 23:37:11,157 INFO Starting flow with state: id='e8b48754-5db0-4c45-a89a-6125680c1ac2' brand_name='BMW' plastic_type='PP' location='Munich' brand_results={} plastic_results={} collab_results={} combined_results={} brand_research_needed=False plastic_research_needed=False brand_research_complete=False plastic_research_complete=False brand_saved_to_db=False plastic_saved_to_db=False
2025-05-20 23:37:11,160 INFO Initializing research
2025-05-20 23:37:12,392 INFO Vector Search similarity: 0 for brand: BMW
2025-05-20 23:37:12,393 INFO Vector Search results for BMW: {}
2025-05-20 23:37:12,417 INFO Vector Search similarity: 0.7783346772193909 for plastic: PP
2025-05-20 23:37:12,417 INFO Vector Search results for PP: {'id': 1, 'plastic_id': '92b13219-ad21-5c9d-8b46-7878ea9e326f', 'type': 'Polypropylene (PP)', 'properties': ['Lightweight', 'High chemical resistance', 'Thermoplastic nature', 'Good fatigue resistance', 'Versatile and can be produced in homopolymer, block copolymer, and random copolymer forms'], 'applications': ['Containers and packaging', 'Automotive parts', 'Textiles and fibers', 'Household products', 'Medical devices'], 'environmental_impact': 'PP is recyclable but has a low recycling rate (~3%), which undermines its potential for sustainability. It generates fewer emissions and waste during disposal but does not biodegrade easily and can contribute to pollution.', 'recycling_potential': 'Polypropylene is highly recyclable, though the recycling process can be complex, leading to potential loss of material integrity. It can be recycled into new products, although current practices lag behind other plastics.', 'regional_relevance': None, 'created_at': '2025-05-20T14:08:59.672627', 'similarity_score': 0.7783346772193909}
2025-05-20 23:37:12,427 INFO Starting brand research for: BMW
2025-05-20 23:37:12,428 INFO Starting BrandAnalystCrew with input: {'brand': 'BMW', 'location': 'Munich'}
2025-05-20 23:37:12,428 INFO Creating analyze_target_brand task
2025-05-20 23:37:12,432 INFO Crew instance created
2025-05-20 23:37:17,719 INFO Crew execution completed with result: brand_id=None name='BMW' industry='Automotive' main_products=['Cars', 'Motorcycles', 'Electric Vehicles'] sustainability_initiatives=['Creating 100% recyclable vehicles', 'Doubling recycled materials in thermoplastics to 40% by 2030', 'Purchasing 100% green power since end of 2020'] plastic_materials_used=['Thermoplastics made from 40% recycled material', 'Parts made from recycled fishing nets'] past_collaborations=['Collaboration with PLASTIX for recycling maritime plastic waste'] operational_regions=['Europe', 'Global']
2025-05-20 23:37:17,722 INFO Starting brand research for: BMW
2025-05-20 23:37:17,723 INFO Starting BrandAnalystCrew with input: {'brand': 'BMW', 'location': 'Munich'}
2025-05-20 23:37:17,723 INFO Crew instance created
2025-05-21 00:13:22,259 INFO Initializing Research Flow
2025-05-21 00:13:22,262 INFO Creating Sustainability Brand Researcher agent
2025-05-21 00:13:22,267 INFO Creating Plastic analyst agent
2025-05-21 00:13:22,295 INFO Starting flow with state: id='1940b595-d6b5-46af-a62d-a69dc2ef18a9' brand_name='BMW' plastic_type='PP' location='Munich' brand_results={} plastic_results={} collab_results={} combined_results={} brand_research_needed=False plastic_research_needed=False brand_research_complete=False plastic_research_complete=False brand_saved_to_db=False plastic_saved_to_db=False
2025-05-21 00:13:22,300 INFO Initializing research
2025-05-21 00:13:23,550 INFO Vector Search similarity: 0 for brand: BMW
2025-05-21 00:13:23,551 INFO Vector Search results for BMW: {}
2025-05-21 00:13:23,572 INFO Vector Search similarity: 0.7783346772193909 for plastic: PP
2025-05-21 00:13:23,572 INFO Vector Search results for PP: {'id': 1, 'plastic_id': '92b13219-ad21-5c9d-8b46-7878ea9e326f', 'type': 'Polypropylene (PP)', 'properties': ['Lightweight', 'High chemical resistance', 'Thermoplastic nature', 'Good fatigue resistance', 'Versatile and can be produced in homopolymer, block copolymer, and random copolymer forms'], 'applications': ['Containers and packaging', 'Automotive parts', 'Textiles and fibers', 'Household products', 'Medical devices'], 'environmental_impact': 'PP is recyclable but has a low recycling rate (~3%), which undermines its potential for sustainability. It generates fewer emissions and waste during disposal but does not biodegrade easily and can contribute to pollution.', 'recycling_potential': 'Polypropylene is highly recyclable, though the recycling process can be complex, leading to potential loss of material integrity. It can be recycled into new products, although current practices lag behind other plastics.', 'regional_relevance': None, 'created_at': '2025-05-20T14:08:59.672627', 'similarity_score': 0.7783346772193909}
2025-05-21 00:13:23,582 INFO Starting brand research for: BMW
2025-05-21 00:13:23,583 INFO Starting BrandAnalystCrew with input: {'brand': 'BMW', 'location': 'Munich'}
2025-05-21 00:13:23,583 INFO Creating analyze_target_brand task
2025-05-21 00:13:23,597 INFO Crew instance created
2025-05-21 00:13:23,602 INFO Attempting to save brand data to DB for: BMW
2025-05-21 00:13:23,602 WARNING No brand results to save to database
2025-05-21 00:13:31,109 INFO Crew execution completed with result: brand_id=None name='BMW' industry='Automotive' main_products=['Luxury vehicles', 'Motorcycles'] sustainability_initiatives=['100% recyclable vehicles', 'Using over 90% recycled materials in packaging', 'Increasing use of recycled materials in vehicle production', 'Circular economy initiatives', 'Collaboration on reducing maritime plastic waste'] plastic_materials_used=['Folding plastic alternatives made from over 90% recycled materials', 'Thermoplastics made from up to 40% recycled material', 'Parts made from recycled fishing nets'] past_collaborations=['Collaboration with partners to reduce carbon footprint and plastic waste'] operational_regions=['Global (operations in multiple regions including Europe, Asia, and North America)']
2025-05-21 00:13:31,113 INFO Starting brand research for: BMW
2025-05-21 00:13:31,113 INFO Starting BrandAnalystCrew with input: {'brand': 'BMW', 'location': 'Munich'}
2025-05-21 00:13:31,113 INFO Crew instance created
2025-05-21 00:13:31,115 INFO Attempting to save brand data to DB for: BMW
2025-05-21 00:13:31,272 INFO Successfully saved brand data to DB for: BMW
2025-05-21 00:13:35,964 INFO Crew execution completed with result: brand_id=None name='BMW' industry='Automotive' main_products=['Luxury Vehicles', 'Electric Vehicles'] sustainability_initiatives=['Use of folding plastic alternatives made from over 90 percent recycled materials', 'Commitment to 100% recyclable vehicles by 2030'] plastic_materials_used=['Recycled plastics from fishing nets', 'Thermoplastics made from 40% recycled material'] past_collaborations=['Collaborations with various organizations to reduce ocean pollution'] operational_regions=['Global', 'Europe', 'Asia']
2025-05-21 00:13:35,967 INFO Starting brand research for: BMW
2025-05-21 00:13:35,967 INFO Starting BrandAnalystCrew with input: {'brand': 'BMW', 'location': 'Munich'}
2025-05-21 00:13:35,968 INFO Crew instance created
2025-05-21 00:13:35,969 INFO Attempting to save brand data to DB for: BMW
2025-05-21 00:13:35,991 INFO Successfully saved brand data to DB for: BMW
2025-05-21 00:13:39,988 INFO Crew execution completed with result: brand_id=None name='BMW' industry='Automotive' main_products=['Automobiles', 'Motorcycles'] sustainability_initiatives=['Commitment to creating 100% recyclable vehicles', 'Use of thermoplastics made from 40% recycled material by 2030', 'Backs sustainable packaging in logistics', 'Focus on decarbonization and circular economy'] plastic_materials_used=['Folding plastic alternatives made from over 90% recycled material', 'Thermoplastics made from recycled fishing nets'] past_collaborations=[] operational_regions=['Global', 'Germany', 'China']
2025-05-21 00:13:39,992 INFO Starting brand research for: BMW
2025-05-21 00:13:39,992 INFO Starting BrandAnalystCrew with input: {'brand': 'BMW', 'location': 'Munich'}
2025-05-21 00:13:39,992 INFO Crew instance created
2025-05-21 00:13:39,994 INFO Attempting to save brand data to DB for: BMW
2025-05-21 00:13:40,019 INFO Successfully saved brand data to DB for: BMW
2025-05-21 00:13:45,242 INFO Crew execution completed with result: brand_id=None name='BMW' industry='Automotive' main_products=['Luxury vehicles', 'Electric vehicles', 'Motorcycles'] sustainability_initiatives=['Using folding plastic alternatives from recycled materials', 'Creating 100% recyclable vehicles', 'Targeting circular economy practices', 'Doubling the use of secondary materials in thermoplastics to 40% by 2030', 'Using maritime plastic waste for vehicle parts'] plastic_materials_used=['Folding plastic made from over 90% recycled materials', 'Thermoplastics made from 40% recycled material', 'Parts made from recycled fishing nets'] past_collaborations=[] operational_regions=['Global', 'Europe', 'United States', 'Asia']
2025-05-21 00:13:45,245 INFO Starting brand research for: BMW
2025-05-21 00:13:45,245 INFO Starting BrandAnalystCrew with input: {'brand': 'BMW', 'location': 'Munich'}
2025-05-21 00:13:45,246 INFO Crew instance created
2025-05-21 00:13:45,247 INFO Attempting to save brand data to DB for: BMW
2025-05-21 00:13:45,273 INFO Successfully saved brand data to DB for: BMW
2025-05-21 00:13:50,144 INFO Crew execution completed with result: brand_id=None name='BMW' industry='Automotive' main_products=['Luxury vehicles', 'Electric vehicles', 'Motorcycles'] sustainability_initiatives=['Aiming to use 100% recyclable vehicles', 'Doubling the proportion of secondary materials in the production of thermoplastics from 20% to 40% by 2030', 'Using folding plastic alternatives made from over 90% recycled materials'] plastic_materials_used=['Thermoplastics made from 40% recycled material', 'Parts made from recycled fishing nets', 'Folding plastic alternatives'] past_collaborations=[] operational_regions=['Global']
2025-05-21 00:13:50,148 INFO Starting brand research for: BMW
2025-05-21 00:13:50,148 INFO Starting BrandAnalystCrew with input: {'brand': 'BMW', 'location': 'Munich'}
2025-05-21 00:13:50,148 INFO Crew instance created
2025-05-21 00:13:50,150 INFO Attempting to save brand data to DB for: BMW
2025-05-21 00:13:50,177 INFO Successfully saved brand data to DB for: BMW
2025-05-21 00:13:56,928 INFO Crew execution completed with result: brand_id=None name='BMW' industry='Automotive' main_products=['Cars', 'Motorcycles'] sustainability_initiatives=['Using folding plastic alternatives made from over 90% recycled material for packaging.', 'Aiming to create 100% recyclable vehicles.', 'Targeting 40% recycled materials in thermoplastic parts by 2030.'] plastic_materials_used=['Thermoplastics made from 40% recycled materials', 'Recycled fishing nets for vehicle parts', 'Folding plastic alternatives for packaging'] past_collaborations=['Collaborating with initiatives to use maritime plastic waste for vehicle trim parts.'] operational_regions=['Global']
2025-05-21 00:13:56,931 INFO Starting brand research for: BMW
2025-05-21 00:13:56,932 INFO Starting BrandAnalystCrew with input: {'brand': 'BMW', 'location': 'Munich'}
2025-05-21 00:13:56,932 INFO Crew instance created
2025-05-21 00:13:56,935 INFO Attempting to save brand data to DB for: BMW
2025-05-21 00:13:56,957 INFO Successfully saved brand data to DB for: BMW
2025-05-21 00:31:36,918 INFO Initializing Research Flow
2025-05-21 00:31:36,922 INFO Creating Sustainability Brand Researcher agent
2025-05-21 00:31:36,927 INFO Creating Plastic analyst agent
2025-05-21 00:31:36,954 INFO Starting flow with state: id='89ecb477-8bdb-4ae4-9d71-c5901c8374c5' brand_name='BMW' plastic_type='PP' location='Munich' brand_results={} plastic_results={} collab_results={} combined_results={} brand_research_needed=False plastic_research_needed=False brand_research_complete=False plastic_research_complete=False brand_saved_to_db=False plastic_saved_to_db=False
2025-05-21 00:31:36,957 INFO Initializing research
2025-05-21 00:31:38,256 INFO Vector Search similarity: 0.7783346772193909 for plastic: PP
2025-05-21 00:31:38,257 INFO Vector Search results for PP: {'id': 1, 'plastic_id': '92b13219-ad21-5c9d-8b46-7878ea9e326f', 'type': 'Polypropylene (PP)', 'properties': ['Lightweight', 'High chemical resistance', 'Thermoplastic nature', 'Good fatigue resistance', 'Versatile and can be produced in homopolymer, block copolymer, and random copolymer forms'], 'applications': ['Containers and packaging', 'Automotive parts', 'Textiles and fibers', 'Household products', 'Medical devices'], 'environmental_impact': 'PP is recyclable but has a low recycling rate (~3%), which undermines its potential for sustainability. It generates fewer emissions and waste during disposal but does not biodegrade easily and can contribute to pollution.', 'recycling_potential': 'Polypropylene is highly recyclable, though the recycling process can be complex, leading to potential loss of material integrity. It can be recycled into new products, although current practices lag behind other plastics.', 'regional_relevance': None, 'created_at': '2025-05-20T14:08:59.672627', 'similarity_score': 0.7783346772193909}
2025-05-21 00:31:38,257 INFO Vector Search similarity: 0.824152410030365 for brand: BMW
2025-05-21 00:31:38,258 INFO Vector Search results for BMW: {'id': 1, 'brand_id': '3208ed61-6a18-539c-9e35-ed27cfe1d9d7', 'name': 'BMW', 'industry': 'Automotive', 'main_products': ['Luxury vehicles', 'Motorcycles'], 'sustainability_initiatives': ['100% recyclable vehicles', 'Using over 90% recycled materials in packaging', 'Increasing use of recycled materials in vehicle production', 'Circular economy initiatives', 'Collaboration on reducing maritime plastic waste'], 'plastic_materials_used': ['Folding plastic alternatives made from over 90% recycled materials', 'Thermoplastics made from up to 40% recycled material', 'Parts made from recycled fishing nets'], 'past_collaborations': ['Collaboration with partners to reduce carbon footprint and plastic waste'], 'operational_regions': ['Global (operations in multiple regions including Europe, Asia, and North America)'], 'created_at': '2025-05-20T22:13:31.156469', 'similarity_score': 0.824152410030365}
2025-05-21 00:31:38,267 INFO Starting plastic research for: PP
2025-05-21 00:31:38,268 INFO Starting crew kickoff with input: {'plastic_type': 'PP', 'location': 'Munich'}
2025-05-21 00:31:38,268 INFO Creating analyze plastic material task
2025-05-21 00:31:38,279 INFO Crew instance created
2025-05-21 00:31:38,283 INFO Attempting to save plastic data to DB for: PP
2025-05-21 00:31:38,490 INFO Successfully saved plastic data to DB for: PP
2025-05-21 00:31:38,497 INFO Starting collaboration process with available research results
2025-05-21 00:31:38,497 INFO Starting crew kickoff with input: {'brand_data': {'id': 1, 'brand_id': '3208ed61-6a18-539c-9e35-ed27cfe1d9d7', 'name': 'BMW', 'industry': 'Automotive', 'main_products': ['Luxury vehicles', 'Motorcycles'], 'sustainability_initiatives': ['100% recyclable vehicles', 'Using over 90% recycled materials in packaging', 'Increasing use of recycled materials in vehicle production', 'Circular economy initiatives', 'Collaboration on reducing maritime plastic waste'], 'plastic_materials_used': ['Folding plastic alternatives made from over 90% recycled materials', 'Thermoplastics made from up to 40% recycled material', 'Parts made from recycled fishing nets'], 'past_collaborations': ['Collaboration with partners to reduce carbon footprint and plastic waste'], 'operational_regions': ['Global (operations in multiple regions including Europe, Asia, and North America)'], 'created_at': '2025-05-20T22:13:31.156469', 'similarity_score': 0.824152410030365}, 'plastic_data': {'id': 1, 'plastic_id': '92b13219-ad21-5c9d-8b46-7878ea9e326f', 'type': 'Polypropylene (PP)', 'properties': ['Lightweight', 'High chemical resistance', 'Thermoplastic nature', 'Good fatigue resistance', 'Versatile and can be produced in homopolymer, block copolymer, and random copolymer forms'], 'applications': ['Containers and packaging', 'Automotive parts', 'Textiles and fibers', 'Household products', 'Medical devices'], 'environmental_impact': 'PP is recyclable but has a low recycling rate (~3%), which undermines its potential for sustainability. It generates fewer emissions and waste during disposal but does not biodegrade easily and can contribute to pollution.', 'recycling_potential': 'Polypropylene is highly recyclable, though the recycling process can be complex, leading to potential loss of material integrity. It can be recycled into new products, although current practices lag behind other plastics.', 'regional_relevance': None, 'created_at': '2025-05-20T14:08:59.672627', 'similarity_score': 0.7783346772193909}}
2025-05-21 00:31:38,500 INFO Crew instance created
2025-05-21 00:31:44,307 INFO Crew execution completed with result: plastic_id='PP' type='Polypropylene (PP)' properties=['Polypropylene is a thermoplastic polymer made from the polymerization of propylene monomers.', 'It has a low density, high melting point, excellent chemical resistance, and durability.', 'PP is known for its high tensile strength and flexibility.'] applications=['Used in packaging, automotive parts, textiles, and consumer products.', 'Commonly found in containers, household goods, and medical supplies.', 'Used for making outdoor furniture and components for the construction industry.'] environmental_impact='Polypropylene has low biodegradability and can contribute to pollution but is fully recyclable, which helps mitigate environmental concerns. However, its recycling rate is low (around 3%).' recycling_potential='PP can be recycled, but challenges exist due to its chemical structure and the diverse applications that complicate sorting. Recycling involves processes like separation, cleaning, melting, and granulating.' regional_relevance=None
2025-05-21 00:31:44,312 INFO Starting plastic research for: PP
2025-05-21 00:31:44,312 INFO Starting crew kickoff with input: {'plastic_type': 'PP', 'location': 'Munich'}
2025-05-21 00:31:44,312 INFO Crew instance created
2025-05-21 00:31:44,314 INFO Attempting to save plastic data to DB for: PP
2025-05-21 00:31:44,561 INFO Successfully saved plastic data to DB for: PP
2025-05-21 00:31:49,095 INFO Crew execution completed with result: plastic_id=None type='Polypropylene (PP)' properties=['Lightweight', 'Durable', 'Chemical-resistant', 'Low moisture absorption', 'Good thermal stability'] applications=['Packaging (containers, films)', 'Automotive parts', 'Textiles (carpets, upholstery)', 'Consumer goods (toys, furniture)', 'Medical supplies'] environmental_impact='PP is not biodegradable and contributes to plastic pollution. It has low recycling rates, often due to difficulties in recycling processes. However, it generates fewer toxic emissions during its lifecycle compared to some other plastics.' recycling_potential='Polypropylene is recyclable, but its recycling rate is low, at about 3%. The recycling process involves separating, cleaning, melting, and reforming into new products.' regional_relevance=None
2025-05-21 00:31:49,099 INFO Starting plastic research for: PP
2025-05-21 00:31:49,099 INFO Starting crew kickoff with input: {'plastic_type': 'PP', 'location': 'Munich'}
2025-05-21 00:31:49,099 INFO Crew instance created
2025-05-21 00:31:49,102 INFO Attempting to save plastic data to DB for: PP
2025-05-21 00:31:49,290 INFO Successfully saved plastic data to DB for: PP
2025-05-21 00:31:54,713 INFO Crew execution completed with result: plastic_id=None type='Polypropylene (PP)' properties=['Thermoplastic polymer', 'Highly versatile', 'Good chemical resistance', 'Strength and durability', 'Lightweight'] applications=['Packaging materials', 'Textiles', 'Automotive parts', 'Consumer products', 'Medical supplies'] environmental_impact='Polypropylene is not biodegradable and has low recycling rates (~3%), contributing to pollution. However, it generates fewer waste products compared to other plastics, and no toxic gases are released during its incineration.' recycling_potential='PP is highly recyclable, but its recycling rate is low due to challenges in processing. The recycling process typically involves separation, cleaning, melting, and granulation.' regional_relevance=None
2025-05-21 00:31:54,716 INFO Starting plastic research for: PP
2025-05-21 00:31:54,716 INFO Starting crew kickoff with input: {'plastic_type': 'PP', 'location': 'Munich'}
2025-05-21 00:31:54,717 INFO Crew instance created
2025-05-21 00:31:54,719 INFO Attempting to save plastic data to DB for: PP
2025-05-21 00:31:55,007 INFO Successfully saved plastic data to DB for: PP
2025-05-21 00:31:59,314 INFO Crew execution completed with result: plastic_id='PP' type='Polypropylene' properties=['High tensile strength and toughness', 'Resistance to chemical solvents, bases, and acids', 'Lightweight and durable', 'Low density and moisture absorption'] applications=['Packaging materials (food containers, bottle caps)', 'Textiles (carpets, upholstery, clothing)', 'Automotive parts (bumpers, dashboards)', 'Medical applications (labware, surgical instruments)', 'Consumer goods (toys, household items)'] environmental_impact='Polypropylene is recyclable, but its recycling rate is low, approximately 3%. It does not biodegrade, which contributes to pollution; however, it generates fewer waste products and emits no toxic gases during recycling.' recycling_potential='Polypropylene is highly recyclable, but often faces challenges in recycling processes. Effective methods include mechanical recycling involving separation, cleaning, melting, and granulating.' regional_relevance=None
2025-05-21 00:31:59,318 INFO Starting plastic research for: PP
2025-05-21 00:31:59,318 INFO Starting crew kickoff with input: {'plastic_type': 'PP', 'location': 'Munich'}
2025-05-21 00:31:59,318 INFO Crew instance created
2025-05-21 00:31:59,320 INFO Attempting to save plastic data to DB for: PP
2025-05-21 00:31:59,430 INFO Successfully saved plastic data to DB for: PP
2025-05-21 00:32:05,197 INFO Crew execution completed with result: plastic_id=None type='Polypropylene (PP)' properties=['Good chemical resistance', 'High melting point', 'Versatile and lightweight', 'Durable and flexible', 'Non-toxic and food-safe'] applications=['Packaging materials (containers, food packaging)', 'Textiles (fabrics, carpets)', 'Automotive parts', 'Consumer products (toys, kitchenware)', 'Medical supplies'] environmental_impact='Polypropylene is fully recyclable, generating fewer waste products compared to other plastics. However, its recycling rate is low (approximately 3%) and it poses challenges in recycling due to its diverse applications.' recycling_potential='PP is highly recyclable, but the recycling process can be complex. It requires sorting, cleaning, and specific methods to minimize loss of material integrity. New technologies are being developed to improve PP recycling rates.' regional_relevance=None
2025-05-21 00:32:05,200 INFO Starting plastic research for: PP
2025-05-21 00:32:05,200 INFO Starting crew kickoff with input: {'plastic_type': 'PP', 'location': 'Munich'}
2025-05-21 00:32:05,200 INFO Crew instance created
2025-05-21 00:32:05,204 INFO Attempting to save plastic data to DB for: PP
2025-05-21 00:32:05,518 INFO Successfully saved plastic data to DB for: PP
2025-05-21 00:37:01,542 INFO Initializing Research Flow
2025-05-21 00:37:01,545 INFO Creating Sustainability Brand Researcher agent
2025-05-21 00:37:01,550 INFO Creating Plastic analyst agent
2025-05-21 00:37:01,554 INFO Registered nodes: Method get_nodes not available
2025-05-21 00:37:01,554 INFO Starting flow with state: id='25621a87-0200-44ee-b226-95b0d07187a9' brand_name='BMW' plastic_type='PP' location='Munich' brand_results={} plastic_results={} collab_results={} combined_results={} brand_research_needed=False plastic_research_needed=False brand_research_complete=False plastic_research_complete=False brand_saved_to_db=False plastic_saved_to_db=False
2025-05-21 00:37:01,558 INFO Initializing research
2025-05-21 00:37:02,786 INFO Vector Search similarity: 0.824152410030365 for brand: BMW
2025-05-21 00:37:02,787 INFO Vector Search results for BMW: {'id': 1, 'brand_id': '3208ed61-6a18-539c-9e35-ed27cfe1d9d7', 'name': 'BMW', 'industry': 'Automotive', 'main_products': ['Luxury vehicles', 'Motorcycles'], 'sustainability_initiatives': ['100% recyclable vehicles', 'Using over 90% recycled materials in packaging', 'Increasing use of recycled materials in vehicle production', 'Circular economy initiatives', 'Collaboration on reducing maritime plastic waste'], 'plastic_materials_used': ['Folding plastic alternatives made from over 90% recycled materials', 'Thermoplastics made from up to 40% recycled material', 'Parts made from recycled fishing nets'], 'past_collaborations': ['Collaboration with partners to reduce carbon footprint and plastic waste'], 'operational_regions': ['Global (operations in multiple regions including Europe, Asia, and North America)'], 'created_at': '2025-05-20T22:13:31.156469', 'similarity_score': 0.824152410030365}
2025-05-21 00:37:02,788 INFO Vector Search similarity: 0.7595087885856628 for plastic: PP
2025-05-21 00:37:02,788 INFO Vector Search results for PP: {'id': 1, 'plastic_id': '92b13219-ad21-5c9d-8b46-7878ea9e326f', 'type': 'Polypropylene (PP)', 'properties': ['Good chemical resistance', 'High melting point', 'Versatile and lightweight', 'Durable and flexible', 'Non-toxic and food-safe'], 'applications': ['Packaging materials (containers, food packaging)', 'Textiles (fabrics, carpets)', 'Automotive parts', 'Consumer products (toys, kitchenware)', 'Medical supplies'], 'environmental_impact': 'Polypropylene is fully recyclable, generating fewer waste products compared to other plastics. However, its recycling rate is low (approximately 3%) and it poses challenges in recycling due to its diverse applications.', 'recycling_potential': 'PP is highly recyclable, but the recycling process can be complex. It requires sorting, cleaning, and specific methods to minimize loss of material integrity. New technologies are being developed to improve PP recycling rates.', 'regional_relevance': None, 'created_at': '2025-05-20T14:08:59.672627', 'similarity_score': 0.7595087885856628}
2025-05-21 00:37:02,792 INFO Routing brand research: brand_research_needed=False, brand_research_complete=True
2025-05-21 00:37:02,795 INFO Skipping brand research for BMW due to router output: brand_research_complete
2025-05-21 00:37:02,799 INFO Brand research complete for BMW, proceeding to collaboration
2025-05-21 00:37:02,802 INFO Starting save_branddata_db for: BMW
2025-05-21 00:37:02,806 INFO Successfully saved brand data to DB for: BMW
2025-05-21 00:37:02,810 INFO Routing plastic research: plastic_research_needed=True, plastic_research_complete=False
2025-05-21 00:37:02,816 INFO Starting plastic research for: PP
2025-05-21 00:37:02,817 INFO Starting crew kickoff with input: {'plastic_type': 'PP', 'location': 'Munich'}
2025-05-21 00:37:02,817 INFO Creating analyze plastic material task
2025-05-21 00:37:02,832 INFO Crew instance created
2025-05-21 00:37:10,681 INFO Crew execution completed with result: plastic_id=None type='Polypropylene (PP)' properties=['Versatile and durable', 'Cost-effective', 'Resistant to fatigue and acids', 'Lightweight', 'High melting point'] applications=['Food containers', 'Automotive parts', 'Textiles (e.g., carpets, upholstery)', 'Packaging materials', 'Household items like bottles and toys'] environmental_impact='Polypropylene generates fewer waste products during disposal and is fully recyclable, but its recycling rate is low (around 3%). It does not release toxic substances during the recycling process, making it less harmful than other plastics.' recycling_potential='PP is highly recyclable and can be repurposed for various items. The recycling process involves separation, cleaning, melting, and granulation. Despite being recyclable, its processing can lead to loss of material integrity.' regional_relevance=None
2025-05-21 00:37:10,682 INFO Plastic research completed for PP
2025-05-21 00:37:10,686 INFO Starting save_plasticdata_db for: PP
2025-05-21 00:37:10,830 INFO Successfully saved plastic data to DB for: PP
2025-05-21 00:37:10,832 ERROR Flow execution failed: unhashable type: 'dict'
2025-05-21 00:45:48,368 INFO Initializing Research Flow
2025-05-21 00:45:48,371 INFO Creating Sustainability Brand Researcher agent
2025-05-21 00:45:48,377 INFO Creating Plastic analyst agent
2025-05-21 00:45:48,405 INFO Starting flow with state: id='f95d2368-af45-4cb6-8314-b03624885567' brand_name='BMW' plastic_type='PP' location='Munich' brand_results={} plastic_results={} collab_results={} combined_results={} brand_research_needed=False plastic_research_needed=False brand_research_complete=False plastic_research_complete=False brand_saved_to_db=False plastic_saved_to_db=False
2025-05-21 00:45:48,409 INFO Initializing research
2025-05-21 00:45:49,720 INFO Vector Search similarity: 0.7675036787986755 for plastic: PP
2025-05-21 00:45:49,721 INFO Vector Search results for PP: {'id': 1, 'plastic_id': '92b13219-ad21-5c9d-8b46-7878ea9e326f', 'type': 'Polypropylene (PP)', 'properties': ['Versatile and durable', 'Cost-effective', 'Resistant to fatigue and acids', 'Lightweight', 'High melting point'], 'applications': ['Food containers', 'Automotive parts', 'Textiles (e.g., carpets, upholstery)', 'Packaging materials', 'Household items like bottles and toys'], 'environmental_impact': 'Polypropylene generates fewer waste products during disposal and is fully recyclable, but its recycling rate is low (around 3%). It does not release toxic substances during the recycling process, making it less harmful than other plastics.', 'recycling_potential': 'PP is highly recyclable and can be repurposed for various items. The recycling process involves separation, cleaning, melting, and granulation. Despite being recyclable, its processing can lead to loss of material integrity.', 'regional_relevance': None, 'created_at': '2025-05-20T14:08:59.672627', 'similarity_score': 0.7675036787986755}
2025-05-21 00:45:49,721 INFO Vector Search similarity: 0.824152410030365 for brand: BMW
2025-05-21 00:45:49,721 INFO Vector Search results for BMW: {'id': 1, 'brand_id': '3208ed61-6a18-539c-9e35-ed27cfe1d9d7', 'name': 'BMW', 'industry': 'Automotive', 'main_products': ['Luxury vehicles', 'Motorcycles'], 'sustainability_initiatives': ['100% recyclable vehicles', 'Using over 90% recycled materials in packaging', 'Increasing use of recycled materials in vehicle production', 'Circular economy initiatives', 'Collaboration on reducing maritime plastic waste'], 'plastic_materials_used': ['Folding plastic alternatives made from over 90% recycled materials', 'Thermoplastics made from up to 40% recycled material', 'Parts made from recycled fishing nets'], 'past_collaborations': ['Collaboration with partners to reduce carbon footprint and plastic waste'], 'operational_regions': ['Global (operations in multiple regions including Europe, Asia, and North America)'], 'created_at': '2025-05-20T22:13:31.156469', 'similarity_score': 0.824152410030365}
2025-05-21 00:45:49,726 INFO Brand research not needed for BMW, routing to already_in_db
2025-05-21 00:45:49,732 INFO Processing existing brand data for: BMW
2025-05-21 00:45:49,736 INFO Starting plastic research for: PP
2025-05-21 00:45:49,736 INFO Starting crew kickoff with input: {'plastic_type': 'PP', 'location': 'Munich'}
2025-05-21 00:45:49,737 INFO Creating analyze plastic material task
2025-05-21 00:45:49,749 INFO Crew instance created
2025-05-21 00:45:49,754 INFO Attempting to save plastic data to DB for: PP
2025-05-21 00:45:49,956 INFO Successfully saved plastic data to DB for: PP
2025-05-21 00:45:55,751 INFO Crew execution completed with result: plastic_id=None type='Polypropylene (PP)' properties=['High tensile strength', 'Chemical resistance', 'Lightweight', 'Thermal stability', 'Versatile usage'] applications=['Packaging materials', 'Textiles', 'Automotive parts', 'Consumer products', 'Containers and household goods'] environmental_impact='PP is not biodegradable and can contribute to pollution but is fully recyclable. Its recycling rate is low, at about 3%, which limits its sustainability potential despite being less impactful than other plastics.' recycling_potential='Polypropylene is highly recyclable, though the process can be challenging due to its sensitivity to heat. Recycling methods typically include separation, cleaning, melting, and granulating.' regional_relevance=None
2025-05-21 00:45:55,755 INFO Starting plastic research for: PP
2025-05-21 00:45:55,755 INFO Starting crew kickoff with input: {'plastic_type': 'PP', 'location': 'Munich'}
2025-05-21 00:45:55,755 INFO Crew instance created
2025-05-21 00:45:55,758 INFO Attempting to save plastic data to DB for: PP
2025-05-21 00:45:55,958 INFO Successfully saved plastic data to DB for: PP
2025-05-21 01:33:53,837 INFO Initializing Research Flow
2025-05-21 01:33:53,841 INFO Creating Sustainability Brand Researcher agent
2025-05-21 01:33:53,847 INFO Creating Plastic analyst agent
2025-05-21 01:33:53,890 INFO Starting flow with state: id='498bcffe-57ee-46a8-8a6b-56f8564ae27c' brand_name='BMW' plastic_type='PP' location='Munich' brand_results={} plastic_results={} collab_results={} combined_results={} brand_research_needed=False plastic_research_needed=False brand_research_complete=False plastic_research_complete=False brand_saved_to_db=False plastic_saved_to_db=False
2025-05-21 01:33:53,894 INFO Initializing research
2025-05-21 01:33:55,395 INFO Vector Search similarity: 0.824152410030365 for brand: BMW
2025-05-21 01:33:55,396 INFO Vector Search results for BMW: {'id': 1, 'brand_id': '3208ed61-6a18-539c-9e35-ed27cfe1d9d7', 'name': 'BMW', 'industry': 'Automotive', 'main_products': ['Luxury vehicles', 'Motorcycles'], 'sustainability_initiatives': ['100% recyclable vehicles', 'Using over 90% recycled materials in packaging', 'Increasing use of recycled materials in vehicle production', 'Circular economy initiatives', 'Collaboration on reducing maritime plastic waste'], 'plastic_materials_used': ['Folding plastic alternatives made from over 90% recycled materials', 'Thermoplastics made from up to 40% recycled material', 'Parts made from recycled fishing nets'], 'past_collaborations': ['Collaboration with partners to reduce carbon footprint and plastic waste'], 'operational_regions': ['Global (operations in multiple regions including Europe, Asia, and North America)'], 'created_at': '2025-05-20T22:13:31.156469', 'similarity_score': 0.824152410030365}
2025-05-21 01:33:55,397 INFO Vector Search similarity: 0.7874210476875305 for plastic: PP
2025-05-21 01:33:55,397 INFO Vector Search results for PP: {'id': 1, 'plastic_id': '92b13219-ad21-5c9d-8b46-7878ea9e326f', 'type': 'Polypropylene (PP)', 'properties': ['High tensile strength', 'Chemical resistance', 'Lightweight', 'Thermal stability', 'Versatile usage'], 'applications': ['Packaging materials', 'Textiles', 'Automotive parts', 'Consumer products', 'Containers and household goods'], 'environmental_impact': 'PP is not biodegradable and can contribute to pollution but is fully recyclable. Its recycling rate is low, at about 3%, which limits its sustainability potential despite being less impactful than other plastics.', 'recycling_potential': 'Polypropylene is highly recyclable, though the process can be challenging due to its sensitivity to heat. Recycling methods typically include separation, cleaning, melting, and granulating.', 'regional_relevance': None, 'created_at': '2025-05-20T14:08:59.672627', 'similarity_score': 0.7874210476875305}
2025-05-21 01:33:55,404 INFO Brand research not needed for BMW, routing to already_in_db
2025-05-21 01:33:55,412 INFO Processing existing brand data for: BMW
2025-05-21 01:33:55,417 INFO Starting plastic research for: PP
2025-05-21 01:33:55,418 INFO Starting crew kickoff with input: {'plastic_type': 'PP', 'location': 'Munich'}
2025-05-21 01:33:55,418 INFO Creating analyze plastic material task
2025-05-21 01:33:55,437 INFO Crew instance created
2025-05-21 01:33:55,442 INFO Attempting to save plastic data to DB for: PP
2025-05-21 01:33:55,674 INFO Successfully saved plastic data to DB for: PP
2025-05-21 01:37:35,482 INFO Initializing Research Flow
2025-05-21 01:37:35,486 INFO Creating Sustainability Brand Researcher agent
2025-05-21 01:37:35,493 INFO Creating Plastic analyst agent
2025-05-21 01:37:35,534 INFO Starting flow with state: id='e462ff0d-44ba-495e-b3d9-a5dc2ea9747f' brand_name='BMW' plastic_type='PP' location='Munich' brand_results={} plastic_results={} collab_results={} combined_results={} brand_research_needed=False plastic_research_needed=False brand_research_complete=False plastic_research_complete=False brand_saved_to_db=False plastic_saved_to_db=False
2025-05-21 01:37:35,539 INFO Initializing research
2025-05-21 01:37:37,006 INFO Vector Search similarity: 0.824152410030365 for brand: BMW
2025-05-21 01:37:37,007 INFO Vector Search results for BMW: {'id': 1, 'brand_id': '3208ed61-6a18-539c-9e35-ed27cfe1d9d7', 'name': 'BMW', 'industry': 'Automotive', 'main_products': ['Luxury vehicles', 'Motorcycles'], 'sustainability_initiatives': ['100% recyclable vehicles', 'Using over 90% recycled materials in packaging', 'Increasing use of recycled materials in vehicle production', 'Circular economy initiatives', 'Collaboration on reducing maritime plastic waste'], 'plastic_materials_used': ['Folding plastic alternatives made from over 90% recycled materials', 'Thermoplastics made from up to 40% recycled material', 'Parts made from recycled fishing nets'], 'past_collaborations': ['Collaboration with partners to reduce carbon footprint and plastic waste'], 'operational_regions': ['Global (operations in multiple regions including Europe, Asia, and North America)'], 'created_at': '2025-05-20T22:13:31.156469', 'similarity_score': 0.824152410030365}
2025-05-21 01:37:37,008 INFO Vector Search similarity: 0.7874210476875305 for plastic: PP
2025-05-21 01:37:37,008 INFO Vector Search results for PP: {'id': 1, 'plastic_id': '92b13219-ad21-5c9d-8b46-7878ea9e326f', 'type': 'Polypropylene (PP)', 'properties': ['High tensile strength', 'Chemical resistance', 'Lightweight', 'Thermal stability', 'Versatile usage'], 'applications': ['Packaging materials', 'Textiles', 'Automotive parts', 'Consumer products', 'Containers and household goods'], 'environmental_impact': 'PP is not biodegradable and can contribute to pollution but is fully recyclable. Its recycling rate is low, at about 3%, which limits its sustainability potential despite being less impactful than other plastics.', 'recycling_potential': 'Polypropylene is highly recyclable, though the process can be challenging due to its sensitivity to heat. Recycling methods typically include separation, cleaning, melting, and granulating.', 'regional_relevance': None, 'created_at': '2025-05-20T14:08:59.672627', 'similarity_score': 0.7874210476875305}
2025-05-21 01:37:37,014 INFO Brand research not needed for BMW, routing to already_in_db
2025-05-21 01:37:37,024 INFO Processing existing brand data for: BMW
2025-05-21 01:37:37,030 INFO Starting plastic research for: PP
2025-05-21 01:37:37,030 INFO Calling plastic research crew with input: {'plastic_type': 'PP', 'location': 'Munich'}
2025-05-21 01:37:37,031 INFO Starting crew kickoff with input: {'plastic_type': 'PP', 'location': 'Munich'}
2025-05-21 01:37:37,031 INFO Creating analyze plastic material task
2025-05-21 01:37:37,046 INFO Crew instance created
2025-05-21 01:37:48,005 INFO Crew execution completed with result: plastic_id='PP' type='Polypropylene' properties=['Thermoplastic polymer', 'High tensile strength', 'Chemical resistance', 'Low density', 'Good barrier properties'] applications=['Packaging materials', 'Automotive parts', 'Textiles', 'Medical supplies', 'Household items'] environmental_impact='Polypropylene is not biodegradable and can contribute to plastic pollution. However, it generates fewer waste products in disposal and does not release toxic chemicals during recycling or combustion.' recycling_potential='Polypropylene is technically recyclable, but its recycling rate is low (around 3%). The recycling process involves sorting, cleaning, melting, and repurposing into new products. Challenges include chemical integrity loss during mechanical recycling.' regional_relevance='Specific information for Munich was not identified in the search; general trends apply.'
2025-05-21 01:37:48,006 INFO Plastic research complete with result type: <class 'crewai.crews.crew_output.CrewOutput'>
2025-05-21 01:37:48,010 INFO Starting plastic research for: PP
2025-05-21 01:37:48,010 INFO Calling plastic research crew with input: {'plastic_type': 'PP', 'location': 'Munich'}
2025-05-21 01:37:48,011 INFO Starting crew kickoff with input: {'plastic_type': 'PP', 'location': 'Munich'}
2025-05-21 01:37:48,011 INFO Crew instance created
2025-05-21 01:37:53,340 INFO Crew execution completed with result: plastic_id='PP' type='Polypropylene' properties=['Highly durable and resistant to various chemicals', 'Lightweight and flexible with high tensile strength', 'Good thermal resistance and can be sterilized', 'Translucent to opaque, making it versatile for applications'] applications=['Packaging materials such as bags and containers', 'Automotive parts and components', 'Textiles, including carpets and upholstery', 'Housewares like storage containers and kitchenware'] environmental_impact='Polypropylene is fully recyclable but has low recycling rates due to processing challenges. It generates fewer waste products and emissions than some plastics, but remains a concern for pollution and waste management.' recycling_potential='PP can be recycled through mechanical processes, although its recycling rate is about 3%. Newer technologies are improving recycling options, but challenges remain with maintaining material integrity.' regional_relevance=None
2025-05-21 01:37:53,341 INFO Plastic research complete with result type: <class 'crewai.crews.crew_output.CrewOutput'>
2025-05-21 01:37:53,344 INFO Starting plastic research for: PP
2025-05-21 01:37:53,345 INFO Calling plastic research crew with input: {'plastic_type': 'PP', 'location': 'Munich'}
2025-05-21 01:37:53,345 INFO Starting crew kickoff with input: {'plastic_type': 'PP', 'location': 'Munich'}
2025-05-21 01:37:53,345 INFO Crew instance created
2025-05-21 01:37:58,976 INFO Crew execution completed with result: plastic_id=None type='Polypropylene (PP)' properties=['Lightweight and durable', 'Chemical resistance', 'High melting point', 'Good tensile strength'] applications=['Packaging materials', 'Automotive parts', 'Textiles and carpets', 'Consumer products like containers and utensils'] environmental_impact='PP is not biodegradable and has moderate recycling rates (about 3%), contributing to landfill issues. However, it generates few emissions during production and recycling, and can be recycled into many new products.' recycling_potential='PP is recyclable through methods like mechanical recycling, but often faces challenges that lead to low recovery rates. Improved recycling technologies are necessary for increasing its recycle efficiency.' regional_relevance=None
2025-05-21 01:37:58,976 INFO Plastic research complete with result type: <class 'crewai.crews.crew_output.CrewOutput'>
2025-05-21 01:37:58,980 INFO Starting plastic research for: PP
2025-05-21 01:37:58,980 INFO Calling plastic research crew with input: {'plastic_type': 'PP', 'location': 'Munich'}
2025-05-21 01:37:58,980 INFO Starting crew kickoff with input: {'plastic_type': 'PP', 'location': 'Munich'}
2025-05-21 01:37:58,980 INFO Crew instance created
2025-05-21 01:48:02,324 INFO Creating Sustainability Brand Researcher agent
2025-05-21 01:48:02,331 INFO Creating Plastic analyst agent
2025-05-21 01:48:02,370 INFO id='8ab45256-ba35-4e4a-a2e1-e0aa3f9541b2' brand_name='BMW' plastic_type='PP' location='Munich' brand_results={} plastic_results={} collab_results={} combined_results={} brand_research_needed=False plastic_research_needed=False brand_research_complete=False plastic_research_complete=False brand_saved_to_db=False plastic_saved_to_db=False
2025-05-21 01:48:04,016 INFO Starting crew kickoff with input: {'plastic_type': 'PP', 'location': 'Munich'}
2025-05-21 01:48:04,016 INFO Creating analyze plastic material task
2025-05-21 01:48:04,039 INFO Crew instance created
2025-05-21 01:48:10,384 INFO Crew execution completed with result: plastic_id='PP' type='Polypropylene' properties=['Versatile and durable', 'Lightweight with high chemical resistance', 'Good fatigue resistance', 'Thermal plastic that can withstand high temperatures'] applications=['Packaging materials, such as containers and films', 'Automotive parts', 'Textiles, including carpets and upholstery', 'Medical supplies, like syringes and containers'] environmental_impact='PP is not biodegradable and poses pollution potential; however, it can be recycled, reducing landfill contributions. Its recycling process generates fewer waste products and emits fewer greenhouse gases than virgin PP production.' recycling_potential='PP is recyclable, but its recycling rate is low (approximately 3%). The recycling process involves separation, cleaning, melting, and granulating. Challenges in mechanical recycling can lead to loss of material integrity.' regional_relevance=None
2025-05-21 01:48:10,548 INFO Plastic research already complete. Skipping execution.
2025-05-21 01:48:10,551 INFO Plastic research already complete. Skipping execution.
2025-05-21 01:48:10,555 INFO Plastic research already complete. Skipping execution.
2025-05-21 01:48:10,560 INFO Plastic research already complete. Skipping execution.
2025-05-21 01:48:10,563 INFO Plastic research already complete. Skipping execution.
2025-05-21 01:48:10,568 INFO Plastic research already complete. Skipping execution.
2025-05-21 01:48:10,572 INFO Plastic research already complete. Skipping execution.
2025-05-21 01:48:10,577 INFO Plastic research already complete. Skipping execution.
2025-05-21 01:48:10,581 INFO Plastic research already complete. Skipping execution.
2025-05-21 01:48:10,586 INFO Plastic research already complete. Skipping execution.
2025-05-21 01:48:10,590 INFO Plastic research already complete. Skipping execution.
2025-05-21 01:48:10,594 INFO Plastic research already complete. Skipping execution.
2025-05-21 01:48:10,598 INFO Plastic research already complete. Skipping execution.
2025-05-21 01:48:10,603 INFO Plastic research already complete. Skipping execution.
2025-05-21 01:48:10,607 INFO Plastic research already complete. Skipping execution.
2025-05-21 01:48:10,613 INFO Plastic research already complete. Skipping execution.
2025-05-21 01:48:10,617 INFO Plastic research already complete. Skipping execution.
2025-05-21 01:48:10,622 INFO Plastic research already complete. Skipping execution.
2025-05-21 01:48:10,627 INFO Plastic research already complete. Skipping execution.
2025-05-21 01:48:10,631 INFO Plastic research already complete. Skipping execution.
2025-05-21 01:48:10,636 INFO Plastic research already complete. Skipping execution.
2025-05-21 01:48:10,640 INFO Plastic research already complete. Skipping execution.
2025-05-21 01:48:10,644 INFO Plastic research already complete. Skipping execution.
2025-05-21 01:48:10,649 INFO Plastic research already complete. Skipping execution.
2025-05-21 01:48:10,655 INFO Plastic research already complete. Skipping execution.
2025-05-21 01:48:10,659 INFO Plastic research already complete. Skipping execution.
2025-05-21 01:48:10,664 INFO Plastic research already complete. Skipping execution.
2025-05-21 01:48:10,668 INFO Plastic research already complete. Skipping execution.
2025-05-21 01:48:10,672 INFO Plastic research already complete. Skipping execution.
2025-05-21 01:48:10,676 INFO Plastic research already complete. Skipping execution.
2025-05-21 01:48:10,680 INFO Plastic research already complete. Skipping execution.
2025-05-21 01:48:10,684 INFO Plastic research already complete. Skipping execution.
2025-05-21 01:48:10,689 INFO Plastic research already complete. Skipping execution.
2025-05-21 01:48:10,693 INFO Plastic research already complete. Skipping execution.
2025-05-21 01:48:10,697 INFO Plastic research already complete. Skipping execution.
2025-05-21 01:48:10,701 INFO Plastic research already complete. Skipping execution.
2025-05-21 01:48:10,705 INFO Plastic research already complete. Skipping execution.
2025-05-21 01:48:10,709 INFO Plastic research already complete. Skipping execution.
2025-05-21 01:48:10,713 INFO Plastic research already complete. Skipping execution.
2025-05-21 01:48:10,717 INFO Plastic research already complete. Skipping execution.
2025-05-21 01:48:10,721 INFO Plastic research already complete. Skipping execution.
2025-05-21 01:48:10,726 INFO Plastic research already complete. Skipping execution.
2025-05-21 01:48:10,729 INFO Plastic research already complete. Skipping execution.
2025-05-21 01:48:10,733 INFO Plastic research already complete. Skipping execution.
2025-05-21 01:48:10,738 INFO Plastic research already complete. Skipping execution.
2025-05-21 01:48:10,742 INFO Plastic research already complete. Skipping execution.
2025-05-21 01:48:10,746 INFO Plastic research already complete. Skipping execution.
2025-05-21 01:48:10,750 INFO Plastic research already complete. Skipping execution.
2025-05-21 01:48:10,754 INFO Plastic research already complete. Skipping execution.
2025-05-21 01:48:10,759 INFO Plastic research already complete. Skipping execution.
2025-05-21 01:48:10,762 INFO Plastic research already complete. Skipping execution.
2025-05-21 01:48:10,766 INFO Plastic research already complete. Skipping execution.
2025-05-21 01:48:10,770 INFO Plastic research already complete. Skipping execution.
2025-05-21 01:48:10,774 INFO Plastic research already complete. Skipping execution.
2025-05-21 01:48:10,779 INFO Plastic research already complete. Skipping execution.
2025-05-21 01:48:10,783 INFO Plastic research already complete. Skipping execution.
2025-05-21 01:48:10,787 INFO Plastic research already complete. Skipping execution.
2025-05-21 01:48:10,792 INFO Plastic research already complete. Skipping execution.
2025-05-21 01:48:10,796 INFO Plastic research already complete. Skipping execution.
2025-05-21 01:48:10,800 INFO Plastic research already complete. Skipping execution.
2025-05-21 01:48:10,804 INFO Plastic research already complete. Skipping execution.
2025-05-21 01:48:10,808 INFO Plastic research already complete. Skipping execution.
2025-05-21 01:48:10,811 INFO Plastic research already complete. Skipping execution.
2025-05-21 01:48:10,816 INFO Plastic research already complete. Skipping execution.
2025-05-21 01:48:10,820 INFO Plastic research already complete. Skipping execution.
2025-05-21 01:48:10,824 INFO Plastic research already complete. Skipping execution.
2025-05-21 01:48:10,827 INFO Plastic research already complete. Skipping execution.
2025-05-21 01:48:10,831 INFO Plastic research already complete. Skipping execution.
2025-05-21 01:48:10,836 INFO Plastic research already complete. Skipping execution.
2025-05-21 01:48:10,840 INFO Plastic research already complete. Skipping execution.
2025-05-21 01:48:10,845 INFO Plastic research already complete. Skipping execution.
2025-05-21 01:48:10,849 INFO Plastic research already complete. Skipping execution.
2025-05-21 01:48:10,853 INFO Plastic research already complete. Skipping execution.
2025-05-21 01:48:10,857 INFO Plastic research already complete. Skipping execution.
2025-05-21 01:48:10,861 INFO Plastic research already complete. Skipping execution.
2025-05-21 01:48:10,865 INFO Plastic research already complete. Skipping execution.
2025-05-21 01:48:10,869 INFO Plastic research already complete. Skipping execution.
2025-05-21 01:48:10,873 INFO Plastic research already complete. Skipping execution.
2025-05-21 01:48:10,877 INFO Plastic research already complete. Skipping execution.
2025-05-21 01:48:10,881 INFO Plastic research already complete. Skipping execution.
2025-05-21 01:48:10,886 INFO Plastic research already complete. Skipping execution.
2025-05-21 01:48:10,890 INFO Plastic research already complete. Skipping execution.
2025-05-21 01:48:10,894 INFO Plastic research already complete. Skipping execution.
2025-05-21 01:48:10,899 INFO Plastic research already complete. Skipping execution.
2025-05-21 01:48:10,903 INFO Plastic research already complete. Skipping execution.
2025-05-21 01:48:10,907 INFO Plastic research already complete. Skipping execution.
2025-05-21 01:48:10,910 INFO Plastic research already complete. Skipping execution.
2025-05-21 01:48:10,915 INFO Plastic research already complete. Skipping execution.
2025-05-21 01:48:10,919 INFO Plastic research already complete. Skipping execution.
2025-05-21 01:48:10,923 INFO Plastic research already complete. Skipping execution.
2025-05-21 01:48:10,927 INFO Plastic research already complete. Skipping execution.
2025-05-21 01:48:10,931 INFO Plastic research already complete. Skipping execution.
2025-05-21 01:48:10,935 INFO Plastic research already complete. Skipping execution.
2025-05-21 01:48:10,939 INFO Plastic research already complete. Skipping execution.
2025-05-21 01:48:10,943 INFO Plastic research already complete. Skipping execution.
2025-05-21 01:48:10,946 INFO Plastic research already complete. Skipping execution.
2025-05-21 01:48:10,950 INFO Plastic research already complete. Skipping execution.
2025-05-21 01:48:10,954 INFO Plastic research already complete. Skipping execution.
2025-05-21 01:48:10,958 INFO Plastic research already complete. Skipping execution.
2025-05-21 01:48:10,962 INFO Plastic research already complete. Skipping execution.
2025-05-21 01:48:10,966 INFO Plastic research already complete. Skipping execution.
2025-05-21 01:48:10,970 INFO Plastic research already complete. Skipping execution.
2025-05-21 01:48:10,974 INFO Plastic research already complete. Skipping execution.
2025-05-21 01:48:10,977 INFO Plastic research already complete. Skipping execution.
2025-05-21 01:48:10,982 INFO Plastic research already complete. Skipping execution.
2025-05-21 01:48:10,986 INFO Plastic research already complete. Skipping execution.
2025-05-21 01:48:10,989 INFO Plastic research already complete. Skipping execution.
2025-05-21 01:48:10,993 INFO Plastic research already complete. Skipping execution.
2025-05-21 01:48:10,997 INFO Plastic research already complete. Skipping execution.
2025-05-21 01:48:11,001 INFO Plastic research already complete. Skipping execution.
2025-05-21 01:48:11,006 INFO Plastic research already complete. Skipping execution.
2025-05-21 01:48:11,010 INFO Plastic research already complete. Skipping execution.
2025-05-21 01:48:11,014 INFO Plastic research already complete. Skipping execution.
2025-05-21 01:48:11,018 INFO Plastic research already complete. Skipping execution.
2025-05-21 01:48:11,022 INFO Plastic research already complete. Skipping execution.
2025-05-21 01:48:11,026 INFO Plastic research already complete. Skipping execution.
2025-05-21 01:48:11,030 INFO Plastic research already complete. Skipping execution.
2025-05-21 01:48:11,034 INFO Plastic research already complete. Skipping execution.
2025-05-21 01:48:11,038 INFO Plastic research already complete. Skipping execution.
2025-05-21 01:48:11,042 INFO Plastic research already complete. Skipping execution.
2025-05-21 01:48:11,046 INFO Plastic research already complete. Skipping execution.
2025-05-21 01:48:11,050 INFO Plastic research already complete. Skipping execution.
2025-05-21 01:48:11,054 INFO Plastic research already complete. Skipping execution.
2025-05-21 01:48:11,058 INFO Plastic research already complete. Skipping execution.
2025-05-21 01:48:11,062 INFO Plastic research already complete. Skipping execution.
2025-05-21 01:48:11,067 INFO Plastic research already complete. Skipping execution.
2025-05-21 01:48:11,071 INFO Plastic research already complete. Skipping execution.
2025-05-21 01:48:11,074 INFO Plastic research already complete. Skipping execution.
2025-05-21 01:48:11,078 INFO Plastic research already complete. Skipping execution.
2025-05-21 01:48:11,083 INFO Plastic research already complete. Skipping execution.
2025-05-21 01:48:11,086 INFO Plastic research already complete. Skipping execution.
2025-05-21 01:48:11,091 INFO Plastic research already complete. Skipping execution.
2025-05-21 01:48:11,095 INFO Plastic research already complete. Skipping execution.
2025-05-21 01:48:11,099 INFO Plastic research already complete. Skipping execution.
2025-05-21 01:48:11,103 INFO Plastic research already complete. Skipping execution.
2025-05-21 01:48:11,107 INFO Plastic research already complete. Skipping execution.
2025-05-21 01:48:11,111 INFO Plastic research already complete. Skipping execution.
2025-05-21 01:48:11,115 INFO Plastic research already complete. Skipping execution.
2025-05-21 01:48:11,119 INFO Plastic research already complete. Skipping execution.
2025-05-21 01:48:11,123 INFO Plastic research already complete. Skipping execution.
2025-05-21 01:48:11,127 INFO Plastic research already complete. Skipping execution.
2025-05-21 01:48:11,132 INFO Plastic research already complete. Skipping execution.
2025-05-21 01:48:11,136 INFO Plastic research already complete. Skipping execution.
2025-05-21 01:48:11,140 INFO Plastic research already complete. Skipping execution.
2025-05-21 01:48:11,144 INFO Plastic research already complete. Skipping execution.
2025-05-21 01:48:11,149 INFO Plastic research already complete. Skipping execution.
2025-05-21 01:48:11,153 INFO Plastic research already complete. Skipping execution.
2025-05-21 01:48:11,157 INFO Plastic research already complete. Skipping execution.
2025-05-21 01:48:11,161 INFO Plastic research already complete. Skipping execution.
2025-05-21 01:48:11,165 INFO Plastic research already complete. Skipping execution.
2025-05-21 01:48:11,170 INFO Plastic research already complete. Skipping execution.
2025-05-21 01:48:11,174 INFO Plastic research already complete. Skipping execution.
2025-05-21 01:48:11,178 INFO Plastic research already complete. Skipping execution.
2025-05-21 01:48:11,181 INFO Plastic research already complete. Skipping execution.
2025-05-21 01:48:11,185 INFO Plastic research already complete. Skipping execution.
2025-05-21 01:48:11,189 INFO Plastic research already complete. Skipping execution.
2025-05-21 01:48:11,193 INFO Plastic research already complete. Skipping execution.
2025-05-21 01:48:11,197 INFO Plastic research already complete. Skipping execution.
2025-05-21 01:48:11,237 INFO Plastic research already complete. Skipping execution.
2025-05-21 01:48:11,261 INFO Plastic research already complete. Skipping execution.
2025-05-21 01:48:11,272 INFO Plastic research already complete. Skipping execution.
2025-05-21 01:48:11,278 INFO Plastic research already complete. Skipping execution.
2025-05-21 01:48:11,287 INFO Plastic research already complete. Skipping execution.
2025-05-21 01:48:11,295 INFO Plastic research already complete. Skipping execution.
2025-05-21 01:48:11,303 INFO Plastic research already complete. Skipping execution.
2025-05-21 01:48:11,307 INFO Plastic research already complete. Skipping execution.
2025-05-21 01:48:11,315 INFO Plastic research already complete. Skipping execution.
2025-05-21 01:48:11,322 INFO Plastic research already complete. Skipping execution.
2025-05-21 01:48:11,328 INFO Plastic research already complete. Skipping execution.
2025-05-21 01:48:11,333 INFO Plastic research already complete. Skipping execution.
2025-05-21 01:48:11,337 INFO Plastic research already complete. Skipping execution.
2025-05-21 01:48:11,341 INFO Plastic research already complete. Skipping execution.
2025-05-21 01:48:11,345 INFO Plastic research already complete. Skipping execution.
2025-05-21 01:48:11,353 INFO Plastic research already complete. Skipping execution.
2025-05-21 01:48:11,359 INFO Plastic research already complete. Skipping execution.
2025-05-21 01:48:11,367 INFO Plastic research already complete. Skipping execution.
2025-05-21 01:48:11,373 INFO Plastic research already complete. Skipping execution.
2025-05-21 01:48:11,377 INFO Plastic research already complete. Skipping execution.
2025-05-21 01:48:11,383 INFO Plastic research already complete. Skipping execution.
2025-05-21 01:48:11,387 INFO Plastic research already complete. Skipping execution.
2025-05-21 01:48:11,391 INFO Plastic research already complete. Skipping execution.
2025-05-21 01:48:11,395 INFO Plastic research already complete. Skipping execution.
2025-05-21 01:48:11,400 INFO Plastic research already complete. Skipping execution.
2025-05-21 01:48:11,404 INFO Plastic research already complete. Skipping execution.
2025-05-21 01:48:11,408 INFO Plastic research already complete. Skipping execution.
2025-05-21 01:48:11,413 INFO Plastic research already complete. Skipping execution.
2025-05-21 01:48:11,418 INFO Plastic research already complete. Skipping execution.
2025-05-21 01:48:11,421 INFO Plastic research already complete. Skipping execution.
2025-05-21 01:48:11,425 INFO Plastic research already complete. Skipping execution.
2025-05-21 01:48:11,430 INFO Plastic research already complete. Skipping execution.
2025-05-21 01:48:11,434 INFO Plastic research already complete. Skipping execution.
2025-05-21 01:48:11,438 INFO Plastic research already complete. Skipping execution.
2025-05-21 01:48:11,442 INFO Plastic research already complete. Skipping execution.
2025-05-21 01:48:11,445 INFO Plastic research already complete. Skipping execution.
2025-05-21 01:48:11,450 INFO Plastic research already complete. Skipping execution.
2025-05-21 01:48:11,453 INFO Plastic research already complete. Skipping execution.
2025-05-21 01:48:11,456 INFO Plastic research already complete. Skipping execution.
2025-05-21 01:48:11,460 INFO Plastic research already complete. Skipping execution.
2025-05-21 01:48:11,465 INFO Plastic research already complete. Skipping execution.
2025-05-21 01:48:11,469 INFO Plastic research already complete. Skipping execution.
2025-05-21 01:48:11,473 INFO Plastic research already complete. Skipping execution.
2025-05-21 01:48:11,476 INFO Plastic research already complete. Skipping execution.
2025-05-21 01:48:11,481 INFO Plastic research already complete. Skipping execution.
2025-05-21 01:48:11,484 INFO Plastic research already complete. Skipping execution.
2025-05-21 01:48:11,488 INFO Plastic research already complete. Skipping execution.
2025-05-21 01:48:11,491 INFO Plastic research already complete. Skipping execution.
2025-05-21 01:48:11,495 INFO Plastic research already complete. Skipping execution.
2025-05-21 01:48:11,500 INFO Plastic research already complete. Skipping execution.
2025-05-21 01:48:11,504 INFO Plastic research already complete. Skipping execution.
2025-05-21 01:48:11,507 INFO Plastic research already complete. Skipping execution.
2025-05-21 01:48:11,511 INFO Plastic research already complete. Skipping execution.
2025-05-21 01:48:11,518 INFO Plastic research already complete. Skipping execution.
2025-05-21 01:48:11,521 INFO Plastic research already complete. Skipping execution.
2025-05-21 01:48:11,525 INFO Plastic research already complete. Skipping execution.
2025-05-21 01:48:11,529 INFO Plastic research already complete. Skipping execution.
2025-05-21 01:48:11,533 INFO Plastic research already complete. Skipping execution.
2025-05-21 01:48:11,537 INFO Plastic research already complete. Skipping execution.
2025-05-21 01:48:11,541 INFO Plastic research already complete. Skipping execution.
2025-05-21 01:48:11,544 INFO Plastic research already complete. Skipping execution.
2025-05-21 01:48:11,549 INFO Plastic research already complete. Skipping execution.
2025-05-21 01:48:11,553 INFO Plastic research already complete. Skipping execution.
2025-05-21 01:48:11,556 INFO Plastic research already complete. Skipping execution.
2025-05-21 01:48:11,560 INFO Plastic research already complete. Skipping execution.
2025-05-21 01:48:11,565 INFO Plastic research already complete. Skipping execution.
2025-05-21 01:48:11,568 INFO Plastic research already complete. Skipping execution.
2025-05-21 01:48:11,571 INFO Plastic research already complete. Skipping execution.
2025-05-21 01:48:11,575 INFO Plastic research already complete. Skipping execution.
2025-05-21 01:48:11,579 INFO Plastic research already complete. Skipping execution.
2025-05-21 01:48:11,584 INFO Plastic research already complete. Skipping execution.
2025-05-21 01:48:11,588 INFO Plastic research already complete. Skipping execution.
2025-05-21 01:48:11,592 INFO Plastic research already complete. Skipping execution.
2025-05-21 01:48:11,596 INFO Plastic research already complete. Skipping execution.
2025-05-21 01:48:11,600 INFO Plastic research already complete. Skipping execution.
2025-05-21 01:48:11,603 INFO Plastic research already complete. Skipping execution.
2025-05-21 01:48:11,607 INFO Plastic research already complete. Skipping execution.
2025-05-21 01:48:11,610 INFO Plastic research already complete. Skipping execution.
2025-05-21 01:48:11,615 INFO Plastic research already complete. Skipping execution.
2025-05-21 01:48:11,619 INFO Plastic research already complete. Skipping execution.
2025-05-21 01:48:11,623 INFO Plastic research already complete. Skipping execution.
2025-05-21 01:48:11,626 INFO Plastic research already complete. Skipping execution.
2025-05-21 01:48:11,630 INFO Plastic research already complete. Skipping execution.
2025-05-21 01:48:11,634 INFO Plastic research already complete. Skipping execution.
2025-05-21 01:48:11,637 INFO Plastic research already complete. Skipping execution.
2025-05-21 01:48:11,641 INFO Plastic research already complete. Skipping execution.
2025-05-21 01:48:11,644 INFO Plastic research already complete. Skipping execution.
2025-05-21 01:48:11,649 INFO Plastic research already complete. Skipping execution.
2025-05-21 01:48:11,653 INFO Plastic research already complete. Skipping execution.
2025-05-21 01:48:11,657 INFO Plastic research already complete. Skipping execution.
2025-05-21 01:48:11,661 INFO Plastic research already complete. Skipping execution.
2025-05-21 01:48:11,666 INFO Plastic research already complete. Skipping execution.
2025-05-21 01:48:11,670 INFO Plastic research already complete. Skipping execution.
2025-05-21 01:48:11,673 INFO Plastic research already complete. Skipping execution.
2025-05-21 01:48:11,676 INFO Plastic research already complete. Skipping execution.
2025-05-21 01:48:11,680 INFO Plastic research already complete. Skipping execution.
2025-05-21 01:48:11,685 INFO Plastic research already complete. Skipping execution.
2025-05-21 01:48:11,688 INFO Plastic research already complete. Skipping execution.
2025-05-21 01:48:11,692 INFO Plastic research already complete. Skipping execution.
2025-05-21 01:48:11,696 INFO Plastic research already complete. Skipping execution.
2025-05-21 01:48:11,700 INFO Plastic research already complete. Skipping execution.
2025-05-21 01:48:11,704 INFO Plastic research already complete. Skipping execution.
2025-05-21 01:48:11,707 INFO Plastic research already complete. Skipping execution.
2025-05-21 01:48:11,710 INFO Plastic research already complete. Skipping execution.
2025-05-21 01:48:11,715 INFO Plastic research already complete. Skipping execution.
2025-05-21 01:48:11,718 INFO Plastic research already complete. Skipping execution.
2025-05-21 01:48:11,722 INFO Plastic research already complete. Skipping execution.
2025-05-21 01:48:11,725 INFO Plastic research already complete. Skipping execution.
2025-05-21 01:48:11,729 INFO Plastic research already complete. Skipping execution.
2025-05-21 01:48:11,735 INFO Plastic research already complete. Skipping execution.
2025-05-21 01:48:11,739 INFO Plastic research already complete. Skipping execution.
2025-05-21 01:48:11,742 INFO Plastic research already complete. Skipping execution.
2025-05-21 01:48:11,747 INFO Plastic research already complete. Skipping execution.
2025-05-21 01:48:11,752 INFO Plastic research already complete. Skipping execution.
2025-05-21 01:48:11,756 INFO Plastic research already complete. Skipping execution.
2025-05-21 01:48:11,759 INFO Plastic research already complete. Skipping execution.
2025-05-21 01:48:11,764 INFO Plastic research already complete. Skipping execution.
2025-05-21 01:48:11,767 INFO Plastic research already complete. Skipping execution.
2025-05-21 01:48:11,771 INFO Plastic research already complete. Skipping execution.
2025-05-21 01:48:11,774 INFO Plastic research already complete. Skipping execution.
2025-05-21 01:48:11,777 INFO Plastic research already complete. Skipping execution.
2025-05-21 01:48:11,782 INFO Plastic research already complete. Skipping execution.
2025-05-21 01:48:11,786 INFO Plastic research already complete. Skipping execution.
2025-05-21 01:48:11,790 INFO Plastic research already complete. Skipping execution.
2025-05-21 01:48:11,793 INFO Plastic research already complete. Skipping execution.
2025-05-21 01:48:11,798 INFO Plastic research already complete. Skipping execution.
2025-05-21 01:48:11,802 INFO Plastic research already complete. Skipping execution.
2025-05-21 01:48:11,805 INFO Plastic research already complete. Skipping execution.
2025-05-21 01:48:11,808 INFO Plastic research already complete. Skipping execution.
2025-05-21 01:48:11,811 INFO Plastic research already complete. Skipping execution.
2025-05-21 01:48:11,817 INFO Plastic research already complete. Skipping execution.
2025-05-21 01:48:11,821 INFO Plastic research already complete. Skipping execution.
2025-05-21 01:48:11,825 INFO Plastic research already complete. Skipping execution.
2025-05-21 01:48:11,829 INFO Plastic research already complete. Skipping execution.
2025-05-21 01:48:11,833 INFO Plastic research already complete. Skipping execution.
2025-05-21 01:48:11,837 INFO Plastic research already complete. Skipping execution.
2025-05-21 01:48:11,840 INFO Plastic research already complete. Skipping execution.
2025-05-21 01:48:11,844 INFO Plastic research already complete. Skipping execution.
2025-05-21 01:48:11,849 INFO Plastic research already complete. Skipping execution.
2025-05-21 01:48:11,853 INFO Plastic research already complete. Skipping execution.
2025-05-21 01:48:11,857 INFO Plastic research already complete. Skipping execution.
2025-05-21 01:48:11,861 INFO Plastic research already complete. Skipping execution.
2025-05-21 01:48:11,866 INFO Plastic research already complete. Skipping execution.
2025-05-21 01:48:11,869 INFO Plastic research already complete. Skipping execution.
2025-05-21 01:48:11,873 INFO Plastic research already complete. Skipping execution.
2025-05-21 01:48:11,877 INFO Plastic research already complete. Skipping execution.
2025-05-21 01:48:11,881 INFO Plastic research already complete. Skipping execution.
2025-05-21 01:48:11,885 INFO Plastic research already complete. Skipping execution.
2025-05-21 01:48:11,888 INFO Plastic research already complete. Skipping execution.
2025-05-21 01:48:11,892 INFO Plastic research already complete. Skipping execution.
2025-05-21 01:48:11,897 INFO Plastic research already complete. Skipping execution.
2025-05-21 01:48:11,901 INFO Plastic research already complete. Skipping execution.
2025-05-21 01:48:11,905 INFO Plastic research already complete. Skipping execution.
2025-05-21 01:48:11,908 INFO Plastic research already complete. Skipping execution.
2025-05-21 01:48:11,913 INFO Plastic research already complete. Skipping execution.
2025-05-21 01:48:11,917 INFO Plastic research already complete. Skipping execution.
2025-05-21 01:48:11,922 INFO Plastic research already complete. Skipping execution.
2025-05-21 01:48:11,926 INFO Plastic research already complete. Skipping execution.
2025-05-21 01:48:11,930 INFO Plastic research already complete. Skipping execution.
2025-05-21 01:48:11,934 INFO Plastic research already complete. Skipping execution.
2025-05-21 01:48:11,937 INFO Plastic research already complete. Skipping execution.
2025-05-21 01:48:11,941 INFO Plastic research already complete. Skipping execution.
2025-05-21 01:48:11,944 INFO Plastic research already complete. Skipping execution.
2025-05-21 01:48:11,949 INFO Plastic research already complete. Skipping execution.
2025-05-21 01:48:11,953 INFO Plastic research already complete. Skipping execution.
2025-05-21 01:48:11,957 INFO Plastic research already complete. Skipping execution.
2025-05-21 01:48:11,961 INFO Plastic research already complete. Skipping execution.
2025-05-21 01:48:11,966 INFO Plastic research already complete. Skipping execution.
2025-05-21 01:48:11,970 INFO Plastic research already complete. Skipping execution.
2025-05-21 01:48:11,974 INFO Plastic research already complete. Skipping execution.
2025-05-21 01:48:11,978 INFO Plastic research already complete. Skipping execution.
2025-05-21 01:48:11,983 INFO Plastic research already complete. Skipping execution.
2025-05-21 01:48:11,987 INFO Plastic research already complete. Skipping execution.
2025-05-21 01:48:11,991 INFO Plastic research already complete. Skipping execution.
2025-05-21 01:48:11,995 INFO Plastic research already complete. Skipping execution.
2025-05-21 01:48:12,000 INFO Plastic research already complete. Skipping execution.
2025-05-21 01:48:12,005 INFO Plastic research already complete. Skipping execution.
2025-05-21 01:48:12,009 INFO Plastic research already complete. Skipping execution.
2025-05-21 01:48:12,014 INFO Plastic research already complete. Skipping execution.
2025-05-21 01:48:12,018 INFO Plastic research already complete. Skipping execution.
2025-05-21 01:48:12,023 INFO Plastic research already complete. Skipping execution.
2025-05-21 01:48:12,026 INFO Plastic research already complete. Skipping execution.
2025-05-21 01:48:12,030 INFO Plastic research already complete. Skipping execution.
2025-05-21 01:48:12,034 INFO Plastic research already complete. Skipping execution.
2025-05-21 01:48:12,039 INFO Plastic research already complete. Skipping execution.
2025-05-21 01:48:12,042 INFO Plastic research already complete. Skipping execution.
2025-05-21 01:48:12,047 INFO Plastic research already complete. Skipping execution.
2025-05-21 01:48:12,051 INFO Plastic research already complete. Skipping execution.
2025-05-21 01:48:12,055 INFO Plastic research already complete. Skipping execution.
2025-05-21 01:48:12,059 INFO Plastic research already complete. Skipping execution.
2025-05-21 01:48:12,065 INFO Plastic research already complete. Skipping execution.
2025-05-21 01:48:12,069 INFO Plastic research already complete. Skipping execution.
2025-05-21 01:48:12,073 INFO Plastic research already complete. Skipping execution.
2025-05-21 01:48:12,077 INFO Plastic research already complete. Skipping execution.
2025-05-21 01:48:12,082 INFO Plastic research already complete. Skipping execution.
2025-05-21 01:48:12,086 INFO Plastic research already complete. Skipping execution.
2025-05-21 01:48:12,090 INFO Plastic research already complete. Skipping execution.
2025-05-21 01:48:12,094 INFO Plastic research already complete. Skipping execution.
2025-05-21 01:48:12,099 INFO Plastic research already complete. Skipping execution.
2025-05-21 01:48:12,103 INFO Plastic research already complete. Skipping execution.
2025-05-21 01:48:12,107 INFO Plastic research already complete. Skipping execution.
2025-05-21 01:48:12,113 INFO Plastic research already complete. Skipping execution.
2025-05-21 01:48:12,117 INFO Plastic research already complete. Skipping execution.
2025-05-21 01:48:12,121 INFO Plastic research already complete. Skipping execution.
2025-05-21 01:48:12,124 INFO Plastic research already complete. Skipping execution.
2025-05-21 01:48:12,128 INFO Plastic research already complete. Skipping execution.
2025-05-21 01:48:12,133 INFO Plastic research already complete. Skipping execution.
2025-05-21 01:48:12,137 INFO Plastic research already complete. Skipping execution.
2025-05-21 01:48:12,141 INFO Plastic research already complete. Skipping execution.
2025-05-21 01:48:12,145 INFO Plastic research already complete. Skipping execution.
2025-05-21 01:48:12,151 INFO Plastic research already complete. Skipping execution.
2025-05-21 01:48:12,155 INFO Plastic research already complete. Skipping execution.
2025-05-21 01:48:12,158 INFO Plastic research already complete. Skipping execution.
2025-05-21 01:48:12,163 INFO Plastic research already complete. Skipping execution.
2025-05-21 01:48:12,167 INFO Plastic research already complete. Skipping execution.
2025-05-21 01:48:12,171 INFO Plastic research already complete. Skipping execution.
2025-05-21 01:48:12,175 INFO Plastic research already complete. Skipping execution.
2025-05-21 01:48:12,180 INFO Plastic research already complete. Skipping execution.
2025-05-21 01:48:12,184 INFO Plastic research already complete. Skipping execution.
2025-05-21 01:48:12,188 INFO Plastic research already complete. Skipping execution.
2025-05-21 01:48:12,192 INFO Plastic research already complete. Skipping execution.
2025-05-21 01:48:12,196 INFO Plastic research already complete. Skipping execution.
2025-05-21 01:48:12,201 INFO Plastic research already complete. Skipping execution.
2025-05-21 01:48:12,205 INFO Plastic research already complete. Skipping execution.
2025-05-21 01:48:12,209 INFO Plastic research already complete. Skipping execution.
2025-05-21 01:48:12,214 INFO Plastic research already complete. Skipping execution.
2025-05-21 01:48:12,218 INFO Plastic research already complete. Skipping execution.
2025-05-21 01:48:12,221 INFO Plastic research already complete. Skipping execution.
2025-05-21 01:48:12,225 INFO Plastic research already complete. Skipping execution.
2025-05-21 01:48:12,229 INFO Plastic research already complete. Skipping execution.
2025-05-21 01:48:12,233 INFO Plastic research already complete. Skipping execution.
2025-05-21 01:48:12,237 INFO Plastic research already complete. Skipping execution.
2025-05-21 01:48:12,241 INFO Plastic research already complete. Skipping execution.
2025-05-21 01:48:12,245 INFO Plastic research already complete. Skipping execution.
2025-05-21 01:48:12,249 INFO Plastic research already complete. Skipping execution.
2025-05-21 01:48:12,253 INFO Plastic research already complete. Skipping execution.
2025-05-21 01:48:12,256 INFO Plastic research already complete. Skipping execution.
2025-05-21 01:48:12,260 INFO Plastic research already complete. Skipping execution.
2025-05-21 01:48:12,264 INFO Plastic research already complete. Skipping execution.
2025-05-21 01:48:12,268 INFO Plastic research already complete. Skipping execution.
2025-05-21 01:48:12,272 INFO Plastic research already complete. Skipping execution.
2025-05-21 01:48:12,276 INFO Plastic research already complete. Skipping execution.
2025-05-21 01:48:12,281 INFO Plastic research already complete. Skipping execution.
2025-05-21 01:48:12,285 INFO Plastic research already complete. Skipping execution.
2025-05-21 01:48:12,289 INFO Plastic research already complete. Skipping execution.
2025-05-21 01:48:12,293 INFO Plastic research already complete. Skipping execution.
2025-05-21 01:48:12,297 INFO Plastic research already complete. Skipping execution.
2025-05-21 01:48:12,301 INFO Plastic research already complete. Skipping execution.
2025-05-21 01:48:12,304 INFO Plastic research already complete. Skipping execution.
2025-05-21 01:48:12,308 INFO Plastic research already complete. Skipping execution.
2025-05-21 01:48:12,311 INFO Plastic research already complete. Skipping execution.
2025-05-21 01:48:12,316 INFO Plastic research already complete. Skipping execution.
2025-05-21 01:48:12,320 INFO Plastic research already complete. Skipping execution.
2025-05-21 01:48:12,324 INFO Plastic research already complete. Skipping execution.
2025-05-21 01:48:12,328 INFO Plastic research already complete. Skipping execution.
2025-05-21 01:48:12,333 INFO Plastic research already complete. Skipping execution.
2025-05-21 01:48:12,337 INFO Plastic research already complete. Skipping execution.
2025-05-21 01:48:12,341 INFO Plastic research already complete. Skipping execution.
2025-05-21 01:48:12,345 INFO Plastic research already complete. Skipping execution.
2025-05-21 01:48:12,350 INFO Plastic research already complete. Skipping execution.
2025-05-21 01:48:12,354 INFO Plastic research already complete. Skipping execution.
2025-05-21 01:48:12,357 INFO Plastic research already complete. Skipping execution.
2025-05-21 01:48:12,361 INFO Plastic research already complete. Skipping execution.
2025-05-21 01:48:12,366 INFO Plastic research already complete. Skipping execution.
2025-05-21 01:48:12,371 INFO Plastic research already complete. Skipping execution.
2025-05-21 01:48:12,375 INFO Plastic research already complete. Skipping execution.
2025-05-21 01:48:12,379 INFO Plastic research already complete. Skipping execution.
2025-05-21 01:48:12,383 INFO Plastic research already complete. Skipping execution.
2025-05-21 01:48:12,387 INFO Plastic research already complete. Skipping execution.
2025-05-21 01:48:12,391 INFO Plastic research already complete. Skipping execution.
2025-05-21 01:48:12,396 INFO Plastic research already complete. Skipping execution.
2025-05-21 01:48:12,399 INFO Plastic research already complete. Skipping execution.
2025-05-21 01:48:12,403 INFO Plastic research already complete. Skipping execution.
2025-05-21 01:48:12,406 INFO Plastic research already complete. Skipping execution.
2025-05-21 01:48:12,410 INFO Plastic research already complete. Skipping execution.
2025-05-21 01:48:12,415 INFO Plastic research already complete. Skipping execution.
2025-05-21 01:48:12,419 INFO Plastic research already complete. Skipping execution.
2025-05-21 01:48:12,423 INFO Plastic research already complete. Skipping execution.
2025-05-21 01:48:12,427 INFO Plastic research already complete. Skipping execution.
2025-05-21 01:48:12,432 INFO Plastic research already complete. Skipping execution.
2025-05-21 01:48:12,436 INFO Plastic research already complete. Skipping execution.
2025-05-21 01:48:12,440 INFO Plastic research already complete. Skipping execution.
2025-05-21 01:48:12,443 INFO Plastic research already complete. Skipping execution.
2025-05-21 01:48:12,448 INFO Plastic research already complete. Skipping execution.
2025-05-21 01:48:12,452 INFO Plastic research already complete. Skipping execution.
2025-05-21 01:48:12,456 INFO Plastic research already complete. Skipping execution.
2025-05-21 01:48:12,460 INFO Plastic research already complete. Skipping execution.
2025-05-21 01:48:12,463 INFO Plastic research already complete. Skipping execution.
2025-05-21 01:48:12,467 INFO Plastic research already complete. Skipping execution.
2025-05-21 01:48:12,471 INFO Plastic research already complete. Skipping execution.
2025-05-21 01:48:12,475 INFO Plastic research already complete. Skipping execution.
2025-05-21 01:48:12,479 INFO Plastic research already complete. Skipping execution.
2025-05-21 01:48:12,484 INFO Plastic research already complete. Skipping execution.
2025-05-21 01:48:12,488 INFO Plastic research already complete. Skipping execution.
2025-05-21 01:48:12,491 INFO Plastic research already complete. Skipping execution.
2025-05-21 01:48:12,495 INFO Plastic research already complete. Skipping execution.
2025-05-21 01:48:12,500 INFO Plastic research already complete. Skipping execution.
2025-05-21 01:48:12,504 INFO Plastic research already complete. Skipping execution.
2025-05-21 01:48:12,508 INFO Plastic research already complete. Skipping execution.
2025-05-21 01:48:12,511 INFO Plastic research already complete. Skipping execution.
2025-05-21 01:48:12,515 INFO Plastic research already complete. Skipping execution.
2025-05-21 01:48:12,519 INFO Plastic research already complete. Skipping execution.
2025-05-21 01:48:12,523 INFO Plastic research already complete. Skipping execution.
2025-05-21 01:48:12,526 INFO Plastic research already complete. Skipping execution.
2025-05-21 01:48:12,531 INFO Plastic research already complete. Skipping execution.
2025-05-21 01:48:12,535 INFO Plastic research already complete. Skipping execution.
2025-05-21 01:48:12,539 INFO Plastic research already complete. Skipping execution.
2025-05-21 01:48:12,543 INFO Plastic research already complete. Skipping execution.
2025-05-21 01:48:12,547 INFO Plastic research already complete. Skipping execution.
2025-05-21 01:48:12,552 INFO Plastic research already complete. Skipping execution.
2025-05-21 01:48:12,555 INFO Plastic research already complete. Skipping execution.
2025-05-21 01:48:12,559 INFO Plastic research already complete. Skipping execution.
2025-05-21 01:48:12,563 INFO Plastic research already complete. Skipping execution.
2025-05-21 01:48:12,567 INFO Plastic research already complete. Skipping execution.
2025-05-21 01:48:12,571 INFO Plastic research already complete. Skipping execution.
2025-05-21 01:48:12,575 INFO Plastic research already complete. Skipping execution.
2025-05-21 01:48:12,578 INFO Plastic research already complete. Skipping execution.
2025-05-21 01:48:12,583 INFO Plastic research already complete. Skipping execution.
2025-05-21 01:48:12,587 INFO Plastic research already complete. Skipping execution.
2025-05-21 01:48:12,590 INFO Plastic research already complete. Skipping execution.
2025-05-21 01:48:12,594 INFO Plastic research already complete. Skipping execution.
2025-05-21 01:48:12,602 INFO Plastic research already complete. Skipping execution.
2025-05-21 01:48:12,606 INFO Plastic research already complete. Skipping execution.
2025-05-21 01:48:12,609 INFO Plastic research already complete. Skipping execution.
2025-05-21 01:48:12,614 INFO Plastic research already complete. Skipping execution.
2025-05-21 01:48:12,618 INFO Plastic research already complete. Skipping execution.
2025-05-21 01:48:12,622 INFO Plastic research already complete. Skipping execution.
2025-05-21 01:48:12,626 INFO Plastic research already complete. Skipping execution.
2025-05-21 01:48:12,632 INFO Plastic research already complete. Skipping execution.
2025-05-21 01:48:12,655 INFO Plastic research already complete. Skipping execution.
2025-05-21 01:48:12,676 INFO Plastic research already complete. Skipping execution.
2025-05-21 01:48:12,700 INFO Plastic research already complete. Skipping execution.
2025-05-21 01:48:12,722 INFO Plastic research already complete. Skipping execution.
2025-05-21 01:48:12,726 INFO Plastic research already complete. Skipping execution.
2025-05-21 01:48:12,730 INFO Plastic research already complete. Skipping execution.
2025-05-21 01:48:12,735 INFO Plastic research already complete. Skipping execution.
2025-05-21 01:48:12,738 INFO Plastic research already complete. Skipping execution.
2025-05-21 01:48:12,742 INFO Plastic research already complete. Skipping execution.
2025-05-21 01:48:12,749 INFO Plastic research already complete. Skipping execution.
2025-05-21 01:48:12,753 INFO Plastic research already complete. Skipping execution.
2025-05-21 01:48:12,758 INFO Plastic research already complete. Skipping execution.
2025-05-21 01:48:12,766 INFO Plastic research already complete. Skipping execution.
2025-05-21 01:48:12,774 INFO Plastic research already complete. Skipping execution.
2025-05-21 01:48:12,780 INFO Plastic research already complete. Skipping execution.
2025-05-21 01:48:12,785 INFO Plastic research already complete. Skipping execution.
2025-05-21 01:48:12,789 INFO Plastic research already complete. Skipping execution.
2025-05-21 01:48:12,792 INFO Plastic research already complete. Skipping execution.
2025-05-21 01:48:12,798 INFO Plastic research already complete. Skipping execution.
2025-05-21 01:48:12,801 INFO Plastic research already complete. Skipping execution.
2025-05-21 01:48:12,804 INFO Plastic research already complete. Skipping execution.
2025-05-21 01:48:12,808 INFO Plastic research already complete. Skipping execution.
2025-05-21 01:48:12,812 INFO Plastic research already complete. Skipping execution.
2025-05-21 01:48:12,817 INFO Plastic research already complete. Skipping execution.
2025-05-21 01:48:12,822 INFO Plastic research already complete. Skipping execution.
2025-05-21 01:48:12,826 INFO Plastic research already complete. Skipping execution.
2025-05-21 01:48:12,831 INFO Plastic research already complete. Skipping execution.
2025-05-21 01:48:12,835 INFO Plastic research already complete. Skipping execution.
2025-05-21 01:48:12,839 INFO Plastic research already complete. Skipping execution.
2025-05-21 01:48:12,843 INFO Plastic research already complete. Skipping execution.
2025-05-21 01:48:12,846 INFO Plastic research already complete. Skipping execution.
2025-05-21 01:48:12,850 INFO Plastic research already complete. Skipping execution.
2025-05-21 01:48:12,856 INFO Plastic research already complete. Skipping execution.
2025-05-21 01:48:12,861 INFO Plastic research already complete. Skipping execution.
2025-05-21 01:48:12,867 INFO Plastic research already complete. Skipping execution.
2025-05-21 01:48:12,871 INFO Plastic research already complete. Skipping execution.
2025-05-21 01:48:12,875 INFO Plastic research already complete. Skipping execution.
2025-05-21 01:48:12,880 INFO Plastic research already complete. Skipping execution.
2025-05-21 01:48:12,886 INFO Plastic research already complete. Skipping execution.
2025-05-21 01:48:12,890 INFO Plastic research already complete. Skipping execution.
2025-05-21 01:48:12,894 INFO Plastic research already complete. Skipping execution.
2025-05-21 01:48:12,901 INFO Plastic research already complete. Skipping execution.
2025-05-21 01:48:12,906 INFO Plastic research already complete. Skipping execution.
2025-05-21 01:48:12,910 INFO Plastic research already complete. Skipping execution.
2025-05-21 01:48:12,950 INFO Plastic research already complete. Skipping execution.
2025-05-21 01:48:12,995 INFO Plastic research already complete. Skipping execution.
2025-05-21 01:48:13,001 INFO Plastic research already complete. Skipping execution.
2025-05-21 01:48:13,015 INFO Plastic research already complete. Skipping execution.
2025-05-21 01:48:13,020 INFO Plastic research already complete. Skipping execution.
2025-05-21 01:48:13,025 INFO Plastic research already complete. Skipping execution.
2025-05-21 01:48:13,029 INFO Plastic research already complete. Skipping execution.
2025-05-21 01:48:13,033 INFO Plastic research already complete. Skipping execution.
2025-05-21 01:48:13,040 INFO Plastic research already complete. Skipping execution.
2025-05-21 01:48:13,049 INFO Plastic research already complete. Skipping execution.
2025-05-21 01:48:13,053 INFO Plastic research already complete. Skipping execution.
2025-05-21 01:48:13,057 INFO Plastic research already complete. Skipping execution.
2025-05-21 01:48:13,061 INFO Plastic research already complete. Skipping execution.
2025-05-21 01:48:13,066 INFO Plastic research already complete. Skipping execution.
2025-05-21 01:48:13,070 INFO Plastic research already complete. Skipping execution.
2025-05-21 01:48:13,073 INFO Plastic research already complete. Skipping execution.
2025-05-21 01:48:13,077 INFO Plastic research already complete. Skipping execution.
2025-05-21 01:48:13,083 INFO Plastic research already complete. Skipping execution.
2025-05-21 01:48:13,086 INFO Plastic research already complete. Skipping execution.
2025-05-21 01:48:13,090 INFO Plastic research already complete. Skipping execution.
2025-05-21 01:48:13,093 INFO Plastic research already complete. Skipping execution.
2025-05-21 01:48:13,098 INFO Plastic research already complete. Skipping execution.
2025-05-21 01:48:13,102 INFO Plastic research already complete. Skipping execution.
2025-05-21 01:56:08,749 INFO Creating Sustainability Brand Researcher agent
2025-05-21 01:56:08,755 INFO Creating Plastic analyst agent
2025-05-21 01:56:08,790 INFO id='abb1e73e-2647-488b-a414-abb93c691b48' brand_name='Pagani' plastic_type='PP' location='Munich' brand_results={} plastic_results={} collab_results={} combined_results={} brand_research_needed=False plastic_research_needed=False brand_research_complete=False plastic_research_complete=False brand_saved_to_db=False plastic_saved_to_db=False
2025-05-21 01:56:10,272 INFO Starting BrandAnalystCrew with input: {'brand': 'Pagani', 'location': 'Munich'}
2025-05-21 01:56:10,273 INFO Creating analyze_target_brand task
2025-05-21 01:56:10,278 INFO Crew instance created
2025-05-21 01:56:10,284 INFO Storing Brand Info After research
2025-05-21 01:56:14,700 INFO Crew execution completed with result: brand_id=None name='Pagani' industry='Automotive' main_products=['Luxury Sports Cars'] sustainability_initiatives=[] plastic_materials_used=[] past_collaborations=[] operational_regions=[]
2025-05-21 01:56:14,704 INFO Starting BrandAnalystCrew with input: {'brand': 'Pagani', 'location': 'Munich'}
2025-05-21 01:56:14,704 INFO Crew instance created
2025-05-21 01:56:14,706 INFO Storing Brand Info After research
2025-05-21 01:56:28,622 INFO Crew execution completed with result: brand_id=None name='Pagani' industry=None main_products=[] sustainability_initiatives=['Use of Post-Consumer-Recycled Plastics for products', 'Collaboration for sustainable practices in product lifecycle'] plastic_materials_used=['Post-Consumer-Recycled Plastics', 'Recycled polyethylene'] past_collaborations=['Partnership with Prodir for environmental assessment'] operational_regions=[]
2025-05-21 01:56:28,626 INFO Starting BrandAnalystCrew with input: {'brand': 'Pagani', 'location': 'Munich'}
2025-05-21 01:56:28,626 INFO Crew instance created
2025-05-21 01:56:28,629 INFO Storing Brand Info After research
2025-05-21 02:05:49,921 INFO Creating Sustainability Brand Researcher agent
2025-05-21 02:05:49,929 INFO Creating Plastic analyst agent
2025-05-21 02:05:50,096 INFO id='dd1749b2-317a-460b-acdc-791bfc6a9c28' brand_name='Ford' plastic_type='PET' location='Florida' brand_results={} plastic_results={} collab_results={} combined_results={} brand_research_needed=False plastic_research_needed=False brand_research_complete=False plastic_research_complete=False brand_saved_to_db=False plastic_saved_to_db=False
2025-05-21 02:05:51,678 INFO Starting BrandAnalystCrew with input: {'brand': 'Ford', 'location': 'Florida'}
2025-05-21 02:05:51,679 INFO Creating analyze_target_brand task
2025-05-21 02:05:51,702 INFO Crew instance created
2025-05-21 02:05:51,709 INFO Storing Brand Info After research
2025-05-21 02:12:46,970 INFO Creating Sustainability Brand Researcher agent
2025-05-21 02:12:46,979 INFO Creating Plastic analyst agent
2025-05-21 02:12:47,027 INFO id='12963d92-4026-439b-b694-dfe950e613be' brand_name='Mahinndra' plastic_type='PP' location='Mumbai' brand_results={} plastic_results={} collab_results={} combined_results={} brand_research_needed=False plastic_research_needed=False brand_research_complete=False plastic_research_complete=False brand_saved_to_db=False plastic_saved_to_db=False
2025-05-21 02:12:48,432 INFO Starting BrandAnalystCrew with input: {'brand': 'Mahinndra', 'location': 'Mumbai'}
2025-05-21 02:12:48,432 INFO Creating analyze_target_brand task
2025-05-21 02:12:48,438 INFO Crew instance created
2025-05-21 02:12:54,798 INFO Crew execution completed with result: brand_id='mahindra' name='Mahindra Group' industry='Automotive and Diversified' main_products=['Automobiles', 'Farm Equipment', 'Aerospace', 'IT Services', 'Construction Equipment'] sustainability_initiatives=['Greening operations', 'Decarbonisation efforts', 'Waste minimization and recycling'] plastic_materials_used=['Recycled plastics in vehicles', 'Bio-based seat covers'] past_collaborations=['Collaborations with sustainability organizations for ESG practices'] operational_regions=['India', 'Global markets']
2025-05-21 02:12:54,802 INFO Inside Router after research
2025-05-21 02:12:54,802 INFO Storing Brand Info After research
2025-05-21 02:12:55,007 INFO Starting BrandAnalystCrew with input: {'brand': 'Mahinndra', 'location': 'Mumbai'}
2025-05-21 02:12:55,008 INFO Crew instance created
2025-05-21 02:12:59,858 INFO Crew execution completed with result: brand_id=None name='Mahindra' industry='Automobile and Manufacturing' main_products=['SUVs', 'Tractors', 'Commercial Vehicles', 'Farm Equipment'] sustainability_initiatives=['Greening operations', 'Decarbonisation efforts', 'Waste minimization'] plastic_materials_used=['Recycled plastics in interior parts', 'Bio-based seat covers'] past_collaborations=[] operational_regions=['India', 'Global']
2025-05-21 02:12:59,869 INFO Inside Router after research
2025-05-21 02:12:59,869 INFO Storing Brand Info After research
2025-05-21 02:12:59,982 INFO Starting BrandAnalystCrew with input: {'brand': 'Mahinndra', 'location': 'Mumbai'}
2025-05-21 02:12:59,982 INFO Crew instance created
2025-05-21 02:13:04,606 INFO Crew execution completed with result: brand_id=None name='Mahindra' industry='Automotive and diversified industries' main_products=['Automobiles', 'Farm Equipment', 'Residential Developments', 'IT Services'] sustainability_initiatives=['Making Sustainability Personal (MSP)', 'Greening operations and introducing sustainable alternatives', 'Decarbonisation efforts', 'Water conservation and zero-discharge initiatives', 'Use of recycled plastics in products'] plastic_materials_used=['Recycled plastics', 'Bio-based materials'] past_collaborations=[] operational_regions=['India', 'Global']
2025-05-21 02:13:04,611 INFO Inside Router after research
2025-05-21 02:13:04,611 INFO Storing Brand Info After research
2025-05-21 02:13:04,643 INFO Starting BrandAnalystCrew with input: {'brand': 'Mahinndra', 'location': 'Mumbai'}
2025-05-21 02:13:04,643 INFO Crew instance created
2025-05-21 02:20:10,968 INFO Creating Sustainability Brand Researcher agent
2025-05-21 02:20:10,975 INFO Creating Plastic analyst agent
2025-05-21 02:20:11,011 INFO id='2b6bf4bd-5385-407b-ae71-3ad65baaa2b7' brand_name='Fiat' plastic_type='PP' location='Mumbai' brand_results={} plastic_results={} collab_results={} combined_results={} brand_research_needed=False plastic_research_needed=False brand_research_complete=False plastic_research_complete=False brand_saved_to_db=False plastic_saved_to_db=False
2025-05-21 02:20:12,527 INFO Starting crew kickoff with input: {'brand_data': {'id': 2, 'brand_id': 'af8f695c-6143-5188-9a47-446940354905', 'name': 'Pagani', 'industry': 'Automotive', 'main_products': ['Luxury Sports Cars'], 'sustainability_initiatives': [], 'plastic_materials_used': [], 'past_collaborations': [], 'operational_regions': [], 'created_at': '2025-05-20T23:56:14.752399', 'similarity_score': 0.8013898134231567}, 'plastic_data': {'id': 7, 'plastic_id': '6ac87e67-8a1c-5ac4-9ac4-2a646a398217', 'type': 'Polypropylene', 'properties': ['Versatile and durable', 'Lightweight with high chemical resistance', 'Good fatigue resistance', 'Thermal plastic that can withstand high temperatures'], 'applications': ['Packaging materials, such as containers and films', 'Automotive parts', 'Textiles, including carpets and upholstery', 'Medical supplies, like syringes and containers'], 'environmental_impact': 'PP is not biodegradable and poses pollution potential; however, it can be recycled, reducing landfill contributions. Its recycling process generates fewer waste products and emits fewer greenhouse gases than virgin PP production.', 'recycling_potential': 'PP is recyclable, but its recycling rate is low (approximately 3%). The recycling process involves separation, cleaning, melting, and granulating. Challenges in mechanical recycling can lead to loss of material integrity.', 'regional_relevance': None, 'created_at': '2025-05-20T22:31:59.336890', 'similarity_score': 0.8116981685161591}}
2025-05-21 02:20:12,549 INFO Crew instance created
2025-05-21 02:20:29,602 INFO Crew execution completed with result: input_summary={'brand': 'Unspecified Brand from Brand Data', 'plastic': 'Recyclable Plastic with High Durability'} top_collaborating_brands=[CollaborationRecommendation(name='Allbirds', industry='Footwear', rationale='Allbirds uses eco-friendly materials and has a strong mission towards sustainability, making them a potential match for plastic data focused on recyclable materials.', product_concept='A line of shoes that uses recycled materials in place of traditional plastics, highlighting the environmental benefits.'), CollaborationRecommendation(name='Patagonia', industry='Outdoor Apparel', rationale='Patagonia prioritizes sustainability in their production processes and materials, aligning closely with sustainable plastic initiatives.', product_concept='A collaborative outdoor line that incorporates recycled plastics into weather-resistant jackets.'), CollaborationRecommendation(name='TOMS', industry='Footwear and Accessories', rationale='TOMS has a social mission with commitment to using sustainable resources and could leverage recyclable plastics in their products.', product_concept='Shoes featuring recycled plastics with a strong message of environmental awareness.'), CollaborationRecommendation(name='Seventh Generation', industry='Household Products', rationale='Focus on sustainability and non-toxic products aligns well; potential use of sustainable plastics in packaging.', product_concept='Household cleaning solutions delivered in eco-friendly, recyclable packaging.'), CollaborationRecommendation(name='Ecover', industry='Cleaning Products', rationale='Ecover commits to using sustainable materials and could incorporate recyclable plastics in its packaging.', product_concept='Innovative cleaning products packaged in materials made from recycled plastics.')]
2025-05-21 02:24:13,731 INFO Creating Sustainability Brand Researcher agent
2025-05-21 02:24:13,737 INFO Creating Plastic analyst agent
2025-05-21 02:24:13,771 INFO id='133897e7-54c9-416c-85aa-0f589d8016ca' brand_name='Fiat' plastic_type='PP' location='Mumbai' brand_results={} plastic_results={} collab_results={} combined_results={} brand_research_needed=False plastic_research_needed=False brand_research_complete=False plastic_research_complete=False brand_saved_to_db=False plastic_saved_to_db=False
2025-05-21 02:24:15,302 INFO Starting BrandAnalystCrew with input: {'brand': 'Fiat', 'location': 'Mumbai'}
2025-05-21 02:24:15,302 INFO Creating analyze_target_brand task
2025-05-21 02:24:15,308 INFO Crew instance created
2025-05-21 02:24:39,259 INFO Crew execution completed with result: brand_id=None name='EcoPack' industry=None main_products=['Biodegradable Packaging', 'Compostable Bags'] sustainability_initiatives=['Planting trees for every order', 'Using renewable energy', 'Reducing plastic waste'] plastic_materials_used=['PLA', 'PHA'] past_collaborations=['GreenEco', 'SustainPack'] operational_regions=['North America', 'Europe']
2025-05-21 02:24:39,264 INFO Inside Router after research: {'brand_id': None, 'name': 'EcoPack', 'industry': None, 'main_products': ['Biodegradable Packaging', 'Compostable Bags'], 'sustainability_initiatives': ['Planting trees for every order', 'Using renewable energy', 'Reducing plastic waste'], 'plastic_materials_used': ['PLA', 'PHA'], 'past_collaborations': ['GreenEco', 'SustainPack'], 'operational_regions': ['North America', 'Europe']}
2025-05-21 02:24:39,265 INFO Storing Brand Info After research: {'brand_id': None, 'name': 'EcoPack', 'industry': None, 'main_products': ['Biodegradable Packaging', 'Compostable Bags'], 'sustainability_initiatives': ['Planting trees for every order', 'Using renewable energy', 'Reducing plastic waste'], 'plastic_materials_used': ['PLA', 'PHA'], 'past_collaborations': ['GreenEco', 'SustainPack'], 'operational_regions': ['North America', 'Europe']}
2025-05-21 02:24:39,424 ERROR Error saving brand to DB: object str can't be used in 'await' expression
2025-05-21 02:24:39,428 INFO Starting BrandAnalystCrew with input: {'brand': 'Fiat', 'location': 'Mumbai'}
2025-05-21 02:24:39,429 INFO Crew instance created
2025-05-21 02:24:45,989 INFO Crew execution completed with result: brand_id='Fiat' name='Fiat' industry='Automotive' main_products=['Passenger cars', 'Electric vehicles', 'Commercial vehicles'] sustainability_initiatives=['Commitment to carbon neutrality by 2038', 'Focus on recycling materials', 'Sustainable manufacturing processes'] plastic_materials_used=['Recycled plastics in vehicle manufacturing', 'Plastic waste reduction initiatives'] past_collaborations=['Partnerships with environmental organizations for waste reduction', 'Engagement in collective industry efforts to tackle pollution'] operational_regions=['Europe', 'North America', 'South America']
2025-05-21 02:24:45,993 INFO Inside Router after research: {'brand_id': 'Fiat', 'name': 'Fiat', 'industry': 'Automotive', 'main_products': ['Passenger cars', 'Electric vehicles', 'Commercial vehicles'], 'sustainability_initiatives': ['Commitment to carbon neutrality by 2038', 'Focus on recycling materials', 'Sustainable manufacturing processes'], 'plastic_materials_used': ['Recycled plastics in vehicle manufacturing', 'Plastic waste reduction initiatives'], 'past_collaborations': ['Partnerships with environmental organizations for waste reduction', 'Engagement in collective industry efforts to tackle pollution'], 'operational_regions': ['Europe', 'North America', 'South America']}
2025-05-21 02:24:45,994 INFO Storing Brand Info After research: {'brand_id': 'Fiat', 'name': 'Fiat', 'industry': 'Automotive', 'main_products': ['Passenger cars', 'Electric vehicles', 'Commercial vehicles'], 'sustainability_initiatives': ['Commitment to carbon neutrality by 2038', 'Focus on recycling materials', 'Sustainable manufacturing processes'], 'plastic_materials_used': ['Recycled plastics in vehicle manufacturing', 'Plastic waste reduction initiatives'], 'past_collaborations': ['Partnerships with environmental organizations for waste reduction', 'Engagement in collective industry efforts to tackle pollution'], 'operational_regions': ['Europe', 'North America', 'South America']}
2025-05-21 02:24:46,102 ERROR Error saving brand to DB: object NoneType can't be used in 'await' expression
2025-05-21 02:24:46,106 INFO Starting BrandAnalystCrew with input: {'brand': 'Fiat', 'location': 'Mumbai'}
2025-05-21 02:24:46,106 INFO Crew instance created
2025-05-21 13:06:37,818 INFO Creating Sustainability Brand Researcher agent
2025-05-21 13:06:37,824 INFO Creating Plastic analyst agent
2025-05-21 13:06:37,868 INFO id='9648c64f-a396-46c4-8cb3-1e8db754f9b3' brand_name='BMW' plastic_type='PP' location='Munich' brand_results={} plastic_results={} collab_results={} combined_results={} brand_research_needed=False plastic_research_needed=False brand_research_complete=False plastic_research_complete=False brand_saved_to_db=False plastic_saved_to_db=False
2025-05-21 13:06:39,755 INFO Starting BrandAnalystCrew with input: {'brand': 'BMW', 'location': 'Munich'}
2025-05-21 13:06:39,756 INFO Creating analyze_target_brand task
2025-05-21 13:06:39,770 INFO Crew instance created
2025-05-21 13:06:50,702 INFO Crew execution completed with result: brand_id=None name='BMW' industry='Automotive' main_products=['Luxury Vehicles', 'Electric Vehicles', 'Motorcycles'] sustainability_initiatives=['Using ocean plastics for vehicle trim components', 'Aiming for 100% recyclable vehicles by 2030', 'Increasing recycled materials in production to 40% by 2030', 'CO2 emissions reduction projects', 'Sustainable logistics to minimize plastic waste'] plastic_materials_used=['Ocean plastics', 'Thermoplastics with recycled content'] past_collaborations=[] operational_regions=['Germany', 'China', 'United States', 'Europe']
2025-05-21 13:06:50,715 INFO Inside Router after research: {'brand_id': None, 'name': 'BMW', 'industry': 'Automotive', 'main_products': ['Luxury Vehicles', 'Electric Vehicles', 'Motorcycles'], 'sustainability_initiatives': ['Using ocean plastics for vehicle trim components', 'Aiming for 100% recyclable vehicles by 2030', 'Increasing recycled materials in production to 40% by 2030', 'CO2 emissions reduction projects', 'Sustainable logistics to minimize plastic waste'], 'plastic_materials_used': ['Ocean plastics', 'Thermoplastics with recycled content'], 'past_collaborations': [], 'operational_regions': ['Germany', 'China', 'United States', 'Europe']}
2025-05-21 13:06:50,716 INFO Storing Brand Info After research: {'brand_id': None, 'name': 'BMW', 'industry': 'Automotive', 'main_products': ['Luxury Vehicles', 'Electric Vehicles', 'Motorcycles'], 'sustainability_initiatives': ['Using ocean plastics for vehicle trim components', 'Aiming for 100% recyclable vehicles by 2030', 'Increasing recycled materials in production to 40% by 2030', 'CO2 emissions reduction projects', 'Sustainable logistics to minimize plastic waste'], 'plastic_materials_used': ['Ocean plastics', 'Thermoplastics with recycled content'], 'past_collaborations': [], 'operational_regions': ['Germany', 'China', 'United States', 'Europe']}
2025-05-21 13:06:51,312 ERROR Error saving brand to DB: object str can't be used in 'await' expression
2025-05-21 13:06:51,317 INFO Starting BrandAnalystCrew with input: {'brand': 'BMW', 'location': 'Munich'}
2025-05-21 13:06:51,318 INFO Crew instance created
2025-05-21 13:07:01,373 INFO Crew execution completed with result: brand_id=None name='BMW' industry='Automobile' main_products=['Luxury Vehicles', 'Electric Vehicles'] sustainability_initiatives=['Reduction of CO2 emissions by 25 percent compared to conventional manufacturing.', 'Utilization of ocean plastics in floor mats for BMW iX and other vehicles.', 'Target to use thermoplastics made from 40% recycled materials by 2030.', 'Focus on circular economy and promoting recyclable materials in production.'] plastic_materials_used=['Ocean plastics', 'Thermoplastics made from recycled materials'] past_collaborations=[] operational_regions=['Global', 'North America', 'Europe', 'Asia']
2025-05-21 13:07:01,378 INFO Inside Router after research: {'brand_id': None, 'name': 'BMW', 'industry': 'Automobile', 'main_products': ['Luxury Vehicles', 'Electric Vehicles'], 'sustainability_initiatives': ['Reduction of CO2 emissions by 25 percent compared to conventional manufacturing.', 'Utilization of ocean plastics in floor mats for BMW iX and other vehicles.', 'Target to use thermoplastics made from 40% recycled materials by 2030.', 'Focus on circular economy and promoting recyclable materials in production.'], 'plastic_materials_used': ['Ocean plastics', 'Thermoplastics made from recycled materials'], 'past_collaborations': [], 'operational_regions': ['Global', 'North America', 'Europe', 'Asia']}
2025-05-21 13:07:01,379 INFO Storing Brand Info After research: {'brand_id': None, 'name': 'BMW', 'industry': 'Automobile', 'main_products': ['Luxury Vehicles', 'Electric Vehicles'], 'sustainability_initiatives': ['Reduction of CO2 emissions by 25 percent compared to conventional manufacturing.', 'Utilization of ocean plastics in floor mats for BMW iX and other vehicles.', 'Target to use thermoplastics made from 40% recycled materials by 2030.', 'Focus on circular economy and promoting recyclable materials in production.'], 'plastic_materials_used': ['Ocean plastics', 'Thermoplastics made from recycled materials'], 'past_collaborations': [], 'operational_regions': ['Global', 'North America', 'Europe', 'Asia']}
2025-05-21 13:07:01,625 ERROR Error saving brand to DB: object str can't be used in 'await' expression
2025-05-21 13:07:01,629 INFO Starting BrandAnalystCrew with input: {'brand': 'BMW', 'location': 'Munich'}
2025-05-21 13:07:01,630 INFO Crew instance created
2025-05-21 13:32:22,851 INFO Creating Sustainability Brand Researcher agent
2025-05-21 13:32:22,857 INFO Creating Plastic analyst agent
2025-05-21 13:32:22,890 INFO id='26afcfe0-6cdb-401b-a6d3-9ba9517650b4' brand_name='BMW' plastic_type='PP' location='Munich' brand_results={} plastic_results={} collab_results={} combined_results={} brand_research_needed=False plastic_research_needed=False brand_research_complete=False plastic_research_complete=False brand_saved_to_db=False plastic_saved_to_db=False
2025-05-21 13:32:29,961 INFO Starting crew kickoff with input: {'brand_data': {'id': 3, 'brand_id': '3208ed61-6a18-539c-9e35-ed27cfe1d9d7', 'name': 'BMW', 'industry': 'Automotive', 'main_products': ['Luxury Vehicles', 'Electric Vehicles', 'Motorcycles'], 'sustainability_initiatives': ['Using ocean plastics for vehicle trim components', 'Aiming for 100% recyclable vehicles by 2030', 'Increasing recycled materials in production to 40% by 2030', 'CO2 emissions reduction projects', 'Sustainable logistics to minimize plastic waste'], 'plastic_materials_used': ['Ocean plastics', 'Thermoplastics with recycled content'], 'past_collaborations': [], 'operational_regions': ['Germany', 'China', 'United States', 'Europe'], 'created_at': '2025-05-21T11:06:50.870314', 'similarity_score': 0.8456289768218994}, 'plastic_data': {'id': 7, 'plastic_id': '6ac87e67-8a1c-5ac4-9ac4-2a646a398217', 'type': 'Polypropylene', 'properties': ['Versatile and durable', 'Lightweight with high chemical resistance', 'Good fatigue resistance', 'Thermal plastic that can withstand high temperatures'], 'applications': ['Packaging materials, such as containers and films', 'Automotive parts', 'Textiles, including carpets and upholstery', 'Medical supplies, like syringes and containers'], 'environmental_impact': 'PP is not biodegradable and poses pollution potential; however, it can be recycled, reducing landfill contributions. Its recycling process generates fewer waste products and emits fewer greenhouse gases than virgin PP production.', 'recycling_potential': 'PP is recyclable, but its recycling rate is low (approximately 3%). The recycling process involves separation, cleaning, melting, and granulating. Challenges in mechanical recycling can lead to loss of material integrity.', 'regional_relevance': None, 'created_at': '2025-05-20T22:31:59.336890', 'similarity_score': 0.8116981685161591}}
2025-05-21 13:32:29,974 INFO Crew instance created
2025-05-21 13:32:39,573 INFO Crew execution completed with result: input_summary={'brand': "Reformation: Sustainable Women's Clothing", 'plastic': 'Type of plastic yet to be specified; key property is recyclability.'} top_collaborating_brands=[CollaborationRecommendation(name='Outerknown', industry='Sustainable Fashion', rationale="Outerknown prioritizes sustainable materials and practices, making them a natural ally for Reformation's eco-friendly ethos.", product_concept='Create a limited edition line featuring clothing made from recycled plastics.'), CollaborationRecommendation(name='Pact', industry='Organic Apparel', rationale='Pact specializes in organic cotton clothing and shares a commitment to sustainability, making them a good partner for enhancing product lines that emphasize eco-conscious materials.', product_concept='Collaborate on a capsule collection of everyday essentials using recycled plastic fibers blended with organic cotton.'), CollaborationRecommendation(name='Girlfriend Collective', industry='Activewear', rationale="Girlfriend Collective manufactures activewear from recycled materials, aligning perfectly with Reformation's vision of responsible fashion.", product_concept="Launch a range of activewear that incorporates Reformation's sustainable practices and fabric innovations."), CollaborationRecommendation(name='Stella McCartney', industry='Luxury Fashion', rationale="Stella McCartney is known for high-fashion sustainability and might complement Reformation's offerings, appealing to a similar demographic focused on luxury and responsibility.", product_concept='Introduce a co-branded luxury line of evening wear made from sustainable fabrics including recycled plastics.'), CollaborationRecommendation(name='Eileen Fisher', industry="Women's Clothing", rationale='Eileen Fisher has a long-standing commitment to sustainability and ethical production, making them a strong match for cross-brand initiatives.', product_concept="Develop a signature collection highlighting both brands' commitment to circular fashion, focusing on reusability and recycling.")]
2025-05-21 13:44:48,646 INFO Creating Sustainability Brand Researcher agent
2025-05-21 13:44:48,653 INFO Creating Plastic analyst agent
2025-05-21 13:44:48,687 INFO id='906a3256-523f-40f7-9e03-42b1bcf813a9' brand_name='BMW' plastic_type='PP' location='Munich' brand_results={} plastic_results={} collab_results={} combined_results={} brand_research_needed=False plastic_research_needed=False brand_research_complete=False plastic_research_complete=False brand_saved_to_db=False plastic_saved_to_db=False
2025-05-21 13:44:55,628 INFO Starting crew kickoff with input: {'brand_data': {'id': 3, 'brand_id': '3208ed61-6a18-539c-9e35-ed27cfe1d9d7', 'name': 'BMW', 'industry': 'Automotive', 'main_products': ['Luxury Vehicles', 'Electric Vehicles', 'Motorcycles'], 'sustainability_initiatives': ['Using ocean plastics for vehicle trim components', 'Aiming for 100% recyclable vehicles by 2030', 'Increasing recycled materials in production to 40% by 2030', 'CO2 emissions reduction projects', 'Sustainable logistics to minimize plastic waste'], 'plastic_materials_used': ['Ocean plastics', 'Thermoplastics with recycled content'], 'past_collaborations': [], 'operational_regions': ['Germany', 'China', 'United States', 'Europe'], 'created_at': '2025-05-21T11:06:50.870314', 'similarity_score': 0.8456289768218994}, 'plastic_data': {'id': 7, 'plastic_id': '6ac87e67-8a1c-5ac4-9ac4-2a646a398217', 'type': 'Polypropylene', 'properties': ['Versatile and durable', 'Lightweight with high chemical resistance', 'Good fatigue resistance', 'Thermal plastic that can withstand high temperatures'], 'applications': ['Packaging materials, such as containers and films', 'Automotive parts', 'Textiles, including carpets and upholstery', 'Medical supplies, like syringes and containers'], 'environmental_impact': 'PP is not biodegradable and poses pollution potential; however, it can be recycled, reducing landfill contributions. Its recycling process generates fewer waste products and emits fewer greenhouse gases than virgin PP production.', 'recycling_potential': 'PP is recyclable, but its recycling rate is low (approximately 3%). The recycling process involves separation, cleaning, melting, and granulating. Challenges in mechanical recycling can lead to loss of material integrity.', 'regional_relevance': None, 'created_at': '2025-05-20T22:31:59.336890', 'similarity_score': 0.8116981685161591}}
2025-05-21 13:44:55,633 INFO Crew instance created
2025-05-21 13:45:10,682 INFO Crew execution completed with result: input_summary={'brand': 'Sustainable Brands and Consumer Goods', 'plastic': 'Plastic Types for Eco-Friendly Products'} top_collaborating_brands=[CollaborationRecommendation(name='Patagonia', industry='Outdoor Apparel', rationale='Patagonia is widely recognized for its commitment to sustainability, using recycled materials and advocating for environmental changes. They could utilize the specific plastic type in new sustainable outdoor gear.', product_concept='Co-branded line of outdoor gear made from innovative recycled plastics, promoting sustainability in outdoor activities.'), CollaborationRecommendation(name='IKEA', industry='Furniture and Home Goods', rationale="IKEA's focus on sustainability and circularity aligns with creating eco-friendly home products. Collaborating on sustainable home goods could maximize the utilization of the plastic type.", product_concept='A range of eco-friendly storage solutions that incorporate recycled plastics for sustainable living practices.'), CollaborationRecommendation(name='Method', industry='Personal Care and Cleaning Products', rationale='Method emphasizes using naturally derived materials and has a strong focus on sustainability. Incorporating innovative plastics in their packaging can enhance their eco-friendly profile.', product_concept='New line of cleaning products with packaging made from sustainable plastics, emphasizing reduced environmental impact.'), CollaborationRecommendation(name='Toms', industry='Footwear', rationale='Toms is dedicated to social responsibility and has begun integrating sustainable practices in their products. They can explore ways to use recycled plastics in their footwear manufacturing.', product_concept='A line of footwear made from recycled plastic materials, further promoting sustainability in fashion.'), CollaborationRecommendation(name='Allbirds', industry='Footwear', rationale='Allbirds is known for its sustainable practices in the footwear industry. They can effectively leverage sustainable plastics in their product lines to enhance eco-friendliness.', product_concept='Footwear using innovative recycled plastic blends, targeting a market of eco-conscious consumers.')]
2025-05-21 13:45:55,027 INFO Creating Sustainability Brand Researcher agent
2025-05-21 13:45:55,033 INFO Creating Plastic analyst agent
2025-05-21 13:45:55,064 INFO id='926ac6b9-2e73-424a-b30b-0ee814c40ff0' brand_name='BMW' plastic_type='PP' location='Munich' brand_results={} plastic_results={} collab_results={} combined_results={} brand_research_needed=False plastic_research_needed=False brand_research_complete=False plastic_research_complete=False brand_saved_to_db=False plastic_saved_to_db=False
2025-05-21 13:46:00,574 INFO Starting crew kickoff with input: {'brand_data': {'id': 3, 'brand_id': '3208ed61-6a18-539c-9e35-ed27cfe1d9d7', 'name': 'BMW', 'industry': 'Automotive', 'main_products': ['Luxury Vehicles', 'Electric Vehicles', 'Motorcycles'], 'sustainability_initiatives': ['Using ocean plastics for vehicle trim components', 'Aiming for 100% recyclable vehicles by 2030', 'Increasing recycled materials in production to 40% by 2030', 'CO2 emissions reduction projects', 'Sustainable logistics to minimize plastic waste'], 'plastic_materials_used': ['Ocean plastics', 'Thermoplastics with recycled content'], 'past_collaborations': [], 'operational_regions': ['Germany', 'China', 'United States', 'Europe'], 'created_at': '2025-05-21T11:06:50.870314', 'similarity_score': 0.8456289768218994}, 'plastic_data': {'id': 7, 'plastic_id': '6ac87e67-8a1c-5ac4-9ac4-2a646a398217', 'type': 'Polypropylene', 'properties': ['Versatile and durable', 'Lightweight with high chemical resistance', 'Good fatigue resistance', 'Thermal plastic that can withstand high temperatures'], 'applications': ['Packaging materials, such as containers and films', 'Automotive parts', 'Textiles, including carpets and upholstery', 'Medical supplies, like syringes and containers'], 'environmental_impact': 'PP is not biodegradable and poses pollution potential; however, it can be recycled, reducing landfill contributions. Its recycling process generates fewer waste products and emits fewer greenhouse gases than virgin PP production.', 'recycling_potential': 'PP is recyclable, but its recycling rate is low (approximately 3%). The recycling process involves separation, cleaning, melting, and granulating. Challenges in mechanical recycling can lead to loss of material integrity.', 'regional_relevance': None, 'created_at': '2025-05-20T22:31:59.336890', 'similarity_score': 0.8116981685161591}}
2025-05-21 13:46:00,577 INFO Crew instance created
2025-05-21 13:46:14,111 INFO Crew execution completed with result: input_summary={'brand': 'Eco-friendly Footwear Co. - Fashion', 'plastic': 'PET - Highly recyclable and durable'} top_collaborating_brands=[CollaborationRecommendation(name='EcoEnclose', industry='Sustainable Packaging', rationale='EcoEnclose specializes in packaging solutions using recyclable materials, making them a complementary partner for Eco-friendly Footwear Co. in creating sustainable packaging for their products.', product_concept='Collaborate to create shoe boxes made from recycled PET which enhance brand sustainability appeal.'), CollaborationRecommendation(name='Better Packaging Co.', industry='Sustainable Packaging', rationale="This company focuses on reducing environmental footprints through innovative packaging solutions, supporting Eco-friendly Footwear Co.'s mission to utilize recycled materials.", product_concept='Develop eco-friendly packaging bags for shipping footwear using biodegradable or recyclable materials.'), CollaborationRecommendation(name='Allbirds', industry='Sustainable Apparel', rationale='Allbirds is known for its commitment to sustainability and uses materials like recycled plastics, aligning closely with the values of Eco-friendly Footwear Co.', product_concept="Co-create a shoe line that emphasizes both brands' commitment to sustainability using recycled PET in both footwear and packaging."), CollaborationRecommendation(name='Reformation', industry='Sustainable Fashion', rationale='This brand similarly aims to create a positive impact on the environment through eco-friendly practices, making them a potential strong ally.', product_concept='Launch a limited-edition footwear line utilizing recycled PET and collaborative eco-friendly packaging.'), CollaborationRecommendation(name='A Good Company', industry='Eco-Friendly Consumer Products', rationale="They produce eco-conscious products and packaging, suggesting that their philosophies align well with Eco-friendly Footwear Co.'s sustainability goals.", product_concept='Create a bundled product set featuring footwear and eco-friendly accessories with sustainable packaging solutions.')]
2025-05-21 13:46:49,086 INFO Creating Sustainability Brand Researcher agent
2025-05-21 13:46:49,091 INFO Creating Plastic analyst agent
2025-05-21 13:46:49,121 INFO id='d2ca0c3d-e1c0-4c6f-bb42-1b8d8e150f50' brand_name='BMW' plastic_type='PET' location='Munich' brand_results={} plastic_results={} collab_results={} combined_results={} brand_research_needed=False plastic_research_needed=False brand_research_complete=False plastic_research_complete=False brand_saved_to_db=False plastic_saved_to_db=False
2025-05-21 13:46:54,288 INFO Inside Router after plastic research: {'id': 1, 'plastic_id': '92b13219-ad21-5c9d-8b46-7878ea9e326f', 'type': 'Polypropylene (PP)', 'properties': ['High tensile strength', 'Chemical resistance', 'Lightweight', 'Thermal stability', 'Versatile usage'], 'applications': ['Packaging materials', 'Textiles', 'Automotive parts', 'Consumer products', 'Containers and household goods'], 'environmental_impact': 'PP is not biodegradable and can contribute to pollution but is fully recyclable. Its recycling rate is low, at about 3%, which limits its sustainability potential despite being less impactful than other plastics.', 'recycling_potential': 'Polypropylene is highly recyclable, though the process can be challenging due to its sensitivity to heat. Recycling methods typically include separation, cleaning, melting, and granulating.', 'regional_relevance': None, 'created_at': '2025-05-20T14:08:59.672627', 'similarity_score': 0.7237504422664642}
2025-05-21 13:46:54,288 INFO Storing Plastic Info After research: {'id': 1, 'plastic_id': '92b13219-ad21-5c9d-8b46-7878ea9e326f', 'type': 'Polypropylene (PP)', 'properties': ['High tensile strength', 'Chemical resistance', 'Lightweight', 'Thermal stability', 'Versatile usage'], 'applications': ['Packaging materials', 'Textiles', 'Automotive parts', 'Consumer products', 'Containers and household goods'], 'environmental_impact': 'PP is not biodegradable and can contribute to pollution but is fully recyclable. Its recycling rate is low, at about 3%, which limits its sustainability potential despite being less impactful than other plastics.', 'recycling_potential': 'Polypropylene is highly recyclable, though the process can be challenging due to its sensitivity to heat. Recycling methods typically include separation, cleaning, melting, and granulating.', 'regional_relevance': None, 'created_at': '2025-05-20T14:08:59.672627', 'similarity_score': 0.7237504422664642}
2025-05-21 13:46:54,295 INFO Starting crew kickoff with input: {'plastic_type': 'PET', 'location': 'Munich'}
2025-05-21 13:46:54,295 INFO Creating analyze plastic material task
2025-05-21 13:46:54,297 INFO Crew instance created
2025-05-21 13:47:02,184 INFO Crew execution completed with result: plastic_id='PET' type='Polyethylene Terephthalate (PET)' properties=['High strength and lightweight', 'Excellent barrier properties against moisture and gases', 'Thermal stability and chemical resistance', 'Good transparency and gloss'] applications=['Beverage bottles', 'Food containers', 'Textiles (fiber production)', 'Thermoformed packaging', '3D printing filament'] environmental_impact='PET is not biodegradable and can persist in the environment, contributing to pollution. Its production and disposal can lead to toxic chemical release, affecting water and air quality.' recycling_potential='PET is highly recyclable, with a recycling rate of around 14%. It undergoes mechanical recycling or chemical processes to produce high-quality recycled PET, significantly reducing the need for new PET production and associated carbon emissions.' regional_relevance=None
2025-05-21 13:47:02,372 INFO Inside Router after plastic research: plastic_id='PET' type='Polyethylene Terephthalate (PET)' properties=['High strength and lightweight', 'Excellent barrier properties against moisture and gases', 'Thermal stability and chemical resistance', 'Good transparency and gloss'] applications=['Beverage bottles', 'Food containers', 'Textiles (fiber production)', 'Thermoformed packaging', '3D printing filament'] environmental_impact='PET is not biodegradable and can persist in the environment, contributing to pollution. Its production and disposal can lead to toxic chemical release, affecting water and air quality.' recycling_potential='PET is highly recyclable, with a recycling rate of around 14%. It undergoes mechanical recycling or chemical processes to produce high-quality recycled PET, significantly reducing the need for new PET production and associated carbon emissions.' regional_relevance=None
2025-05-21 13:47:02,372 INFO Storing Plastic Info After research: plastic_id='PET' type='Polyethylene Terephthalate (PET)' properties=['High strength and lightweight', 'Excellent barrier properties against moisture and gases', 'Thermal stability and chemical resistance', 'Good transparency and gloss'] applications=['Beverage bottles', 'Food containers', 'Textiles (fiber production)', 'Thermoformed packaging', '3D printing filament'] environmental_impact='PET is not biodegradable and can persist in the environment, contributing to pollution. Its production and disposal can lead to toxic chemical release, affecting water and air quality.' recycling_potential='PET is highly recyclable, with a recycling rate of around 14%. It undergoes mechanical recycling or chemical processes to produce high-quality recycled PET, significantly reducing the need for new PET production and associated carbon emissions.' regional_relevance=None
2025-05-21 13:47:02,377 INFO Starting crew kickoff with input: {'plastic_type': 'PET', 'location': 'Munich'}
2025-05-21 13:47:02,377 INFO Crew instance created
2025-05-21 13:47:07,860 INFO Crew execution completed with result: plastic_id=None type='Polyethylene Terephthalate (PET)' properties=['Thermoplastic polymer', 'High strength-to-weight ratio', 'Good chemical resistance', 'Recyclable', 'Transparent and lightweight', 'Stable chemical structure'] applications=['Beverage bottles', 'Food containers', 'Textiles (like polyester)', 'Thermal insulation materials', 'Medical devices', 'Packaging materials'] environmental_impact='PET is not biodegradable and can persist in the environment for hundreds of years. Its production and disposal can lead to ocean pollution and harmful effects on marine life. However, recycled PET has a significantly lower environmental impact compared to virgin materials.' recycling_potential='PET is one of the most widely recycled plastics, with mechanical and chemical recycling processes available. Approximately 14% of PET waste is currently recycled; new technologies are improving recycling rates and product quality.' regional_relevance=None
2025-05-21 13:47:08,041 INFO Inside Router after plastic research: plastic_id=None type='Polyethylene Terephthalate (PET)' properties=['Thermoplastic polymer', 'High strength-to-weight ratio', 'Good chemical resistance', 'Recyclable', 'Transparent and lightweight', 'Stable chemical structure'] applications=['Beverage bottles', 'Food containers', 'Textiles (like polyester)', 'Thermal insulation materials', 'Medical devices', 'Packaging materials'] environmental_impact='PET is not biodegradable and can persist in the environment for hundreds of years. Its production and disposal can lead to ocean pollution and harmful effects on marine life. However, recycled PET has a significantly lower environmental impact compared to virgin materials.' recycling_potential='PET is one of the most widely recycled plastics, with mechanical and chemical recycling processes available. Approximately 14% of PET waste is currently recycled; new technologies are improving recycling rates and product quality.' regional_relevance=None
2025-05-21 13:47:08,041 INFO Storing Plastic Info After research: plastic_id=None type='Polyethylene Terephthalate (PET)' properties=['Thermoplastic polymer', 'High strength-to-weight ratio', 'Good chemical resistance', 'Recyclable', 'Transparent and lightweight', 'Stable chemical structure'] applications=['Beverage bottles', 'Food containers', 'Textiles (like polyester)', 'Thermal insulation materials', 'Medical devices', 'Packaging materials'] environmental_impact='PET is not biodegradable and can persist in the environment for hundreds of years. Its production and disposal can lead to ocean pollution and harmful effects on marine life. However, recycled PET has a significantly lower environmental impact compared to virgin materials.' recycling_potential='PET is one of the most widely recycled plastics, with mechanical and chemical recycling processes available. Approximately 14% of PET waste is currently recycled; new technologies are improving recycling rates and product quality.' regional_relevance=None
2025-05-21 13:47:08,046 INFO Starting crew kickoff with input: {'plastic_type': 'PET', 'location': 'Munich'}
2025-05-21 13:47:08,046 INFO Crew instance created
2025-05-21 13:47:13,884 INFO Crew execution completed with result: plastic_id='PET' type='Polyethylene Terephthalate (PET)' properties=['Stable chemical structure', 'Good strength and stability', 'Excellent clarity and gloss', 'Resistant to moisture and chemicals', 'High tensile strength'] applications=['Drink bottles', 'Food containers', 'Textile fibers', 'Packaging materials', 'Cosmetic containers'] environmental_impact='PET is not readily biodegradable and can contribute to environmental pollution. However, recycling PET significantly lowers its environmental impact, reducing greenhouse gas emissions by up to 90% compared to virgin PET.' recycling_potential='PET is highly recyclable with mechanical and chemical methods available. It can be recycled into its original form or into new products, with notable advancements improving recycling efficiency.' regional_relevance=None
2025-05-21 13:47:14,041 INFO Inside Router after plastic research: plastic_id='PET' type='Polyethylene Terephthalate (PET)' properties=['Stable chemical structure', 'Good strength and stability', 'Excellent clarity and gloss', 'Resistant to moisture and chemicals', 'High tensile strength'] applications=['Drink bottles', 'Food containers', 'Textile fibers', 'Packaging materials', 'Cosmetic containers'] environmental_impact='PET is not readily biodegradable and can contribute to environmental pollution. However, recycling PET significantly lowers its environmental impact, reducing greenhouse gas emissions by up to 90% compared to virgin PET.' recycling_potential='PET is highly recyclable with mechanical and chemical methods available. It can be recycled into its original form or into new products, with notable advancements improving recycling efficiency.' regional_relevance=None
2025-05-21 13:47:14,041 INFO Storing Plastic Info After research: plastic_id='PET' type='Polyethylene Terephthalate (PET)' properties=['Stable chemical structure', 'Good strength and stability', 'Excellent clarity and gloss', 'Resistant to moisture and chemicals', 'High tensile strength'] applications=['Drink bottles', 'Food containers', 'Textile fibers', 'Packaging materials', 'Cosmetic containers'] environmental_impact='PET is not readily biodegradable and can contribute to environmental pollution. However, recycling PET significantly lowers its environmental impact, reducing greenhouse gas emissions by up to 90% compared to virgin PET.' recycling_potential='PET is highly recyclable with mechanical and chemical methods available. It can be recycled into its original form or into new products, with notable advancements improving recycling efficiency.' regional_relevance=None
2025-05-21 13:47:14,045 INFO Starting crew kickoff with input: {'plastic_type': 'PET', 'location': 'Munich'}
2025-05-21 13:47:14,045 INFO Crew instance created
2025-05-21 13:47:18,740 INFO Crew execution completed with result: plastic_id=None type='Polyethylene Terephthalate (PET)' properties=['Strong and lightweight', 'Excellent chemical resistance', 'Good thermal stability', 'Transparent and can be tinted', '100% recyclable'] applications=['Beverage bottles', 'Food containers', 'Textiles (like polyester)', 'Packaging materials', '3D printing filament'] environmental_impact='PET is durable but takes hundreds of years to decompose, posing risks to marine life and contributing to microplastics pollution. Its production emits greenhouse gases, although recycling can significantly reduce this impact.' recycling_potential='PET is one of the most recyclable plastics, with mechanical and chemical recycling methods available. Recycled PET can be used to produce new bottles, fibers, and other products with up to 90% reduction in emissions compared to virgin PET.' regional_relevance=None
2025-05-21 13:47:19,103 INFO Inside Router after plastic research: plastic_id=None type='Polyethylene Terephthalate (PET)' properties=['Strong and lightweight', 'Excellent chemical resistance', 'Good thermal stability', 'Transparent and can be tinted', '100% recyclable'] applications=['Beverage bottles', 'Food containers', 'Textiles (like polyester)', 'Packaging materials', '3D printing filament'] environmental_impact='PET is durable but takes hundreds of years to decompose, posing risks to marine life and contributing to microplastics pollution. Its production emits greenhouse gases, although recycling can significantly reduce this impact.' recycling_potential='PET is one of the most recyclable plastics, with mechanical and chemical recycling methods available. Recycled PET can be used to produce new bottles, fibers, and other products with up to 90% reduction in emissions compared to virgin PET.' regional_relevance=None
2025-05-21 13:47:19,103 INFO Storing Plastic Info After research: plastic_id=None type='Polyethylene Terephthalate (PET)' properties=['Strong and lightweight', 'Excellent chemical resistance', 'Good thermal stability', 'Transparent and can be tinted', '100% recyclable'] applications=['Beverage bottles', 'Food containers', 'Textiles (like polyester)', 'Packaging materials', '3D printing filament'] environmental_impact='PET is durable but takes hundreds of years to decompose, posing risks to marine life and contributing to microplastics pollution. Its production emits greenhouse gases, although recycling can significantly reduce this impact.' recycling_potential='PET is one of the most recyclable plastics, with mechanical and chemical recycling methods available. Recycled PET can be used to produce new bottles, fibers, and other products with up to 90% reduction in emissions compared to virgin PET.' regional_relevance=None
2025-05-21 13:47:19,107 INFO Starting crew kickoff with input: {'plastic_type': 'PET', 'location': 'Munich'}
2025-05-21 13:47:19,107 INFO Crew instance created
2025-05-21 13:49:09,120 INFO Creating Sustainability Brand Researcher agent
2025-05-21 13:49:09,124 INFO Creating Plastic analyst agent
2025-05-21 13:49:09,154 INFO id='26891e75-45a2-4424-ac4e-99f1980c5331' brand_name='BMW' plastic_type='PP' location='Munich' brand_results={} plastic_results={} collab_results={} combined_results={} brand_research_needed=False plastic_research_needed=False brand_research_complete=False plastic_research_complete=False brand_saved_to_db=False plastic_saved_to_db=False
2025-05-21 13:49:15,520 INFO Starting crew kickoff with input: {'brand_data': {'id': 3, 'brand_id': '3208ed61-6a18-539c-9e35-ed27cfe1d9d7', 'name': 'BMW', 'industry': 'Automotive', 'main_products': ['Luxury Vehicles', 'Electric Vehicles', 'Motorcycles'], 'sustainability_initiatives': ['Using ocean plastics for vehicle trim components', 'Aiming for 100% recyclable vehicles by 2030', 'Increasing recycled materials in production to 40% by 2030', 'CO2 emissions reduction projects', 'Sustainable logistics to minimize plastic waste'], 'plastic_materials_used': ['Ocean plastics', 'Thermoplastics with recycled content'], 'past_collaborations': [], 'operational_regions': ['Germany', 'China', 'United States', 'Europe'], 'created_at': '2025-05-21T11:06:50.870314', 'similarity_score': 0.8456289768218994}, 'plastic_data': {'id': 7, 'plastic_id': '6ac87e67-8a1c-5ac4-9ac4-2a646a398217', 'type': 'Polypropylene', 'properties': ['Versatile and durable', 'Lightweight with high chemical resistance', 'Good fatigue resistance', 'Thermal plastic that can withstand high temperatures'], 'applications': ['Packaging materials, such as containers and films', 'Automotive parts', 'Textiles, including carpets and upholstery', 'Medical supplies, like syringes and containers'], 'environmental_impact': 'PP is not biodegradable and poses pollution potential; however, it can be recycled, reducing landfill contributions. Its recycling process generates fewer waste products and emits fewer greenhouse gases than virgin PP production.', 'recycling_potential': 'PP is recyclable, but its recycling rate is low (approximately 3%). The recycling process involves separation, cleaning, melting, and granulating. Challenges in mechanical recycling can lead to loss of material integrity.', 'regional_relevance': None, 'created_at': '2025-05-20T22:31:59.336890', 'similarity_score': 0.8116981685161591}}
2025-05-21 13:49:15,524 INFO Crew instance created
2025-05-21 13:50:12,884 ERROR Error in plastic analysis kickoff: Failed to convert text into a Pydantic model due to error: 1 validation error for CollaborationOutput
input_summary
  Field required [type=missing, input_value={'top_collaborating_brand...ntal sustainability.'}]}, input_type=dict]
    For further information visit https://errors.pydantic.dev/2.11/v/missing
2025-05-21 13:50:12,885 ERROR Error in collaboration: Failed to convert text into a Pydantic model due to error: 1 validation error for CollaborationOutput
input_summary
  Field required [type=missing, input_value={'top_collaborating_brand...ntal sustainability.'}]}, input_type=dict]
    For further information visit https://errors.pydantic.dev/2.11/v/missing
2025-05-21 13:50:35,465 INFO Creating Sustainability Brand Researcher agent
2025-05-21 13:50:35,469 INFO Creating Plastic analyst agent
2025-05-21 13:50:35,499 INFO id='ac3dad6c-d456-4a46-b97b-bf9fa91a3346' brand_name='BMW' plastic_type='PP' location='Munich' brand_results={} plastic_results={} collab_results={} combined_results={} brand_research_needed=False plastic_research_needed=False brand_research_complete=False plastic_research_complete=False brand_saved_to_db=False plastic_saved_to_db=False
2025-05-21 13:50:41,851 INFO Starting crew kickoff with input: {'brand_data': {'id': 3, 'brand_id': '3208ed61-6a18-539c-9e35-ed27cfe1d9d7', 'name': 'BMW', 'industry': 'Automotive', 'main_products': ['Luxury Vehicles', 'Electric Vehicles', 'Motorcycles'], 'sustainability_initiatives': ['Using ocean plastics for vehicle trim components', 'Aiming for 100% recyclable vehicles by 2030', 'Increasing recycled materials in production to 40% by 2030', 'CO2 emissions reduction projects', 'Sustainable logistics to minimize plastic waste'], 'plastic_materials_used': ['Ocean plastics', 'Thermoplastics with recycled content'], 'past_collaborations': [], 'operational_regions': ['Germany', 'China', 'United States', 'Europe'], 'created_at': '2025-05-21T11:06:50.870314', 'similarity_score': 0.8456289768218994}, 'plastic_data': {'id': 7, 'plastic_id': '6ac87e67-8a1c-5ac4-9ac4-2a646a398217', 'type': 'Polypropylene', 'properties': ['Versatile and durable', 'Lightweight with high chemical resistance', 'Good fatigue resistance', 'Thermal plastic that can withstand high temperatures'], 'applications': ['Packaging materials, such as containers and films', 'Automotive parts', 'Textiles, including carpets and upholstery', 'Medical supplies, like syringes and containers'], 'environmental_impact': 'PP is not biodegradable and poses pollution potential; however, it can be recycled, reducing landfill contributions. Its recycling process generates fewer waste products and emits fewer greenhouse gases than virgin PP production.', 'recycling_potential': 'PP is recyclable, but its recycling rate is low (approximately 3%). The recycling process involves separation, cleaning, melting, and granulating. Challenges in mechanical recycling can lead to loss of material integrity.', 'regional_relevance': None, 'created_at': '2025-05-20T22:31:59.336890', 'similarity_score': 0.8116981685161591}}
2025-05-21 13:50:41,855 INFO Crew instance created
2025-05-21 13:50:50,046 INFO Crew execution completed with result: input_summary={'brand': 'Consumer Goods', 'plastic': 'Recyclable plastic, eco-friendly'} top_collaborating_brands=[CollaborationRecommendation(name='Patagonia', industry='Outdoor Apparel', rationale='Patagonia has a strong commitment to sustainability and recycled materials, which aligns with the use of recyclable plastic in consumer goods.', product_concept='Co-branded outdoor gear such as reusable water bottles or eco-friendly backpacks made from recycled plastics.'), CollaborationRecommendation(name='IKEA', industry='Furniture', rationale="IKEA's sustainability strategy focuses on circularity and using recycled materials, making them an ideal partner for promoting recyclable plastic.", product_concept='A line of stylish, recyclable plastic furniture items or home decor accessories.'), CollaborationRecommendation(name='Seventh Generation', industry='Household Products', rationale="Seventh Generation is committed to environmentally friendly products and uses sustainable materials, complementing the plastic's eco-friendly attributes.", product_concept='A co-branded line of laundry detergents packaged in recyclable plastic containers.'), CollaborationRecommendation(name='Allbirds', industry='Footwear', rationale='Allbirds focuses on sustainability and eco-friendly materials, which would align well with the innovative use of recyclable plastics in footwear.', product_concept='A limited-edition sneaker made from recycled plastics, promoting reduced environmental impact.'), CollaborationRecommendation(name='Method', industry='Cleaning Products', rationale="Method's focus on using recycled materials in their packaging aligns with promoting the sail of recyclable plastic in consumer goods.", product_concept='A collaboration on eco-friendly cleaning products featuring bottles made from 100% recycled plastic.')]
2025-05-21 13:54:59,961 INFO Creating Sustainability Brand Researcher agent
2025-05-21 13:54:59,967 INFO Creating Plastic analyst agent
2025-05-21 13:54:59,997 INFO id='d2e63af8-3c03-42a8-bb50-374fa968f1d8' brand_name='Bosch Home Appliances' plastic_type='PPTV20' location='Munich' brand_results={} plastic_results={} collab_results={} combined_results={} brand_research_needed=False plastic_research_needed=False brand_research_complete=False plastic_research_complete=False brand_saved_to_db=False plastic_saved_to_db=False
2025-05-21 13:55:05,347 INFO Inside Router after plastic research: {'id': 7, 'plastic_id': '6ac87e67-8a1c-5ac4-9ac4-2a646a398217', 'type': 'Polypropylene', 'properties': ['Versatile and durable', 'Lightweight with high chemical resistance', 'Good fatigue resistance', 'Thermal plastic that can withstand high temperatures'], 'applications': ['Packaging materials, such as containers and films', 'Automotive parts', 'Textiles, including carpets and upholstery', 'Medical supplies, like syringes and containers'], 'environmental_impact': 'PP is not biodegradable and poses pollution potential; however, it can be recycled, reducing landfill contributions. Its recycling process generates fewer waste products and emits fewer greenhouse gases than virgin PP production.', 'recycling_potential': 'PP is recyclable, but its recycling rate is low (approximately 3%). The recycling process involves separation, cleaning, melting, and granulating. Challenges in mechanical recycling can lead to loss of material integrity.', 'regional_relevance': None, 'created_at': '2025-05-20T22:31:59.336890', 'similarity_score': 0.776409924030304}
2025-05-21 13:55:05,354 INFO Starting BrandAnalystCrew with input: {'brand': 'Bosch Home Appliances', 'location': 'Munich'}
2025-05-21 13:55:05,354 INFO Creating analyze_target_brand task
2025-05-21 13:55:05,358 INFO Crew instance created
2025-05-21 13:55:24,285 INFO Crew execution completed with result: brand_id=None name='EcoBrand' industry=None main_products=['Reusable Bags', 'Biodegradable Containers'] sustainability_initiatives=['Planting Trees', 'Reducing Carbon Footprint'] plastic_materials_used=['Recycled PET', 'Bioplastics'] past_collaborations=['Local Artists', 'Sustainable Fashion Brands'] operational_regions=['North America', 'Europe']
2025-05-21 13:55:24,289 INFO Inside Router after research: {'brand_id': None, 'name': 'EcoBrand', 'industry': None, 'main_products': ['Reusable Bags', 'Biodegradable Containers'], 'sustainability_initiatives': ['Planting Trees', 'Reducing Carbon Footprint'], 'plastic_materials_used': ['Recycled PET', 'Bioplastics'], 'past_collaborations': ['Local Artists', 'Sustainable Fashion Brands'], 'operational_regions': ['North America', 'Europe']}
2025-05-21 13:55:24,289 INFO Storing Brand Info After research: {'brand_id': None, 'name': 'EcoBrand', 'industry': None, 'main_products': ['Reusable Bags', 'Biodegradable Containers'], 'sustainability_initiatives': ['Planting Trees', 'Reducing Carbon Footprint'], 'plastic_materials_used': ['Recycled PET', 'Bioplastics'], 'past_collaborations': ['Local Artists', 'Sustainable Fashion Brands'], 'operational_regions': ['North America', 'Europe']}
2025-05-21 13:55:24,426 ERROR Error saving brand to DB: object str can't be used in 'await' expression
2025-05-21 13:55:24,430 INFO Starting BrandAnalystCrew with input: {'brand': 'Bosch Home Appliances', 'location': 'Munich'}
2025-05-21 13:55:24,430 INFO Crew instance created
2025-05-21 13:55:28,719 INFO Crew execution completed with result: brand_id=None name='Bosch Home Appliances' industry='Home Appliances' main_products=['Refrigerators', 'Dishwashers', 'Ovens', 'Washing Machines', 'Dryers'] sustainability_initiatives=['Circular economy strategy', 'Climate-neutral technology investments', 'Reduction of CO2 emissions', 'Recycling of packaging materials'] plastic_materials_used=['Recycled plastics', 'Bioplastics'] past_collaborations=['BSH Hausgeräte GmbH for sustainability initiatives'] operational_regions=['Europe', 'North America', 'Asia']
2025-05-21 13:55:28,723 INFO Inside Router after research: {'brand_id': None, 'name': 'Bosch Home Appliances', 'industry': 'Home Appliances', 'main_products': ['Refrigerators', 'Dishwashers', 'Ovens', 'Washing Machines', 'Dryers'], 'sustainability_initiatives': ['Circular economy strategy', 'Climate-neutral technology investments', 'Reduction of CO2 emissions', 'Recycling of packaging materials'], 'plastic_materials_used': ['Recycled plastics', 'Bioplastics'], 'past_collaborations': ['BSH Hausgeräte GmbH for sustainability initiatives'], 'operational_regions': ['Europe', 'North America', 'Asia']}
2025-05-21 13:55:28,723 INFO Storing Brand Info After research: {'brand_id': None, 'name': 'Bosch Home Appliances', 'industry': 'Home Appliances', 'main_products': ['Refrigerators', 'Dishwashers', 'Ovens', 'Washing Machines', 'Dryers'], 'sustainability_initiatives': ['Circular economy strategy', 'Climate-neutral technology investments', 'Reduction of CO2 emissions', 'Recycling of packaging materials'], 'plastic_materials_used': ['Recycled plastics', 'Bioplastics'], 'past_collaborations': ['BSH Hausgeräte GmbH for sustainability initiatives'], 'operational_regions': ['Europe', 'North America', 'Asia']}
2025-05-21 13:55:28,990 ERROR Error saving brand to DB: object str can't be used in 'await' expression
2025-05-21 13:55:28,994 INFO Starting BrandAnalystCrew with input: {'brand': 'Bosch Home Appliances', 'location': 'Munich'}
2025-05-21 13:55:28,995 INFO Crew instance created
2025-05-21 13:55:35,340 INFO Crew execution completed with result: brand_id=None name='Bosch Home Appliances' industry='Home Appliances' main_products=['Refrigerators', 'Ovens', 'Dishwashers', 'Washing Machines', 'Dryers'] sustainability_initiatives=['Circular economy strategy to enhance product sustainability', 'Focus on sustainability in the use phase of products', 'Investment in climate-neutral technology'] plastic_materials_used=['Recycled plastics in product packaging', 'Plastics in appliances that can be reused or recycled'] past_collaborations=['Collaborations with environmental agencies for climate protection', 'Initiatives to improve recycling processes'] operational_regions=['Europe', 'North America', 'Asia']
2025-05-21 13:55:35,344 INFO Inside Router after research: {'brand_id': None, 'name': 'Bosch Home Appliances', 'industry': 'Home Appliances', 'main_products': ['Refrigerators', 'Ovens', 'Dishwashers', 'Washing Machines', 'Dryers'], 'sustainability_initiatives': ['Circular economy strategy to enhance product sustainability', 'Focus on sustainability in the use phase of products', 'Investment in climate-neutral technology'], 'plastic_materials_used': ['Recycled plastics in product packaging', 'Plastics in appliances that can be reused or recycled'], 'past_collaborations': ['Collaborations with environmental agencies for climate protection', 'Initiatives to improve recycling processes'], 'operational_regions': ['Europe', 'North America', 'Asia']}
2025-05-21 13:55:35,344 INFO Storing Brand Info After research: {'brand_id': None, 'name': 'Bosch Home Appliances', 'industry': 'Home Appliances', 'main_products': ['Refrigerators', 'Ovens', 'Dishwashers', 'Washing Machines', 'Dryers'], 'sustainability_initiatives': ['Circular economy strategy to enhance product sustainability', 'Focus on sustainability in the use phase of products', 'Investment in climate-neutral technology'], 'plastic_materials_used': ['Recycled plastics in product packaging', 'Plastics in appliances that can be reused or recycled'], 'past_collaborations': ['Collaborations with environmental agencies for climate protection', 'Initiatives to improve recycling processes'], 'operational_regions': ['Europe', 'North America', 'Asia']}
2025-05-21 13:55:35,372 ERROR Error saving brand to DB: object str can't be used in 'await' expression
2025-05-21 13:55:35,376 INFO Starting BrandAnalystCrew with input: {'brand': 'Bosch Home Appliances', 'location': 'Munich'}
2025-05-21 13:55:35,376 INFO Crew instance created
2025-05-21 13:55:39,084 INFO Crew execution completed with result: brand_id=None name='Bosch Home Appliances' industry='Home Appliances' main_products=['Kitchen Appliances', 'Laundry Appliances', 'Dishwashers', 'Refrigerators'] sustainability_initiatives=['Circular economy strategy', 'Sustainable Living program', 'Climate neutrality investment'] plastic_materials_used=['Recycled plastics', 'Virgin plastics for components'] past_collaborations=['Partnership with various environmental NGOs'] operational_regions=['Global', 'Europe', 'North America', 'Asia']
2025-05-21 13:55:39,088 INFO Inside Router after research: {'brand_id': None, 'name': 'Bosch Home Appliances', 'industry': 'Home Appliances', 'main_products': ['Kitchen Appliances', 'Laundry Appliances', 'Dishwashers', 'Refrigerators'], 'sustainability_initiatives': ['Circular economy strategy', 'Sustainable Living program', 'Climate neutrality investment'], 'plastic_materials_used': ['Recycled plastics', 'Virgin plastics for components'], 'past_collaborations': ['Partnership with various environmental NGOs'], 'operational_regions': ['Global', 'Europe', 'North America', 'Asia']}
2025-05-21 13:55:39,088 INFO Storing Brand Info After research: {'brand_id': None, 'name': 'Bosch Home Appliances', 'industry': 'Home Appliances', 'main_products': ['Kitchen Appliances', 'Laundry Appliances', 'Dishwashers', 'Refrigerators'], 'sustainability_initiatives': ['Circular economy strategy', 'Sustainable Living program', 'Climate neutrality investment'], 'plastic_materials_used': ['Recycled plastics', 'Virgin plastics for components'], 'past_collaborations': ['Partnership with various environmental NGOs'], 'operational_regions': ['Global', 'Europe', 'North America', 'Asia']}
2025-05-21 13:55:39,115 ERROR Error saving brand to DB: object str can't be used in 'await' expression
2025-05-21 13:55:39,119 INFO Starting BrandAnalystCrew with input: {'brand': 'Bosch Home Appliances', 'location': 'Munich'}
2025-05-21 13:55:39,119 INFO Crew instance created
2025-05-21 13:55:43,703 INFO Crew execution completed with result: brand_id=None name='Bosch Home Appliances' industry='Home Appliances' main_products=[' refrigerators', ' ovens', ' dishwashers', ' washing machines'] sustainability_initiatives=['using, repairing, and reusing products and materials', 'circular economy strategy', 'climate protection efforts'] plastic_materials_used=['recycled plastic packaging', 'plastic components in appliances'] past_collaborations=['collaborations with environmental organizations'] operational_regions=['Germany', 'EU', 'USA', 'Asia']
2025-05-21 13:55:43,707 INFO Inside Router after research: {'brand_id': None, 'name': 'Bosch Home Appliances', 'industry': 'Home Appliances', 'main_products': [' refrigerators', ' ovens', ' dishwashers', ' washing machines'], 'sustainability_initiatives': ['using, repairing, and reusing products and materials', 'circular economy strategy', 'climate protection efforts'], 'plastic_materials_used': ['recycled plastic packaging', 'plastic components in appliances'], 'past_collaborations': ['collaborations with environmental organizations'], 'operational_regions': ['Germany', 'EU', 'USA', 'Asia']}
2025-05-21 13:55:43,707 INFO Storing Brand Info After research: {'brand_id': None, 'name': 'Bosch Home Appliances', 'industry': 'Home Appliances', 'main_products': [' refrigerators', ' ovens', ' dishwashers', ' washing machines'], 'sustainability_initiatives': ['using, repairing, and reusing products and materials', 'circular economy strategy', 'climate protection efforts'], 'plastic_materials_used': ['recycled plastic packaging', 'plastic components in appliances'], 'past_collaborations': ['collaborations with environmental organizations'], 'operational_regions': ['Germany', 'EU', 'USA', 'Asia']}
2025-05-21 13:55:43,847 ERROR Error saving brand to DB: object str can't be used in 'await' expression
2025-05-21 13:55:43,852 INFO Starting BrandAnalystCrew with input: {'brand': 'Bosch Home Appliances', 'location': 'Munich'}
2025-05-21 13:55:43,852 INFO Crew instance created
2025-05-21 13:55:47,084 INFO Crew execution completed with result: brand_id=None name='Bosch Home Appliances' industry='Home Appliances' main_products=['Kitchen Appliances', 'Laundry Appliances', 'Dishwashers'] sustainability_initiatives=['Circular economy strategy', 'Energy-efficient products', 'Recycling and reducing plastic usage'] plastic_materials_used=['Recycled plastics', 'New plastics from renewable resources'] past_collaborations=['Partnerships for climate protection', 'Participation in environmental protection initiatives'] operational_regions=['Europe', 'North America', 'Asia']
2025-05-21 13:55:47,088 INFO Inside Router after research: {'brand_id': None, 'name': 'Bosch Home Appliances', 'industry': 'Home Appliances', 'main_products': ['Kitchen Appliances', 'Laundry Appliances', 'Dishwashers'], 'sustainability_initiatives': ['Circular economy strategy', 'Energy-efficient products', 'Recycling and reducing plastic usage'], 'plastic_materials_used': ['Recycled plastics', 'New plastics from renewable resources'], 'past_collaborations': ['Partnerships for climate protection', 'Participation in environmental protection initiatives'], 'operational_regions': ['Europe', 'North America', 'Asia']}
2025-05-21 13:55:47,088 INFO Storing Brand Info After research: {'brand_id': None, 'name': 'Bosch Home Appliances', 'industry': 'Home Appliances', 'main_products': ['Kitchen Appliances', 'Laundry Appliances', 'Dishwashers'], 'sustainability_initiatives': ['Circular economy strategy', 'Energy-efficient products', 'Recycling and reducing plastic usage'], 'plastic_materials_used': ['Recycled plastics', 'New plastics from renewable resources'], 'past_collaborations': ['Partnerships for climate protection', 'Participation in environmental protection initiatives'], 'operational_regions': ['Europe', 'North America', 'Asia']}
2025-05-21 13:55:47,108 ERROR Error saving brand to DB: object str can't be used in 'await' expression
2025-05-21 13:55:47,113 INFO Starting BrandAnalystCrew with input: {'brand': 'Bosch Home Appliances', 'location': 'Munich'}
2025-05-21 13:55:47,113 INFO Crew instance created
2025-05-21 13:55:57,664 INFO Crew execution completed with result: brand_id=None name='Bosch Home Appliances' industry='Home Appliances' main_products=['Kitchen Appliances', 'Laundry Machines', 'Heating Systems'] sustainability_initiatives=['Circular economy strategy', 'Climate-neutral technology investment', 'Use, repair, and reuse products', 'Energy efficient appliances', 'Recycling of materials'] plastic_materials_used=['Recyclable plastics in packaging and products', 'Other plastic components in appliances'] past_collaborations=['Collaborations with environmental NGOs for sustainability efforts'] operational_regions=['Europe', 'North America', 'Asia']
2025-05-21 13:55:57,669 INFO Inside Router after research: {'brand_id': None, 'name': 'Bosch Home Appliances', 'industry': 'Home Appliances', 'main_products': ['Kitchen Appliances', 'Laundry Machines', 'Heating Systems'], 'sustainability_initiatives': ['Circular economy strategy', 'Climate-neutral technology investment', 'Use, repair, and reuse products', 'Energy efficient appliances', 'Recycling of materials'], 'plastic_materials_used': ['Recyclable plastics in packaging and products', 'Other plastic components in appliances'], 'past_collaborations': ['Collaborations with environmental NGOs for sustainability efforts'], 'operational_regions': ['Europe', 'North America', 'Asia']}
2025-05-21 13:55:57,669 INFO Storing Brand Info After research: {'brand_id': None, 'name': 'Bosch Home Appliances', 'industry': 'Home Appliances', 'main_products': ['Kitchen Appliances', 'Laundry Machines', 'Heating Systems'], 'sustainability_initiatives': ['Circular economy strategy', 'Climate-neutral technology investment', 'Use, repair, and reuse products', 'Energy efficient appliances', 'Recycling of materials'], 'plastic_materials_used': ['Recyclable plastics in packaging and products', 'Other plastic components in appliances'], 'past_collaborations': ['Collaborations with environmental NGOs for sustainability efforts'], 'operational_regions': ['Europe', 'North America', 'Asia']}
2025-05-21 13:55:57,802 ERROR Error saving brand to DB: object str can't be used in 'await' expression
2025-05-21 13:55:57,806 INFO Starting BrandAnalystCrew with input: {'brand': 'Bosch Home Appliances', 'location': 'Munich'}
2025-05-21 13:55:57,806 INFO Crew instance created
2025-05-21 13:56:05,543 INFO Crew execution completed with result: brand_id=None name='Bosch Home Appliances' industry='Home Appliances' main_products=['Refrigerators', 'Washing Machines', 'Dishwashers', 'Ovens', 'Cooktops'] sustainability_initiatives=['Circular economy strategy', 'Repair and reuse of products', 'Energy efficient appliances', 'Climate-neutral investment of $3.5 billion'] plastic_materials_used=['Recycled plastic materials in products and packaging'] past_collaborations=['Partnerships with organizations aimed at resource conservation and climate protection'] operational_regions=['Global operations with significant presence in Europe, North America, and Asia']
2025-05-21 13:56:05,547 INFO Inside Router after research: {'brand_id': None, 'name': 'Bosch Home Appliances', 'industry': 'Home Appliances', 'main_products': ['Refrigerators', 'Washing Machines', 'Dishwashers', 'Ovens', 'Cooktops'], 'sustainability_initiatives': ['Circular economy strategy', 'Repair and reuse of products', 'Energy efficient appliances', 'Climate-neutral investment of $3.5 billion'], 'plastic_materials_used': ['Recycled plastic materials in products and packaging'], 'past_collaborations': ['Partnerships with organizations aimed at resource conservation and climate protection'], 'operational_regions': ['Global operations with significant presence in Europe, North America, and Asia']}
2025-05-21 13:56:05,547 INFO Storing Brand Info After research: {'brand_id': None, 'name': 'Bosch Home Appliances', 'industry': 'Home Appliances', 'main_products': ['Refrigerators', 'Washing Machines', 'Dishwashers', 'Ovens', 'Cooktops'], 'sustainability_initiatives': ['Circular economy strategy', 'Repair and reuse of products', 'Energy efficient appliances', 'Climate-neutral investment of $3.5 billion'], 'plastic_materials_used': ['Recycled plastic materials in products and packaging'], 'past_collaborations': ['Partnerships with organizations aimed at resource conservation and climate protection'], 'operational_regions': ['Global operations with significant presence in Europe, North America, and Asia']}
2025-05-21 13:56:05,570 ERROR Error saving brand to DB: object str can't be used in 'await' expression
2025-05-21 13:56:05,574 INFO Starting BrandAnalystCrew with input: {'brand': 'Bosch Home Appliances', 'location': 'Munich'}
2025-05-21 13:56:05,574 INFO Crew instance created
2025-05-21 13:56:10,859 INFO Crew execution completed with result: brand_id=None name='Bosch Home Appliances' industry='Home Appliances' main_products=['Kitchen appliances', 'Laundry appliances', 'Dishwashers', 'Refrigerators', 'Small appliances'] sustainability_initiatives=['Circular economy strategy', 'Focus on sustainability in the use phase', 'Climate neutrality investments'] plastic_materials_used=['Recycled plastics', 'Plastic packaging materials'] past_collaborations=['Climate neutral technology collaborations'] operational_regions=['Europe', 'Asia', 'North America']
2025-05-21 13:56:10,863 INFO Inside Router after research: {'brand_id': None, 'name': 'Bosch Home Appliances', 'industry': 'Home Appliances', 'main_products': ['Kitchen appliances', 'Laundry appliances', 'Dishwashers', 'Refrigerators', 'Small appliances'], 'sustainability_initiatives': ['Circular economy strategy', 'Focus on sustainability in the use phase', 'Climate neutrality investments'], 'plastic_materials_used': ['Recycled plastics', 'Plastic packaging materials'], 'past_collaborations': ['Climate neutral technology collaborations'], 'operational_regions': ['Europe', 'Asia', 'North America']}
2025-05-21 13:56:10,863 INFO Storing Brand Info After research: {'brand_id': None, 'name': 'Bosch Home Appliances', 'industry': 'Home Appliances', 'main_products': ['Kitchen appliances', 'Laundry appliances', 'Dishwashers', 'Refrigerators', 'Small appliances'], 'sustainability_initiatives': ['Circular economy strategy', 'Focus on sustainability in the use phase', 'Climate neutrality investments'], 'plastic_materials_used': ['Recycled plastics', 'Plastic packaging materials'], 'past_collaborations': ['Climate neutral technology collaborations'], 'operational_regions': ['Europe', 'Asia', 'North America']}
2025-05-21 13:56:10,882 ERROR Error saving brand to DB: object str can't be used in 'await' expression
2025-05-21 13:56:10,886 INFO Starting BrandAnalystCrew with input: {'brand': 'Bosch Home Appliances', 'location': 'Munich'}
2025-05-21 13:56:10,886 INFO Crew instance created
2025-05-21 13:56:18,653 INFO Crew execution completed with result: brand_id=None name='Bosch Home Appliances' industry='Home Appliances' main_products=['Kitchen Appliances', 'Laundry Appliances', 'Dishwashers'] sustainability_initiatives=['Circular economy strategies', 'Climate protection efforts', 'Energy-efficient appliances', 'Recycling of packaging materials'] plastic_materials_used=['Recycled plastics', 'Biodegradable plastics', 'Polypropylene'] past_collaborations=['Collaboration with environmental organizations for climate initiatives', 'Partnerships with recycling companies'] operational_regions=['Europe', 'North America', 'Asia']
2025-05-21 13:56:18,656 INFO Inside Router after research: {'brand_id': None, 'name': 'Bosch Home Appliances', 'industry': 'Home Appliances', 'main_products': ['Kitchen Appliances', 'Laundry Appliances', 'Dishwashers'], 'sustainability_initiatives': ['Circular economy strategies', 'Climate protection efforts', 'Energy-efficient appliances', 'Recycling of packaging materials'], 'plastic_materials_used': ['Recycled plastics', 'Biodegradable plastics', 'Polypropylene'], 'past_collaborations': ['Collaboration with environmental organizations for climate initiatives', 'Partnerships with recycling companies'], 'operational_regions': ['Europe', 'North America', 'Asia']}
2025-05-21 13:56:18,657 INFO Storing Brand Info After research: {'brand_id': None, 'name': 'Bosch Home Appliances', 'industry': 'Home Appliances', 'main_products': ['Kitchen Appliances', 'Laundry Appliances', 'Dishwashers'], 'sustainability_initiatives': ['Circular economy strategies', 'Climate protection efforts', 'Energy-efficient appliances', 'Recycling of packaging materials'], 'plastic_materials_used': ['Recycled plastics', 'Biodegradable plastics', 'Polypropylene'], 'past_collaborations': ['Collaboration with environmental organizations for climate initiatives', 'Partnerships with recycling companies'], 'operational_regions': ['Europe', 'North America', 'Asia']}
2025-05-21 13:56:18,674 ERROR Error saving brand to DB: object str can't be used in 'await' expression
2025-05-21 13:56:18,678 INFO Starting BrandAnalystCrew with input: {'brand': 'Bosch Home Appliances', 'location': 'Munich'}
2025-05-21 13:56:18,678 INFO Crew instance created
2025-05-21 14:15:43,565 INFO Creating Sustainability Brand Researcher agent
2025-05-21 14:15:43,568 INFO Creating Plastic analyst agent
2025-05-21 14:15:43,590 INFO id='f572999f-a434-4c4c-991f-534f0a54ffab' brand_name='Bosch Home Appliances' plastic_type='PPTV20' location='Munich' brand_results={} plastic_results={} collab_results={} combined_results={} brand_research_needed=False plastic_research_needed=False brand_research_complete=False plastic_research_complete=False brand_saved_to_db=False plastic_saved_to_db=False
2025-05-21 14:15:50,078 INFO Inside Router after plastic research: {'id': 7, 'plastic_id': '6ac87e67-8a1c-5ac4-9ac4-2a646a398217', 'type': 'Polypropylene', 'properties': ['Versatile and durable', 'Lightweight with high chemical resistance', 'Good fatigue resistance', 'Thermal plastic that can withstand high temperatures'], 'applications': ['Packaging materials, such as containers and films', 'Automotive parts', 'Textiles, including carpets and upholstery', 'Medical supplies, like syringes and containers'], 'environmental_impact': 'PP is not biodegradable and poses pollution potential; however, it can be recycled, reducing landfill contributions. Its recycling process generates fewer waste products and emits fewer greenhouse gases than virgin PP production.', 'recycling_potential': 'PP is recyclable, but its recycling rate is low (approximately 3%). The recycling process involves separation, cleaning, melting, and granulating. Challenges in mechanical recycling can lead to loss of material integrity.', 'regional_relevance': None, 'created_at': '2025-05-20T22:31:59.336890', 'similarity_score': 0.776409924030304}
2025-05-21 14:15:50,078 INFO Storing Plastic Info After research: {'id': 7, 'plastic_id': '6ac87e67-8a1c-5ac4-9ac4-2a646a398217', 'type': 'Polypropylene', 'properties': ['Versatile and durable', 'Lightweight with high chemical resistance', 'Good fatigue resistance', 'Thermal plastic that can withstand high temperatures'], 'applications': ['Packaging materials, such as containers and films', 'Automotive parts', 'Textiles, including carpets and upholstery', 'Medical supplies, like syringes and containers'], 'environmental_impact': 'PP is not biodegradable and poses pollution potential; however, it can be recycled, reducing landfill contributions. Its recycling process generates fewer waste products and emits fewer greenhouse gases than virgin PP production.', 'recycling_potential': 'PP is recyclable, but its recycling rate is low (approximately 3%). The recycling process involves separation, cleaning, melting, and granulating. Challenges in mechanical recycling can lead to loss of material integrity.', 'regional_relevance': None, 'created_at': '2025-05-20T22:31:59.336890', 'similarity_score': 0.776409924030304}
2025-05-21 14:15:50,083 INFO Starting crew kickoff with input: {'plastic_type': 'PPTV20', 'location': 'Munich'}
2025-05-21 14:15:50,083 INFO Creating analyze plastic material task
2025-05-21 14:15:50,090 INFO Crew instance created
2025-05-21 14:15:55,547 INFO Crew execution completed with result: plastic_id='PPTV20' type='Polypropylene Terephthalate' properties=['High strength', 'Lightweight', 'Good thermal stability', 'Chemical resistance'] applications=['Bottles', 'Food packaging', 'Textiles', 'Automotive parts'] environmental_impact="PPTV20 is not biodegradable and may contribute to plastic pollution, but it's recyclable under specific conditions." recycling_potential='PPTV20 can be recycled through mechanical recycling or chemical recycling methods.' regional_relevance=None
2025-05-21 14:15:55,687 INFO Inside Router after plastic research: plastic_id='PPTV20' type='Polypropylene Terephthalate' properties=['High strength', 'Lightweight', 'Good thermal stability', 'Chemical resistance'] applications=['Bottles', 'Food packaging', 'Textiles', 'Automotive parts'] environmental_impact="PPTV20 is not biodegradable and may contribute to plastic pollution, but it's recyclable under specific conditions." recycling_potential='PPTV20 can be recycled through mechanical recycling or chemical recycling methods.' regional_relevance=None
2025-05-21 14:15:55,688 INFO Storing Plastic Info After research: plastic_id='PPTV20' type='Polypropylene Terephthalate' properties=['High strength', 'Lightweight', 'Good thermal stability', 'Chemical resistance'] applications=['Bottles', 'Food packaging', 'Textiles', 'Automotive parts'] environmental_impact="PPTV20 is not biodegradable and may contribute to plastic pollution, but it's recyclable under specific conditions." recycling_potential='PPTV20 can be recycled through mechanical recycling or chemical recycling methods.' regional_relevance=None
2025-05-21 14:15:55,691 INFO Starting crew kickoff with input: {'plastic_type': 'PPTV20', 'location': 'Munich'}
2025-05-21 14:15:55,691 INFO Crew instance created
2025-05-21 14:15:59,730 INFO Crew execution completed with result: plastic_id='PPTV20' type='Polymer' properties=['Thermoplastic', 'Chemical resistance', 'Impact resistant', 'Good tensile strength', 'Thermal stability'] applications=['Packaging films', 'Electrical insulation', 'Automotive parts', 'Consumer goods', 'Construction materials'] environmental_impact='PPTV20 is not biodegradable and its production can contribute to pollution; however, it can be recycled.' recycling_potential='PPTV20 is recyclable through mechanical recycling methods, which can reclaim materials, but recycling rates vary based on facilities.' regional_relevance=None
2025-05-21 14:15:59,982 INFO Inside Router after plastic research: plastic_id='PPTV20' type='Polymer' properties=['Thermoplastic', 'Chemical resistance', 'Impact resistant', 'Good tensile strength', 'Thermal stability'] applications=['Packaging films', 'Electrical insulation', 'Automotive parts', 'Consumer goods', 'Construction materials'] environmental_impact='PPTV20 is not biodegradable and its production can contribute to pollution; however, it can be recycled.' recycling_potential='PPTV20 is recyclable through mechanical recycling methods, which can reclaim materials, but recycling rates vary based on facilities.' regional_relevance=None
2025-05-21 14:15:59,983 INFO Storing Plastic Info After research: plastic_id='PPTV20' type='Polymer' properties=['Thermoplastic', 'Chemical resistance', 'Impact resistant', 'Good tensile strength', 'Thermal stability'] applications=['Packaging films', 'Electrical insulation', 'Automotive parts', 'Consumer goods', 'Construction materials'] environmental_impact='PPTV20 is not biodegradable and its production can contribute to pollution; however, it can be recycled.' recycling_potential='PPTV20 is recyclable through mechanical recycling methods, which can reclaim materials, but recycling rates vary based on facilities.' regional_relevance=None
2025-05-21 14:15:59,986 INFO Starting crew kickoff with input: {'plastic_type': 'PPTV20', 'location': 'Munich'}
2025-05-21 14:15:59,986 INFO Crew instance created
2025-05-21 14:16:06,349 INFO Crew execution completed with result: plastic_id='PPTV20' type='Polymer' properties=['Good thermal stability', 'High chemical resistance', 'Mechanical strength', 'Lightweight'] applications=['Transportation components', 'Durable consumer goods', 'Specialty films', 'Automotive parts'] environmental_impact='PPTV20 is not biodegradable and has a potential for pollution if not properly recycled. Its production may have environmental costs associated with fossil fuel use unless sourced from recycled content.' recycling_potential='PPTV20 can be recycled; however, recycling facilities must be capable of processing specific polymer types, and not all regions have the infrastructure in place. Chemical recycling methods can also help in efficiently breaking down this polymer.' regional_relevance=None
2025-05-21 14:16:06,490 INFO Inside Router after plastic research: plastic_id='PPTV20' type='Polymer' properties=['Good thermal stability', 'High chemical resistance', 'Mechanical strength', 'Lightweight'] applications=['Transportation components', 'Durable consumer goods', 'Specialty films', 'Automotive parts'] environmental_impact='PPTV20 is not biodegradable and has a potential for pollution if not properly recycled. Its production may have environmental costs associated with fossil fuel use unless sourced from recycled content.' recycling_potential='PPTV20 can be recycled; however, recycling facilities must be capable of processing specific polymer types, and not all regions have the infrastructure in place. Chemical recycling methods can also help in efficiently breaking down this polymer.' regional_relevance=None
2025-05-21 14:16:06,491 INFO Storing Plastic Info After research: plastic_id='PPTV20' type='Polymer' properties=['Good thermal stability', 'High chemical resistance', 'Mechanical strength', 'Lightweight'] applications=['Transportation components', 'Durable consumer goods', 'Specialty films', 'Automotive parts'] environmental_impact='PPTV20 is not biodegradable and has a potential for pollution if not properly recycled. Its production may have environmental costs associated with fossil fuel use unless sourced from recycled content.' recycling_potential='PPTV20 can be recycled; however, recycling facilities must be capable of processing specific polymer types, and not all regions have the infrastructure in place. Chemical recycling methods can also help in efficiently breaking down this polymer.' regional_relevance=None
2025-05-21 14:16:06,494 INFO Starting crew kickoff with input: {'plastic_type': 'PPTV20', 'location': 'Munich'}
2025-05-21 14:16:06,494 INFO Crew instance created
2025-05-21 14:16:10,576 INFO Crew execution completed with result: plastic_id='PPTV20' type='Polymer' properties=['High tensile strength', 'Good impact resistance', 'Thermal stability', 'Chemical resistance'] applications=['Automotive parts', 'Consumer electronics housing', 'Industrial components'] environmental_impact='PPTV20 is not biodegradable, contributing to long-term waste in landfills. Its production and disposal may generate harmful emissions.' recycling_potential='PPTV20 can be recycled through mechanical methods, but not all facilities accept it. Chemical recycling processes are also emerging but are less common.' regional_relevance=None
2025-05-21 14:16:10,662 INFO Inside Router after plastic research: plastic_id='PPTV20' type='Polymer' properties=['High tensile strength', 'Good impact resistance', 'Thermal stability', 'Chemical resistance'] applications=['Automotive parts', 'Consumer electronics housing', 'Industrial components'] environmental_impact='PPTV20 is not biodegradable, contributing to long-term waste in landfills. Its production and disposal may generate harmful emissions.' recycling_potential='PPTV20 can be recycled through mechanical methods, but not all facilities accept it. Chemical recycling processes are also emerging but are less common.' regional_relevance=None
2025-05-21 14:16:10,662 INFO Storing Plastic Info After research: plastic_id='PPTV20' type='Polymer' properties=['High tensile strength', 'Good impact resistance', 'Thermal stability', 'Chemical resistance'] applications=['Automotive parts', 'Consumer electronics housing', 'Industrial components'] environmental_impact='PPTV20 is not biodegradable, contributing to long-term waste in landfills. Its production and disposal may generate harmful emissions.' recycling_potential='PPTV20 can be recycled through mechanical methods, but not all facilities accept it. Chemical recycling processes are also emerging but are less common.' regional_relevance=None
2025-05-21 14:16:10,665 INFO Starting crew kickoff with input: {'plastic_type': 'PPTV20', 'location': 'Munich'}
2025-05-21 14:16:10,665 INFO Crew instance created
2025-05-21 14:16:18,558 INFO Crew execution completed with result: plastic_id='PPTV20' type='polymer' properties=['Good mechanical strength', 'Water-resistant', 'Chemical resistance', 'Thermoplastic behavior', 'Resistance to UV radiation'] applications=['Packaging materials', 'Automotive parts', 'Consumer goods', 'Electrical insulation', 'Textile coatings'] environmental_impact='PPTV20, like many other synthetic polymers, poses environmental concerns such as microplastic pollution and challenges in biodegradability. Manufacturing and disposal processes may contribute to greenhouse gas emissions and toxic leaching.' recycling_potential='PPTV20 polymers can be recycled through established processes, but the efficiency and effectiveness of recycling may decline with each cycle due to degradation of mechanical properties.' regional_relevance=None
2025-05-21 14:16:18,707 INFO Inside Router after plastic research: plastic_id='PPTV20' type='polymer' properties=['Good mechanical strength', 'Water-resistant', 'Chemical resistance', 'Thermoplastic behavior', 'Resistance to UV radiation'] applications=['Packaging materials', 'Automotive parts', 'Consumer goods', 'Electrical insulation', 'Textile coatings'] environmental_impact='PPTV20, like many other synthetic polymers, poses environmental concerns such as microplastic pollution and challenges in biodegradability. Manufacturing and disposal processes may contribute to greenhouse gas emissions and toxic leaching.' recycling_potential='PPTV20 polymers can be recycled through established processes, but the efficiency and effectiveness of recycling may decline with each cycle due to degradation of mechanical properties.' regional_relevance=None
2025-05-21 14:16:18,707 INFO Storing Plastic Info After research: plastic_id='PPTV20' type='polymer' properties=['Good mechanical strength', 'Water-resistant', 'Chemical resistance', 'Thermoplastic behavior', 'Resistance to UV radiation'] applications=['Packaging materials', 'Automotive parts', 'Consumer goods', 'Electrical insulation', 'Textile coatings'] environmental_impact='PPTV20, like many other synthetic polymers, poses environmental concerns such as microplastic pollution and challenges in biodegradability. Manufacturing and disposal processes may contribute to greenhouse gas emissions and toxic leaching.' recycling_potential='PPTV20 polymers can be recycled through established processes, but the efficiency and effectiveness of recycling may decline with each cycle due to degradation of mechanical properties.' regional_relevance=None
2025-05-21 14:16:18,712 INFO Starting crew kickoff with input: {'plastic_type': 'PPTV20', 'location': 'Munich'}
2025-05-21 14:16:18,712 INFO Crew instance created
2025-05-21 14:22:23,574 INFO Creating Sustainability Brand Researcher agent
2025-05-21 14:22:23,577 INFO Creating Plastic analyst agent
2025-05-21 14:22:23,597 INFO id='9ac3265b-56fa-4695-b29c-1e4da888c624' brand_name='Bosch Home Appliances' plastic_type='PPTV20' location='Munich' brand_results={} plastic_results={} collab_results={} combined_results={} brand_research_needed=False plastic_research_needed=False brand_research_complete=False plastic_research_complete=False brand_saved_to_db=False plastic_saved_to_db=False
2025-05-21 14:22:29,584 INFO Starting crew kickoff with input: {'brand_data': {'id': 5, 'brand_id': '2ea0c444-5b5f-5892-9390-893925b5f047', 'name': 'Bosch Home Appliances', 'industry': 'Home Appliances', 'main_products': ['Refrigerators', 'Dishwashers', 'Ovens', 'Washing Machines', 'Dryers'], 'sustainability_initiatives': ['Circular economy strategy', 'Climate-neutral technology investments', 'Reduction of CO2 emissions', 'Recycling of packaging materials'], 'plastic_materials_used': ['Recycled plastics', 'Bioplastics'], 'past_collaborations': ['BSH Hausgeräte GmbH for sustainability initiatives'], 'operational_regions': ['Europe', 'North America', 'Asia'], 'created_at': '2025-05-21T11:55:28.759982', 'similarity_score': 0.9007589817047119}, 'plastic_data': {'id': 22, 'plastic_id': '40a509d3-58cd-504c-a8ad-2117541e458d', 'type': 'Polypropylene Terephthalate', 'properties': ['High strength', 'Lightweight', 'Good thermal stability', 'Chemical resistance'], 'applications': ['Bottles', 'Food packaging', 'Textiles', 'Automotive parts'], 'environmental_impact': "PPTV20 is not biodegradable and may contribute to plastic pollution, but it's recyclable under specific conditions.", 'recycling_potential': 'PPTV20 can be recycled through mechanical recycling or chemical recycling methods.', 'regional_relevance': None, 'created_at': '2025-05-21T12:15:55.560359', 'similarity_score': 0.8550062775611877}}
2025-05-21 14:22:29,587 INFO Crew instance created
2025-05-21 14:22:42,728 INFO Crew execution completed with result: input_summary={'brand': 'EcoPackables, packaging', 'plastic': 'compostable packaging, environmentally friendly'} top_collaborating_brands=[CollaborationRecommendation(name='Ecologic Brands', industry='Sustainable packaging', rationale="Ecologic Brands creates innovative packaging solutions using recycled materials, aligning with EcoPackables' compostable packaging ethos.", product_concept='Collaboration on a hybrid product line combining compostable and recycled packaging solutions for consumer goods.'), CollaborationRecommendation(name='Better Packaging', industry='Eco-friendly packaging', rationale="Better Packaging partners with brands aiming for sustainability, and their products can complement EcoPackables' compostable offerings.", product_concept='A sustainable packaging kit featuring compostable mailers and recycled protective packaging.'), CollaborationRecommendation(name='Earthpack', industry='Recycled packaging', rationale="Earthpack specializes in affordable recycled packaging, aligning with EcoPackables' mission to provide eco-friendly packaging options.", product_concept='Co-branded packaging solutions that offer both recycled and compostable options for eCommerce businesses.'), CollaborationRecommendation(name='Elevate Packaging', industry='Sustainable packaging', rationale='Elevate Packaging focuses on compostable materials, making them a natural fit to collaborate on creating a wider range of sustainable products.', product_concept='Joint product line of fully compostable bags and labels for food and retail markets.'), CollaborationRecommendation(name='noissue', industry='Custom packaging', rationale="noissue provides sustainable custom packaging that aligns with EcoPackables' compostable products, enhancing customization options.", product_concept='Custom packaging solutions that utilize both compostable materials and eco-friendly inks for brand storytelling.')]
2025-05-21 14:23:45,625 INFO Creating Sustainability Brand Researcher agent
2025-05-21 14:23:45,630 INFO Creating Plastic analyst agent
2025-05-21 14:23:45,652 INFO id='e4a6a45b-7a9e-4d77-958f-7989ccaa85a6' brand_name='BMW' plastic_type='PPTV20' location='Munich' brand_results={} plastic_results={} collab_results={} combined_results={} brand_research_needed=False plastic_research_needed=False brand_research_complete=False plastic_research_complete=False brand_saved_to_db=False plastic_saved_to_db=False
2025-05-21 14:23:50,794 INFO Starting crew kickoff with input: {'brand_data': {'id': 3, 'brand_id': '3208ed61-6a18-539c-9e35-ed27cfe1d9d7', 'name': 'BMW', 'industry': 'Automotive', 'main_products': ['Luxury Vehicles', 'Electric Vehicles', 'Motorcycles'], 'sustainability_initiatives': ['Using ocean plastics for vehicle trim components', 'Aiming for 100% recyclable vehicles by 2030', 'Increasing recycled materials in production to 40% by 2030', 'CO2 emissions reduction projects', 'Sustainable logistics to minimize plastic waste'], 'plastic_materials_used': ['Ocean plastics', 'Thermoplastics with recycled content'], 'past_collaborations': [], 'operational_regions': ['Germany', 'China', 'United States', 'Europe'], 'created_at': '2025-05-21T11:06:50.870314', 'similarity_score': 0.8456289768218994}, 'plastic_data': {'id': 22, 'plastic_id': '40a509d3-58cd-504c-a8ad-2117541e458d', 'type': 'Polypropylene Terephthalate', 'properties': ['High strength', 'Lightweight', 'Good thermal stability', 'Chemical resistance'], 'applications': ['Bottles', 'Food packaging', 'Textiles', 'Automotive parts'], 'environmental_impact': "PPTV20 is not biodegradable and may contribute to plastic pollution, but it's recyclable under specific conditions.", 'recycling_potential': 'PPTV20 can be recycled through mechanical recycling or chemical recycling methods.', 'regional_relevance': None, 'created_at': '2025-05-21T12:15:55.560359', 'similarity_score': 0.8550062775611877}}
2025-05-21 14:23:50,795 INFO Crew instance created
2025-05-21 14:24:06,514 INFO Crew execution completed with result: input_summary={'brand': 'Assumed Fashion Brand - Sustainable Fashion', 'plastic': 'PET - Recyclable'} top_collaborating_brands=[CollaborationRecommendation(name='Good On You', industry='Ethical Clothing', rationale='Good On You ranks brands on their ethical and environmental impact, aligning with sustainability goals.', product_concept='A collection of affordable, stylish clothing made from recycled PET.'), CollaborationRecommendation(name='Patagonia', industry='Outdoor Apparel', rationale='Patagonia is a leader in sustainability, known for their commitment to using recycled materials.', product_concept='A limited edition line of outdoor gear made from recycled PET to promote eco-friendly adventures.'), CollaborationRecommendation(name='Reformation', industry='Fashion', rationale='Reformation focuses on sustainable practices and eco-friendly materials, making them a strong match.', product_concept='A capsule collection featuring dresses that utilize PET fabric.'), CollaborationRecommendation(name='Allbirds', industry='Footwear', rationale='Allbirds emphasizes using natural and recycled materials, complementing a fashion-focused collaboration.', product_concept='Sustainable sneakers made partially from recycled PET, promoting circular fashion.'), CollaborationRecommendation(name='Eileen Fisher', industry='Apparel', rationale='Eileen Fisher has a strong commitment to sustainability and ethical production.', product_concept='An exclusive line of women’s apparel integrating recycled PET fabrics.')]
2025-05-21 14:27:49,780 INFO Creating Sustainability Brand Researcher agent
2025-05-21 14:27:49,784 INFO Creating Plastic analyst agent
2025-05-21 14:27:49,806 INFO id='c52c8c96-d235-45f5-84e2-bc04e3aa10a7' brand_name='BMW' plastic_type='acrylonitrile butadiene styrene' location='Munich' brand_results={} plastic_results={} collab_results={} combined_results={} brand_research_needed=False plastic_research_needed=False brand_research_complete=False plastic_research_complete=False brand_saved_to_db=False plastic_saved_to_db=False
2025-05-21 14:27:56,187 INFO Inside Router after plastic research: {'id': 22, 'plastic_id': '40a509d3-58cd-504c-a8ad-2117541e458d', 'type': 'Polypropylene Terephthalate', 'properties': ['High strength', 'Lightweight', 'Good thermal stability', 'Chemical resistance'], 'applications': ['Bottles', 'Food packaging', 'Textiles', 'Automotive parts'], 'environmental_impact': "PPTV20 is not biodegradable and may contribute to plastic pollution, but it's recyclable under specific conditions.", 'recycling_potential': 'PPTV20 can be recycled through mechanical recycling or chemical recycling methods.', 'regional_relevance': None, 'created_at': '2025-05-21T12:15:55.560359', 'similarity_score': 0.7274996638298035}
2025-05-21 14:27:56,189 INFO Starting crew kickoff with input: {'plastic_type': 'acrylonitrile butadiene styrene', 'location': 'Munich'}
2025-05-21 14:27:56,189 INFO Creating analyze plastic material task
2025-05-21 14:27:56,192 INFO Crew instance created
2025-05-21 14:28:02,193 INFO Crew execution completed with result: plastic_id='ABS' type='Acrylonitrile Butadiene Styrene (ABS)' properties=['High impact resistance', 'Strong and durable', 'Glass transition temperature of approximately 105 °C (221 °F)', 'Thermoplastic nature allows remolding'] applications=['Consumer electronics housings', 'Automotive parts', 'Lego bricks', 'Kitchen appliances', '3D printing materials'] environmental_impact='ABS has a large carbon footprint due to energy-intensive production processes that rely on fossil fuels. It is not biodegradable and contributes to environmental pollution if not recycled properly.' recycling_potential='ABS is recyclable but can be challenging due to its complex composition. Recycling methods include mechanical recycling and reusing post-consumer materials. Recycled ABS is gaining popularity in manufacturing.' regional_relevance=None
2025-05-21 14:28:02,339 INFO Inside Router after plastic research: plastic_id='ABS' type='Acrylonitrile Butadiene Styrene (ABS)' properties=['High impact resistance', 'Strong and durable', 'Glass transition temperature of approximately 105 °C (221 °F)', 'Thermoplastic nature allows remolding'] applications=['Consumer electronics housings', 'Automotive parts', 'Lego bricks', 'Kitchen appliances', '3D printing materials'] environmental_impact='ABS has a large carbon footprint due to energy-intensive production processes that rely on fossil fuels. It is not biodegradable and contributes to environmental pollution if not recycled properly.' recycling_potential='ABS is recyclable but can be challenging due to its complex composition. Recycling methods include mechanical recycling and reusing post-consumer materials. Recycled ABS is gaining popularity in manufacturing.' regional_relevance=None
2025-05-21 14:28:02,339 INFO Storing Plastic Info After research: plastic_id='ABS' type='Acrylonitrile Butadiene Styrene (ABS)' properties=['High impact resistance', 'Strong and durable', 'Glass transition temperature of approximately 105 °C (221 °F)', 'Thermoplastic nature allows remolding'] applications=['Consumer electronics housings', 'Automotive parts', 'Lego bricks', 'Kitchen appliances', '3D printing materials'] environmental_impact='ABS has a large carbon footprint due to energy-intensive production processes that rely on fossil fuels. It is not biodegradable and contributes to environmental pollution if not recycled properly.' recycling_potential='ABS is recyclable but can be challenging due to its complex composition. Recycling methods include mechanical recycling and reusing post-consumer materials. Recycled ABS is gaining popularity in manufacturing.' regional_relevance=None
2025-05-21 14:28:02,342 INFO Starting crew kickoff with input: {'plastic_type': 'acrylonitrile butadiene styrene', 'location': 'Munich'}
2025-05-21 14:28:02,342 INFO Crew instance created
2025-05-21 14:28:07,045 INFO Crew execution completed with result: plastic_id=None type='Acrylonitrile Butadiene Styrene (ABS)' properties=['High impact resistance', 'Strength and durability', 'Glass transition temperature of approximately 105 °C (221 °F)', 'Thermoplastic nature allows it to be melted and reshaped multiple times'] applications=['Toys', 'Automotive parts', 'Consumer electronics', 'Household appliances', 'Kitchenware'] environmental_impact='ABS has a significant carbon footprint due to its energy-intensive production processes, which predominantly rely on fossil fuels. It is not biodegradable and poses pollution risks when discarded improperly.' recycling_potential='ABS is recyclable; however, recycling can be challenging due to its composition. It can be recycled multiple times without significant degradation of mechanical properties.' regional_relevance=None
2025-05-21 14:28:07,337 INFO Inside Router after plastic research: plastic_id=None type='Acrylonitrile Butadiene Styrene (ABS)' properties=['High impact resistance', 'Strength and durability', 'Glass transition temperature of approximately 105 °C (221 °F)', 'Thermoplastic nature allows it to be melted and reshaped multiple times'] applications=['Toys', 'Automotive parts', 'Consumer electronics', 'Household appliances', 'Kitchenware'] environmental_impact='ABS has a significant carbon footprint due to its energy-intensive production processes, which predominantly rely on fossil fuels. It is not biodegradable and poses pollution risks when discarded improperly.' recycling_potential='ABS is recyclable; however, recycling can be challenging due to its composition. It can be recycled multiple times without significant degradation of mechanical properties.' regional_relevance=None
2025-05-21 14:28:07,337 INFO Storing Plastic Info After research: plastic_id=None type='Acrylonitrile Butadiene Styrene (ABS)' properties=['High impact resistance', 'Strength and durability', 'Glass transition temperature of approximately 105 °C (221 °F)', 'Thermoplastic nature allows it to be melted and reshaped multiple times'] applications=['Toys', 'Automotive parts', 'Consumer electronics', 'Household appliances', 'Kitchenware'] environmental_impact='ABS has a significant carbon footprint due to its energy-intensive production processes, which predominantly rely on fossil fuels. It is not biodegradable and poses pollution risks when discarded improperly.' recycling_potential='ABS is recyclable; however, recycling can be challenging due to its composition. It can be recycled multiple times without significant degradation of mechanical properties.' regional_relevance=None
2025-05-21 14:28:07,339 INFO Starting crew kickoff with input: {'plastic_type': 'acrylonitrile butadiene styrene', 'location': 'Munich'}
2025-05-21 14:28:07,340 INFO Crew instance created
2025-05-21 14:28:13,467 INFO Crew execution completed with result: plastic_id='ABS' type='Acrylonitrile Butadiene Styrene' properties=['High impact resistance', 'Good thermal stability', 'Durability and strength', 'Good electrical insulation', 'Glass transition temperature of approximately 105 °C (221 °F)'] applications=['Automotive parts', 'Consumer electronics (e.g., housings for appliances)', 'Toys (e.g., LEGO bricks)', 'Medical devices', '3D printing materials'] environmental_impact='ABS has a large carbon footprint due to energy-intensive production processes that rely on fossil fuels. It is not biodegradable and can contribute to pollution if not properly managed.' recycling_potential='ABS is recyclable, although the recycling process can be challenging. Manufacturers are increasingly using recycled ABS content, and mechanical recycling methods are being developed.' regional_relevance=None
2025-05-21 14:28:13,604 INFO Inside Router after plastic research: plastic_id='ABS' type='Acrylonitrile Butadiene Styrene' properties=['High impact resistance', 'Good thermal stability', 'Durability and strength', 'Good electrical insulation', 'Glass transition temperature of approximately 105 °C (221 °F)'] applications=['Automotive parts', 'Consumer electronics (e.g., housings for appliances)', 'Toys (e.g., LEGO bricks)', 'Medical devices', '3D printing materials'] environmental_impact='ABS has a large carbon footprint due to energy-intensive production processes that rely on fossil fuels. It is not biodegradable and can contribute to pollution if not properly managed.' recycling_potential='ABS is recyclable, although the recycling process can be challenging. Manufacturers are increasingly using recycled ABS content, and mechanical recycling methods are being developed.' regional_relevance=None
2025-05-21 14:28:13,604 INFO Storing Plastic Info After research: plastic_id='ABS' type='Acrylonitrile Butadiene Styrene' properties=['High impact resistance', 'Good thermal stability', 'Durability and strength', 'Good electrical insulation', 'Glass transition temperature of approximately 105 °C (221 °F)'] applications=['Automotive parts', 'Consumer electronics (e.g., housings for appliances)', 'Toys (e.g., LEGO bricks)', 'Medical devices', '3D printing materials'] environmental_impact='ABS has a large carbon footprint due to energy-intensive production processes that rely on fossil fuels. It is not biodegradable and can contribute to pollution if not properly managed.' recycling_potential='ABS is recyclable, although the recycling process can be challenging. Manufacturers are increasingly using recycled ABS content, and mechanical recycling methods are being developed.' regional_relevance=None
2025-05-21 14:28:13,607 INFO Starting crew kickoff with input: {'plastic_type': 'acrylonitrile butadiene styrene', 'location': 'Munich'}
2025-05-21 14:28:13,607 INFO Crew instance created
2025-05-21 14:28:22,919 INFO Crew execution completed with result: plastic_id=None type='Acrylonitrile Butadiene Styrene (ABS)' properties=['High impact resistance', 'Durability', 'Good thermal stability', 'Moderate chemical resistance', 'Easily machinable'] applications=['Toys', 'Electronic housings', 'Automotive parts', 'Kitchen appliances', '3D printing'] environmental_impact='ABS production has a high carbon footprint due to energy-intensive processes that rely on fossil fuels. It is not biodegradable, contributing to plastic pollution in the environment.' recycling_potential='ABS is recyclable but can be challenging to process due to its complex composition. Common methods include mechanical recycling, with the possibility of using recycled ABS in various applications.' regional_relevance=None
2025-05-21 14:28:23,047 INFO Inside Router after plastic research: plastic_id=None type='Acrylonitrile Butadiene Styrene (ABS)' properties=['High impact resistance', 'Durability', 'Good thermal stability', 'Moderate chemical resistance', 'Easily machinable'] applications=['Toys', 'Electronic housings', 'Automotive parts', 'Kitchen appliances', '3D printing'] environmental_impact='ABS production has a high carbon footprint due to energy-intensive processes that rely on fossil fuels. It is not biodegradable, contributing to plastic pollution in the environment.' recycling_potential='ABS is recyclable but can be challenging to process due to its complex composition. Common methods include mechanical recycling, with the possibility of using recycled ABS in various applications.' regional_relevance=None
2025-05-21 14:28:23,047 INFO Storing Plastic Info After research: plastic_id=None type='Acrylonitrile Butadiene Styrene (ABS)' properties=['High impact resistance', 'Durability', 'Good thermal stability', 'Moderate chemical resistance', 'Easily machinable'] applications=['Toys', 'Electronic housings', 'Automotive parts', 'Kitchen appliances', '3D printing'] environmental_impact='ABS production has a high carbon footprint due to energy-intensive processes that rely on fossil fuels. It is not biodegradable, contributing to plastic pollution in the environment.' recycling_potential='ABS is recyclable but can be challenging to process due to its complex composition. Common methods include mechanical recycling, with the possibility of using recycled ABS in various applications.' regional_relevance=None
2025-05-21 14:28:23,050 INFO Starting crew kickoff with input: {'plastic_type': 'acrylonitrile butadiene styrene', 'location': 'Munich'}
2025-05-21 14:28:23,050 INFO Crew instance created
2025-05-21 14:28:28,970 INFO Crew execution completed with result: plastic_id='ABS' type='Acrylonitrile Butadiene Styrene (ABS)' properties=['High impact resistance', 'Good heat resistance', 'Durability', 'Strength', 'Thermoplastic nature allowing remolding'] applications=['Toys', 'Automotive parts', 'Consumer electronics', 'Household appliances', 'Lego bricks'] environmental_impact='ABS is not biodegradable and has a substantial carbon footprint from production. It poses risks of plastic pollution and requires careful disposal.' recycling_potential='ABS is recyclable, though the recycling process can be complex due to impurities. Mechanical recycling is commonly used.' regional_relevance=None
2025-05-21 14:28:29,109 INFO Inside Router after plastic research: plastic_id='ABS' type='Acrylonitrile Butadiene Styrene (ABS)' properties=['High impact resistance', 'Good heat resistance', 'Durability', 'Strength', 'Thermoplastic nature allowing remolding'] applications=['Toys', 'Automotive parts', 'Consumer electronics', 'Household appliances', 'Lego bricks'] environmental_impact='ABS is not biodegradable and has a substantial carbon footprint from production. It poses risks of plastic pollution and requires careful disposal.' recycling_potential='ABS is recyclable, though the recycling process can be complex due to impurities. Mechanical recycling is commonly used.' regional_relevance=None
2025-05-21 14:28:29,109 INFO Storing Plastic Info After research: plastic_id='ABS' type='Acrylonitrile Butadiene Styrene (ABS)' properties=['High impact resistance', 'Good heat resistance', 'Durability', 'Strength', 'Thermoplastic nature allowing remolding'] applications=['Toys', 'Automotive parts', 'Consumer electronics', 'Household appliances', 'Lego bricks'] environmental_impact='ABS is not biodegradable and has a substantial carbon footprint from production. It poses risks of plastic pollution and requires careful disposal.' recycling_potential='ABS is recyclable, though the recycling process can be complex due to impurities. Mechanical recycling is commonly used.' regional_relevance=None
2025-05-21 14:28:29,112 INFO Starting crew kickoff with input: {'plastic_type': 'acrylonitrile butadiene styrene', 'location': 'Munich'}
2025-05-21 14:28:29,112 INFO Crew instance created
2025-05-21 14:41:28,782 INFO Creating Sustainability Brand Researcher agent
2025-05-21 14:41:28,789 INFO Creating Plastic analyst agent
2025-05-21 14:41:28,822 INFO id='8650cb26-7b06-4c25-adc7-7f716c615537' brand_name='BMW' plastic_type='acrylonitrile butadiene styrene' location='Munich' brand_results={} plastic_results={} collab_results={} combined_results={} brand_research_needed=False plastic_research_needed=False brand_research_complete=False plastic_research_complete=False brand_saved_to_db=False plastic_saved_to_db=False
2025-05-21 14:41:35,762 INFO Starting crew kickoff with input: {'brand_data': {'id': 3, 'brand_id': '3208ed61-6a18-539c-9e35-ed27cfe1d9d7', 'name': 'BMW', 'industry': 'Automotive', 'main_products': ['Luxury Vehicles', 'Electric Vehicles', 'Motorcycles'], 'sustainability_initiatives': ['Using ocean plastics for vehicle trim components', 'Aiming for 100% recyclable vehicles by 2030', 'Increasing recycled materials in production to 40% by 2030', 'CO2 emissions reduction projects', 'Sustainable logistics to minimize plastic waste'], 'plastic_materials_used': ['Ocean plastics', 'Thermoplastics with recycled content'], 'past_collaborations': [], 'operational_regions': ['Germany', 'China', 'United States', 'Europe'], 'created_at': '2025-05-21T11:06:50.870314', 'similarity_score': 0.8456289768218994}, 'plastic_data': {'id': 27, 'plastic_id': '90f01e3e-6867-54d6-8805-362bd21c8091', 'type': 'Acrylonitrile Butadiene Styrene (ABS)', 'properties': ['High impact resistance', 'Good heat resistance', 'Durability', 'Strength', 'Thermoplastic nature allowing remolding'], 'applications': ['Toys', 'Automotive parts', 'Consumer electronics', 'Household appliances', 'Lego bricks'], 'environmental_impact': 'ABS is not biodegradable and has a substantial carbon footprint from production. It poses risks of plastic pollution and requires careful disposal.', 'recycling_potential': 'ABS is recyclable, though the recycling process can be complex due to impurities. Mechanical recycling is commonly used.', 'regional_relevance': None, 'created_at': '2025-05-21T12:28:02.205938', 'similarity_score': 0.8261458873748779}}
2025-05-21 14:41:35,774 INFO Crew instance created
2025-05-21 14:41:48,823 INFO Crew execution completed with result: input_summary={'brand': 'Fashion Eco-friendly brands from USA', 'plastic': 'Polyester, made from recycled materials'} top_collaborating_brands=[CollaborationRecommendation(name='Outerknown', industry='Apparel', rationale='Outerknown has a strong commitment to sustainable practices, using eco-friendly materials that align with the use of recycled plastics.', product_concept='A line of activewear made from recycled polyester fibers, promoting sustainability while ensuring high performance.'), CollaborationRecommendation(name='Reformation', industry="Women's Clothing", rationale='Reformation is known for its environmentally friendly practices and could integrate recycled polyester into their fabrication process.', product_concept='A collection of stylish dresses using recycled plastic fabrics that highlight sustainable fashion in high-demand styles.'), CollaborationRecommendation(name='Toad&Co', industry='Outdoor Apparel', rationale='Toad&Co focuses on eco-friendly materials and practices, making them a strong candidate for collaboration utilizing recycled plastics.', product_concept='Durable outdoor gear designed with a blend of recycled polyester for environmental consciousness and performance.'), CollaborationRecommendation(name='Stella McCartney', industry='Luxury Fashion', rationale='Stella McCartney is a pioneer in sustainable fashion and prefers using materials that do not harm the environment, fitting well with recycled plastics.', product_concept='A premium line of luxury handbags crafted from recycled plastics, combining elegance with sustainability.'), CollaborationRecommendation(name='Christy Dawn', industry='Sustainable Dresses', rationale='Christy Dawn creates eco-conscious dresses and could utilize recycled polyester in their unique, vintage-inspired designs.', product_concept='A vintage-style dress range utilizing recycled plastic fabrics, emphasizing sustainable fashion within romantic aesthetics.')]
2025-05-21 14:42:09,633 INFO Creating Sustainability Brand Researcher agent
2025-05-21 14:42:09,640 INFO Creating Plastic analyst agent
2025-05-21 14:42:09,679 INFO id='0522df66-f96e-4c9f-91f3-9575c1819641' brand_name='Toyota' plastic_type='PET' location='Japan' brand_results={} plastic_results={} collab_results={} combined_results={} brand_research_needed=False plastic_research_needed=False brand_research_complete=False plastic_research_complete=False brand_saved_to_db=False plastic_saved_to_db=False
2025-05-21 14:42:14,850 INFO Inside Router after plastic research: {'id': 18, 'plastic_id': 'fc781d3e-c5d5-529d-a273-023c861db790', 'type': 'Polyethylene Terephthalate (PET)', 'properties': ['Strong and lightweight', 'Excellent chemical resistance', 'Good thermal stability', 'Transparent and can be tinted', '100% recyclable'], 'applications': ['Beverage bottles', 'Food containers', 'Textiles (like polyester)', 'Packaging materials', '3D printing filament'], 'environmental_impact': 'PET is durable but takes hundreds of years to decompose, posing risks to marine life and contributing to microplastics pollution. Its production emits greenhouse gases, although recycling can significantly reduce this impact.', 'recycling_potential': 'PET is one of the most recyclable plastics, with mechanical and chemical recycling methods available. Recycled PET can be used to produce new bottles, fibers, and other products with up to 90% reduction in emissions compared to virgin PET.', 'regional_relevance': None, 'created_at': '2025-05-21T11:47:02.205759', 'similarity_score': 0.7973600924015045}
2025-05-21 14:42:14,854 INFO Starting BrandAnalystCrew with input: {'brand': 'Toyota', 'location': 'Japan'}
2025-05-21 14:42:14,854 INFO Creating analyze_target_brand task
2025-05-21 14:42:14,857 INFO Crew instance created
2025-05-21 14:42:22,038 INFO Crew execution completed with result: brand_id=None name='Toyota' industry='Automotive' main_products=['Vehicles', 'Automobiles'] sustainability_initiatives=['Reducing single-use plastics at offices globally', 'Recycling or reusing over 90% of waste generated', 'Implementing a circular economy'] plastic_materials_used=['Recycled plastics', 'Biodegradable materials'] past_collaborations=['Partnering with suppliers to use sustainable materials', 'Collaborations on waste reduction efforts'] operational_regions=['Japan', 'Thailand', 'North America', 'Europe']
2025-05-21 14:42:22,042 INFO Inside Router after research: {'brand_id': None, 'name': 'Toyota', 'industry': 'Automotive', 'main_products': ['Vehicles', 'Automobiles'], 'sustainability_initiatives': ['Reducing single-use plastics at offices globally', 'Recycling or reusing over 90% of waste generated', 'Implementing a circular economy'], 'plastic_materials_used': ['Recycled plastics', 'Biodegradable materials'], 'past_collaborations': ['Partnering with suppliers to use sustainable materials', 'Collaborations on waste reduction efforts'], 'operational_regions': ['Japan', 'Thailand', 'North America', 'Europe']}
2025-05-21 14:42:22,043 INFO Storing Brand Info After research: {'brand_id': None, 'name': 'Toyota', 'industry': 'Automotive', 'main_products': ['Vehicles', 'Automobiles'], 'sustainability_initiatives': ['Reducing single-use plastics at offices globally', 'Recycling or reusing over 90% of waste generated', 'Implementing a circular economy'], 'plastic_materials_used': ['Recycled plastics', 'Biodegradable materials'], 'past_collaborations': ['Partnering with suppliers to use sustainable materials', 'Collaborations on waste reduction efforts'], 'operational_regions': ['Japan', 'Thailand', 'North America', 'Europe']}
2025-05-21 14:42:22,200 ERROR Error saving brand to DB: object str can't be used in 'await' expression
2025-05-21 14:42:22,204 INFO Starting BrandAnalystCrew with input: {'brand': 'Toyota', 'location': 'Japan'}
2025-05-21 14:42:22,205 INFO Crew instance created
2025-05-21 14:42:26,503 INFO Crew execution completed with result: brand_id=None name='Toyota' industry='Automotive' main_products=['Cars', 'Trucks', 'Hybrids', 'Electric Vehicles'] sustainability_initiatives=['Initiatives to Reduce Single-use Plastics at Offices', 'Reducing plastic packaging in supply chain', 'Circular Factory initiatives', 'Environmental sustainability goals and targets'] plastic_materials_used=['Biodegradable materials', 'Recycled plastics'] past_collaborations=['Collaboration with partners to reduce waste and packaging', 'Efforts to use more sustainable materials in vehicle parts'] operational_regions=['Japan', 'North America', 'Europe', 'Thailand']
2025-05-21 14:42:26,507 INFO Inside Router after research: {'brand_id': None, 'name': 'Toyota', 'industry': 'Automotive', 'main_products': ['Cars', 'Trucks', 'Hybrids', 'Electric Vehicles'], 'sustainability_initiatives': ['Initiatives to Reduce Single-use Plastics at Offices', 'Reducing plastic packaging in supply chain', 'Circular Factory initiatives', 'Environmental sustainability goals and targets'], 'plastic_materials_used': ['Biodegradable materials', 'Recycled plastics'], 'past_collaborations': ['Collaboration with partners to reduce waste and packaging', 'Efforts to use more sustainable materials in vehicle parts'], 'operational_regions': ['Japan', 'North America', 'Europe', 'Thailand']}
2025-05-21 14:42:26,507 INFO Storing Brand Info After research: {'brand_id': None, 'name': 'Toyota', 'industry': 'Automotive', 'main_products': ['Cars', 'Trucks', 'Hybrids', 'Electric Vehicles'], 'sustainability_initiatives': ['Initiatives to Reduce Single-use Plastics at Offices', 'Reducing plastic packaging in supply chain', 'Circular Factory initiatives', 'Environmental sustainability goals and targets'], 'plastic_materials_used': ['Biodegradable materials', 'Recycled plastics'], 'past_collaborations': ['Collaboration with partners to reduce waste and packaging', 'Efforts to use more sustainable materials in vehicle parts'], 'operational_regions': ['Japan', 'North America', 'Europe', 'Thailand']}
2025-05-21 14:42:26,535 ERROR Error saving brand to DB: object str can't be used in 'await' expression
2025-05-21 14:42:26,539 INFO Starting BrandAnalystCrew with input: {'brand': 'Toyota', 'location': 'Japan'}
2025-05-21 14:42:26,539 INFO Crew instance created
2025-05-21 14:42:32,950 INFO Crew execution completed with result: brand_id=None name='Toyota' industry='Automotive' main_products=['Vehicles', 'Automobiles', 'Hybrid Cars', 'Electric Vehicles'] sustainability_initiatives=['Reducing single-use plastics at offices globally', 'Circular economy initiatives', 'Partnerships to use sustainable materials'] plastic_materials_used=['Recycled plastics', 'Biodegradable materials in packaging'] past_collaborations=['Collaborations to reduce waste and improve packaging'] operational_regions=['Japan', 'North America', 'Thailand', 'Europe']
2025-05-21 14:42:32,954 INFO Inside Router after research: {'brand_id': None, 'name': 'Toyota', 'industry': 'Automotive', 'main_products': ['Vehicles', 'Automobiles', 'Hybrid Cars', 'Electric Vehicles'], 'sustainability_initiatives': ['Reducing single-use plastics at offices globally', 'Circular economy initiatives', 'Partnerships to use sustainable materials'], 'plastic_materials_used': ['Recycled plastics', 'Biodegradable materials in packaging'], 'past_collaborations': ['Collaborations to reduce waste and improve packaging'], 'operational_regions': ['Japan', 'North America', 'Thailand', 'Europe']}
2025-05-21 14:42:32,955 INFO Storing Brand Info After research: {'brand_id': None, 'name': 'Toyota', 'industry': 'Automotive', 'main_products': ['Vehicles', 'Automobiles', 'Hybrid Cars', 'Electric Vehicles'], 'sustainability_initiatives': ['Reducing single-use plastics at offices globally', 'Circular economy initiatives', 'Partnerships to use sustainable materials'], 'plastic_materials_used': ['Recycled plastics', 'Biodegradable materials in packaging'], 'past_collaborations': ['Collaborations to reduce waste and improve packaging'], 'operational_regions': ['Japan', 'North America', 'Thailand', 'Europe']}
2025-05-21 14:42:32,981 ERROR Error saving brand to DB: object str can't be used in 'await' expression
2025-05-21 14:42:32,985 INFO Starting BrandAnalystCrew with input: {'brand': 'Toyota', 'location': 'Japan'}
2025-05-21 14:42:32,985 INFO Crew instance created
2025-05-21 14:42:38,283 INFO Crew execution completed with result: brand_id=None name='Toyota' industry='Automotive' main_products=['Cars', 'Trucks', 'SUVs', 'Hybrid vehicles'] sustainability_initiatives=['Reducing single-use plastics at offices globally', 'Recycling or reusing over 90% of waste generated', 'Implementing initiatives to build a circular economy'] plastic_materials_used=['Biodegradable materials', 'Recycled plastics'] past_collaborations=['Collaborations with suppliers to use sustainable materials', 'Partnerships to reduce waste and packaging'] operational_regions=['Japan', 'North America', 'Europe', 'Thailand']
2025-05-21 14:42:38,287 INFO Inside Router after research: {'brand_id': None, 'name': 'Toyota', 'industry': 'Automotive', 'main_products': ['Cars', 'Trucks', 'SUVs', 'Hybrid vehicles'], 'sustainability_initiatives': ['Reducing single-use plastics at offices globally', 'Recycling or reusing over 90% of waste generated', 'Implementing initiatives to build a circular economy'], 'plastic_materials_used': ['Biodegradable materials', 'Recycled plastics'], 'past_collaborations': ['Collaborations with suppliers to use sustainable materials', 'Partnerships to reduce waste and packaging'], 'operational_regions': ['Japan', 'North America', 'Europe', 'Thailand']}
2025-05-21 14:42:38,287 INFO Storing Brand Info After research: {'brand_id': None, 'name': 'Toyota', 'industry': 'Automotive', 'main_products': ['Cars', 'Trucks', 'SUVs', 'Hybrid vehicles'], 'sustainability_initiatives': ['Reducing single-use plastics at offices globally', 'Recycling or reusing over 90% of waste generated', 'Implementing initiatives to build a circular economy'], 'plastic_materials_used': ['Biodegradable materials', 'Recycled plastics'], 'past_collaborations': ['Collaborations with suppliers to use sustainable materials', 'Partnerships to reduce waste and packaging'], 'operational_regions': ['Japan', 'North America', 'Europe', 'Thailand']}
2025-05-21 14:42:38,318 ERROR Error saving brand to DB: object str can't be used in 'await' expression
2025-05-21 14:42:38,322 INFO Starting BrandAnalystCrew with input: {'brand': 'Toyota', 'location': 'Japan'}
2025-05-21 14:42:38,322 INFO Crew instance created
2025-05-21 16:28:23,893 INFO Creating Sustainability Brand Researcher agent
2025-05-21 16:28:23,896 INFO Creating Plastic analyst agent
2025-05-21 16:28:23,920 INFO id='37691592-b838-4349-9b0f-e3f00bf28df7' brand_name='BMW' plastic_type='PP' location='Munich' brand_results={} plastic_results={} collab_results={} combined_results={} brand_research_needed=False plastic_research_needed=False brand_research_complete=False plastic_research_complete=False brand_saved_to_db=False plastic_saved_to_db=False
2025-05-21 16:28:26,453 INFO Starting crew kickoff with input: {'brand_data': {'id': 3, 'brand_id': '3208ed61-6a18-539c-9e35-ed27cfe1d9d7', 'name': 'BMW', 'industry': 'Automotive', 'main_products': ['Luxury Vehicles', 'Electric Vehicles', 'Motorcycles'], 'sustainability_initiatives': ['Using ocean plastics for vehicle trim components', 'Aiming for 100% recyclable vehicles by 2030', 'Increasing recycled materials in production to 40% by 2030', 'CO2 emissions reduction projects', 'Sustainable logistics to minimize plastic waste'], 'plastic_materials_used': ['Ocean plastics', 'Thermoplastics with recycled content'], 'past_collaborations': [], 'operational_regions': ['Germany', 'China', 'United States', 'Europe'], 'created_at': '2025-05-21T11:06:50.870314', 'similarity_score': 0.8456289768218994}, 'plastic_data': {'id': 22, 'plastic_id': '40a509d3-58cd-504c-a8ad-2117541e458d', 'type': 'Polypropylene Terephthalate', 'properties': ['High strength', 'Lightweight', 'Good thermal stability', 'Chemical resistance'], 'applications': ['Bottles', 'Food packaging', 'Textiles', 'Automotive parts'], 'environmental_impact': "PPTV20 is not biodegradable and may contribute to plastic pollution, but it's recyclable under specific conditions.", 'recycling_potential': 'PPTV20 can be recycled through mechanical recycling or chemical recycling methods.', 'regional_relevance': None, 'created_at': '2025-05-21T12:15:55.560359', 'similarity_score': 0.815991222858429}}
2025-05-21 16:28:26,466 INFO Crew instance created
2025-05-21 16:28:40,418 INFO Crew execution completed with result: input_summary={'brand': 'Not specified, but targeting the sustainable fashion or materials industry', 'plastic': 'Type and key property not specified, but implies use of eco-friendly or recycled materials'} top_collaborating_brands=[CollaborationRecommendation(name='Everlane', industry='Sustainable Clothing', rationale='Everlane focuses on ethical production and uses sustainable materials. They align well with brands aiming for better environmental practices.', product_concept='A limited edition clothing line made from recycled plastic materials, emphasizing transparency and sustainable sourcing.'), CollaborationRecommendation(name='Patagonia', industry='Outdoor Apparel', rationale='Patagonia is well-known for its commitment to sustainability and could utilize recycled plastics in their product offerings.', product_concept='Outdoor gear designed for conservation efforts, integrating recycled plastics to raise awareness about plastic pollution.'), CollaborationRecommendation(name='Toms', industry='Footwear', rationale='Toms has sustainability goals and a history of using eco-friendly materials, making them a good match for plastic repurposing initiatives.', product_concept='A special line of shoes made from recycled ocean plastics, with proceeds funding ocean cleanup programs.'), CollaborationRecommendation(name="Rothy's", industry='Footwear', rationale="Rothy's specializes in shoes made from recycled materials, aligning perfectly with the concept of using sustainable plastics.", product_concept='A co-branded collection of shoes that directly communicate the importance of recycling and reducing plastic waste.'), CollaborationRecommendation(name='Allbirds', industry='Sustainable Footwear', rationale='Allbirds promotes natural materials and sustainable practices, making them a strong candidate for collaboration on footwear made from recycled plastics.', product_concept='A line of shoes using ocean-recovered plastics, promoting environmental awareness in a stylish way.')]
2025-05-21 16:41:36,413 INFO Creating Sustainability Brand Researcher agent
2025-05-21 16:41:36,417 INFO Creating Plastic analyst agent
2025-05-21 16:41:36,441 INFO id='40c4e178-1a4c-4e02-80c0-f9f044b206b4' brand_name='BMW' plastic_type='PP' location='Munich' brand_results={} plastic_results={} collab_results={} combined_results={} brand_research_needed=False plastic_research_needed=False brand_research_complete=False plastic_research_complete=False brand_saved_to_db=False plastic_saved_to_db=False
2025-05-21 16:41:42,828 INFO Starting crew kickoff with input: {'brand_data': {'id': 3, 'brand_id': '3208ed61-6a18-539c-9e35-ed27cfe1d9d7', 'name': 'BMW', 'industry': 'Automotive', 'main_products': ['Luxury Vehicles', 'Electric Vehicles', 'Motorcycles'], 'sustainability_initiatives': ['Using ocean plastics for vehicle trim components', 'Aiming for 100% recyclable vehicles by 2030', 'Increasing recycled materials in production to 40% by 2030', 'CO2 emissions reduction projects', 'Sustainable logistics to minimize plastic waste'], 'plastic_materials_used': ['Ocean plastics', 'Thermoplastics with recycled content'], 'past_collaborations': [], 'operational_regions': ['Germany', 'China', 'United States', 'Europe'], 'created_at': '2025-05-21T11:06:50.870314', 'similarity_score': 0.8456289768218994}, 'plastic_data': {'id': 22, 'plastic_id': '40a509d3-58cd-504c-a8ad-2117541e458d', 'type': 'Polypropylene Terephthalate', 'properties': ['High strength', 'Lightweight', 'Good thermal stability', 'Chemical resistance'], 'applications': ['Bottles', 'Food packaging', 'Textiles', 'Automotive parts'], 'environmental_impact': "PPTV20 is not biodegradable and may contribute to plastic pollution, but it's recyclable under specific conditions.", 'recycling_potential': 'PPTV20 can be recycled through mechanical recycling or chemical recycling methods.', 'regional_relevance': None, 'created_at': '2025-05-21T12:15:55.560359', 'similarity_score': 0.815991222858429}}
2025-05-21 16:41:42,831 INFO Crew instance created
2025-05-21 16:41:52,442 INFO Crew execution completed with result: input_summary={'brand': 'Various sustainable brands from fashion and beauty industry', 'plastic': 'Recyclable PET plastic known for its strength and lightweight properties'} top_collaborating_brands=[CollaborationRecommendation(name='Patagonia', industry='Outdoor Apparel', rationale='Patagonia focuses on environmentally friendly materials and is known for its recycling initiatives, potentially leveraging recyclable plastics in their product lines.', product_concept='A special line of outdoor gear made from 100% recycled PET plastics.'), CollaborationRecommendation(name='Toms', industry='Footwear', rationale='Toms has a strong commitment to sustainability and social responsibility, and could use recyclable plastics in their shoes.', product_concept='Shoes designed using recycled PET materials, with a portion of proceeds going to plastic cleanup initiatives.'), CollaborationRecommendation(name='Method', industry='Household Cleaning Products', rationale='Method is known for using recycled materials in its packaging, making it a good match for brands that wish to incorporate recyclable plastics.', product_concept='Collaboration on eco-friendly cleaning product containers made from recycled plastics.'), CollaborationRecommendation(name='Allbirds', industry='Sustainable Footwear', rationale='Allbirds emphasizes sustainable materials, possibly using recycled plastics in their products enhances brand alignment.', product_concept='A limited edition shoe line made from recycled PET plastics, marketed towards eco-conscious consumers.'), CollaborationRecommendation(name='Nuun', industry='Hydration Tablets', rationale='Nuun’s packaging focuses on sustainability and could greatly benefit from incorporating recyclable materials.', product_concept='Hydration packaging made from recycled PET, promoting a message of clean hydration and eco-awareness.')]
2025-05-21 16:42:55,481 INFO Creating Sustainability Brand Researcher agent
2025-05-21 16:42:55,487 INFO Creating Plastic analyst agent
2025-05-21 16:42:55,522 INFO id='66e9b710-4f3f-426a-ad52-f3487aa4e11a' brand_name='Royal Royce' plastic_type='PP' location='Munich' brand_results={} plastic_results={} collab_results={} combined_results={} brand_research_needed=False plastic_research_needed=False brand_research_complete=False plastic_research_complete=False brand_saved_to_db=False plastic_saved_to_db=False
2025-05-21 16:43:00,730 INFO Starting BrandAnalystCrew with input: {'brand': 'Royal Royce', 'location': 'Munich'}
2025-05-21 16:43:00,731 INFO Creating analyze_target_brand task
2025-05-21 16:43:00,732 INFO Crew instance created
2025-05-21 16:43:07,472 INFO Crew execution completed with result: brand_id=None name='Rolls-Royce' industry='Automotive and Aerospace' main_products=['Aero Engines', 'Luxury Vehicles'] sustainability_initiatives=['Commitment to reaching net zero by 2050', 'Net zero carbon in operations by 2030', 'Partnership with Goodwood Estate for environmental projects'] plastic_materials_used=['HDPE', 'PET bottles'] past_collaborations=['Goodwood Estate for wildlife projects', 'Projects involving recycling used PET bottles in Thailand'] operational_regions=['Global', 'United Kingdom', 'Thailand']
2025-05-21 16:43:07,475 INFO Starting BrandAnalystCrew with input: {'brand': 'Royal Royce', 'location': 'Munich'}
2025-05-21 16:43:07,475 INFO Crew instance created
2025-05-21 16:43:10,851 INFO Crew execution completed with result: brand_id=None name='Rolls-Royce' industry='Automotive & Aerospace' main_products=['Aero engines', 'Luxury cars', 'Defense systems'] sustainability_initiatives=['Commitment to net zero by 2050', 'Reduction of greenhouse gas emissions by 46% by 2030', 'Partnership with Goodwood Estate for sustainability projects'] plastic_materials_used=['HDPE', 'PET'] past_collaborations=['Goodwood Estate partnership'] operational_regions=['Global', 'United Kingdom', 'Thailand']
2025-05-21 16:43:10,854 INFO Starting BrandAnalystCrew with input: {'brand': 'Royal Royce', 'location': 'Munich'}
2025-05-21 16:43:10,854 INFO Crew instance created
2025-05-21 16:43:14,535 INFO Crew execution completed with result: brand_id=None name='Rolls-Royce' industry='Automotive, Aerospace' main_products=['Luxury automobiles', 'Aero engines', 'Power systems'] sustainability_initiatives=['Commitment to reaching net zero by 2050', 'Net zero carbon in operations by 2030', 'Various sustainability partnerships including with Goodwood Estate'] plastic_materials_used=['HDPE'] past_collaborations=['Goodwood Estate for environmental projects'] operational_regions=['Global operations']
2025-05-21 16:43:14,538 INFO Starting BrandAnalystCrew with input: {'brand': 'Royal Royce', 'location': 'Munich'}
2025-05-21 16:43:14,538 INFO Crew instance created
2025-05-21 16:43:18,981 INFO Crew execution completed with result: brand_id=None name='Rolls-Royce' industry='Aerospace and Automotive' main_products=['Aero Engines', 'Luxury Cars'] sustainability_initiatives=['Net zero by 2050', 'Carbon neutrality by 2030', 'Partnership with Goodwood Estate'] plastic_materials_used=['PET bottles', 'HDPE'] past_collaborations=['Goodwood Estate'] operational_regions=['Global', 'South Thailand']
2025-05-21 16:43:18,984 INFO Starting BrandAnalystCrew with input: {'brand': 'Royal Royce', 'location': 'Munich'}
2025-05-21 16:43:18,984 INFO Crew instance created
2025-05-21 16:44:54,557 INFO Creating Sustainability Brand Researcher agent
2025-05-21 16:44:54,560 INFO Creating Plastic analyst agent
2025-05-21 16:44:54,580 INFO id='ad0ade8c-d469-426e-a243-ffca25f90ffa' brand_name='Bentley' plastic_type='PP' location='Munich' brand_results={} plastic_results={} collab_results={} combined_results={} brand_research_needed=False plastic_research_needed=False brand_research_complete=False plastic_research_complete=False brand_saved_to_db=False plastic_saved_to_db=False
2025-05-21 16:45:00,865 INFO Starting BrandAnalystCrew with input: {'brand': 'Bentley', 'location': 'Munich'}
2025-05-21 16:45:00,865 INFO Creating analyze_target_brand task
2025-05-21 16:45:00,867 INFO Crew instance created
2025-05-21 16:45:05,849 INFO Crew execution completed with result: brand_id=None name='Bentley' industry='Automotive' main_products=['Luxury Cars'] sustainability_initiatives=['Going carbon-neutral by 2030', 'Achieving Net Zero Plastic to Nature status', 'Implementing a Sustainable Plastic Management System'] plastic_materials_used=['Recycled plastics', 'Various sustainable plastics'] past_collaborations=['South Pole for plastic stewardship', 'Environmental Foundation for river clean-ups in Thailand'] operational_regions=['Crewe, England']
2025-05-21 16:45:05,852 INFO Inside Router after research: {'brand_id': None, 'name': 'Bentley', 'industry': 'Automotive', 'main_products': ['Luxury Cars'], 'sustainability_initiatives': ['Going carbon-neutral by 2030', 'Achieving Net Zero Plastic to Nature status', 'Implementing a Sustainable Plastic Management System'], 'plastic_materials_used': ['Recycled plastics', 'Various sustainable plastics'], 'past_collaborations': ['South Pole for plastic stewardship', 'Environmental Foundation for river clean-ups in Thailand'], 'operational_regions': ['Crewe, England']}
2025-05-21 16:45:05,853 INFO Storing Brand Info After research: {'brand_id': None, 'name': 'Bentley', 'industry': 'Automotive', 'main_products': ['Luxury Cars'], 'sustainability_initiatives': ['Going carbon-neutral by 2030', 'Achieving Net Zero Plastic to Nature status', 'Implementing a Sustainable Plastic Management System'], 'plastic_materials_used': ['Recycled plastics', 'Various sustainable plastics'], 'past_collaborations': ['South Pole for plastic stewardship', 'Environmental Foundation for river clean-ups in Thailand'], 'operational_regions': ['Crewe, England']}
2025-05-21 16:45:05,987 ERROR Error saving brand to DB: object str can't be used in 'await' expression
2025-05-21 16:45:05,990 INFO Starting crew kickoff with input: {'brand_data': {'brand_id': None, 'name': 'Bentley', 'industry': 'Automotive', 'main_products': ['Luxury Cars'], 'sustainability_initiatives': ['Going carbon-neutral by 2030', 'Achieving Net Zero Plastic to Nature status', 'Implementing a Sustainable Plastic Management System'], 'plastic_materials_used': ['Recycled plastics', 'Various sustainable plastics'], 'past_collaborations': ['South Pole for plastic stewardship', 'Environmental Foundation for river clean-ups in Thailand'], 'operational_regions': ['Crewe, England']}, 'plastic_data': {'id': 22, 'plastic_id': '40a509d3-58cd-504c-a8ad-2117541e458d', 'type': 'Polypropylene Terephthalate', 'properties': ['High strength', 'Lightweight', 'Good thermal stability', 'Chemical resistance'], 'applications': ['Bottles', 'Food packaging', 'Textiles', 'Automotive parts'], 'environmental_impact': "PPTV20 is not biodegradable and may contribute to plastic pollution, but it's recyclable under specific conditions.", 'recycling_potential': 'PPTV20 can be recycled through mechanical recycling or chemical recycling methods.', 'regional_relevance': None, 'created_at': '2025-05-21T12:15:55.560359', 'similarity_score': 0.815991222858429}}
2025-05-21 16:45:05,991 INFO Crew instance created
2025-05-21 16:45:15,427 INFO Crew execution completed with result: input_summary={'brand': 'Eco-friendly packaging brand - sustainable packaging', 'plastic': 'Biodegradable plastic - compostable property'} top_collaborating_brands=[CollaborationRecommendation(name='Universal Biopack', industry='Food Packaging', rationale='Universal Biopack specializes in producing bamboo and cassava-based biodegradable packaging, aligning perfectly with the sustainable goals of using compostable materials.', product_concept='Collaborate on a line of fully compostable takeaway containers for restaurants.'), CollaborationRecommendation(name='PaperFoam', industry='Eco-friendly packaging', rationale='PaperFoam focuses on creating biodegradable products and shares a commitment to reducing plastic waste through their innovative materials.', product_concept='Develop eco-friendly packaging solutions designed for e-commerce that use biodegradable foams.'), CollaborationRecommendation(name='Notpla', industry='Sustainable food packaging', rationale='Notpla uses seaweed and other natural materials for their packaging, making them an ideal partner to promote biodegradable options.', product_concept='Jointly create a range of single-use food containers that decompose in home compost systems.'), CollaborationRecommendation(name='Kraft Heinz', industry='Consumer Goods', rationale='Kraft Heinz is heavily invested in increasing recycled content in packaging and would benefit from a partnership focusing on biodegradable solutions.', product_concept='Introduce new ranges of condiments in biodegradable pouches that provide convenience without the plastic waste.'), CollaborationRecommendation(name='Patagonia', industry='Outdoor Apparel', rationale='Patagonia has a strong environmental ethos and commitment to sustainable practices, including reducing plastic usage.', product_concept='Design a collection of outdoor gear and apparel with packaging that incorporates innovative biodegradable materials.')]
2025-05-21 16:46:38,234 INFO Creating Sustainability Brand Researcher agent
2025-05-21 16:46:38,237 INFO Creating Plastic analyst agent
2025-05-21 16:46:38,258 INFO id='f66ba72d-c285-4405-b1bf-835a8f138b32' brand_name='BMW' plastic_type='PET' location='Munich' brand_results={} plastic_results={} collab_results={} combined_results={} brand_research_needed=False plastic_research_needed=False brand_research_complete=False plastic_research_complete=False brand_saved_to_db=False plastic_saved_to_db=False
2025-05-21 16:46:44,262 INFO Starting crew kickoff with input: {'plastic_type': 'PET', 'location': 'Munich'}
2025-05-21 16:46:44,262 INFO Creating analyze plastic material task
2025-05-21 16:46:44,265 INFO Crew instance created
2025-05-21 16:46:52,222 INFO Crew execution completed with result: plastic_id=None type='Polyethylene Terephthalate (PET)' properties=['Good mechanical properties', 'Resistance to impact', 'High tensile strength', 'Stable chemical structure'] applications=['Beverage bottles', 'Food packaging', 'Textiles (e.g., polyester fibers)', 'Thermal insulation'] environmental_impact='PET is not biodegradable and can contribute to pollution. Its production and disposal can release harmful chemicals into the environment, affecting ecosystems and human health.' recycling_potential='PET is one of the most widely recycled plastics; it can be nearly infinitely recycled, which helps reduce the need for virgin materials and lowers greenhouse gas emissions by up to 90%.' regional_relevance=None
2025-05-21 16:46:52,225 INFO Inside Router after plastic research: {'plastic_id': None, 'type': 'Polyethylene Terephthalate (PET)', 'properties': ['Good mechanical properties', 'Resistance to impact', 'High tensile strength', 'Stable chemical structure'], 'applications': ['Beverage bottles', 'Food packaging', 'Textiles (e.g., polyester fibers)', 'Thermal insulation'], 'environmental_impact': 'PET is not biodegradable and can contribute to pollution. Its production and disposal can release harmful chemicals into the environment, affecting ecosystems and human health.', 'recycling_potential': 'PET is one of the most widely recycled plastics; it can be nearly infinitely recycled, which helps reduce the need for virgin materials and lowers greenhouse gas emissions by up to 90%.', 'regional_relevance': None}
2025-05-21 16:46:52,226 INFO Storing Plastic Info After research: {'plastic_id': None, 'type': 'Polyethylene Terephthalate (PET)', 'properties': ['Good mechanical properties', 'Resistance to impact', 'High tensile strength', 'Stable chemical structure'], 'applications': ['Beverage bottles', 'Food packaging', 'Textiles (e.g., polyester fibers)', 'Thermal insulation'], 'environmental_impact': 'PET is not biodegradable and can contribute to pollution. Its production and disposal can release harmful chemicals into the environment, affecting ecosystems and human health.', 'recycling_potential': 'PET is one of the most widely recycled plastics; it can be nearly infinitely recycled, which helps reduce the need for virgin materials and lowers greenhouse gas emissions by up to 90%.', 'regional_relevance': None}
2025-05-21 16:46:52,384 INFO Starting crew kickoff with input: {'brand_data': {'id': 3, 'brand_id': '3208ed61-6a18-539c-9e35-ed27cfe1d9d7', 'name': 'BMW', 'industry': 'Automotive', 'main_products': ['Luxury Vehicles', 'Electric Vehicles', 'Motorcycles'], 'sustainability_initiatives': ['Using ocean plastics for vehicle trim components', 'Aiming for 100% recyclable vehicles by 2030', 'Increasing recycled materials in production to 40% by 2030', 'CO2 emissions reduction projects', 'Sustainable logistics to minimize plastic waste'], 'plastic_materials_used': ['Ocean plastics', 'Thermoplastics with recycled content'], 'past_collaborations': [], 'operational_regions': ['Germany', 'China', 'United States', 'Europe'], 'created_at': '2025-05-21T11:06:50.870314', 'similarity_score': 0.8456289768218994}, 'plastic_data': {'plastic_id': None, 'type': 'Polyethylene Terephthalate (PET)', 'properties': ['Good mechanical properties', 'Resistance to impact', 'High tensile strength', 'Stable chemical structure'], 'applications': ['Beverage bottles', 'Food packaging', 'Textiles (e.g., polyester fibers)', 'Thermal insulation'], 'environmental_impact': 'PET is not biodegradable and can contribute to pollution. Its production and disposal can release harmful chemicals into the environment, affecting ecosystems and human health.', 'recycling_potential': 'PET is one of the most widely recycled plastics; it can be nearly infinitely recycled, which helps reduce the need for virgin materials and lowers greenhouse gas emissions by up to 90%.', 'regional_relevance': None}}
2025-05-21 16:46:52,406 INFO Crew instance created
2025-05-21 16:47:01,258 INFO Crew execution completed with result: input_summary={'brand': 'EcoEnclose, Sustainable Packaging', 'plastic': 'PLA, biodegradable'} top_collaborating_brands=[CollaborationRecommendation(name='Noissue', industry='Sustainable Packaging', rationale="Noissue specializes in custom sustainable packaging solutions, aligning well with EcoEnclose's mission. They can create branded eco-friendly packaging using biodegradable materials.", product_concept='Co-branded packaging using compostable materials for e-commerce shipping.'), CollaborationRecommendation(name='Better Packaging', industry='Eco-Friendly Packaging', rationale="Better Packaging offers compostable satchels, complementing EcoEnclose's product line. They share a commitment to reducing plastic waste.", product_concept='Jointly developed completely compostable shipping bags.'), CollaborationRecommendation(name='EcoPackables', industry='Sustainable Apparel Packaging', rationale="EcoPackables focuses on eco-friendly and biodegradable packaging for the apparel industry, which could use EcoEnclose's standards for sustainability.", product_concept='Sustainable garment bags for fashion brands using PLA.'), CollaborationRecommendation(name='Alima Pure', industry='Natural Cosmetics', rationale='Alima Pure integrates sustainable packaging in cosmetics, making them a suitable partner for EcoEnclose to explore biodegradable cosmetics packaging solutions.', product_concept='Limited edition cosmetic packaging using eco-friendly materials.'), CollaborationRecommendation(name='Good Natured Products', industry='Plant-Based Packaging', rationale="Good Natured is focused on plant-based and biodegradable options, offering a synergy with EcoEnclose's biodegradable packaging efforts.", product_concept='Plant-based shipping solutions for perishable goods.')]
2025-05-21 17:01:28,134 INFO Creating Sustainability Brand Researcher agent
2025-05-21 17:01:28,138 INFO Creating Plastic analyst agent
2025-05-21 17:01:28,162 INFO id='99173952-b17f-4579-98d1-09856db0ab6a' brand_name='Royal Royce' plastic_type='Polyurethane (PUR)' location='Munich' brand_results={} plastic_results={} collab_results={} combined_results={} brand_research_needed=False plastic_research_needed=False brand_research_complete=False plastic_research_complete=False brand_saved_to_db=False plastic_saved_to_db=False
2025-05-21 17:01:34,941 INFO Starting BrandAnalystCrew with input: {'brand': 'Royal Royce', 'location': 'Munich'}
2025-05-21 17:01:34,942 INFO Creating analyze_target_brand task
2025-05-21 17:01:34,945 INFO Crew instance created
2025-05-21 17:01:40,345 INFO Crew execution completed with result: brand_id=None name='Rolls-Royce' industry='Automotive and Aerospace' main_products=['Aero engines', 'Luxury vehicles'] sustainability_initiatives=['Net zero by 2050', 'Reduction of greenhouse gas emissions by 46% by 2030'] plastic_materials_used=['HDPE', 'PET'] past_collaborations=['Partnership with Goodwood Estate for wildlife projects'] operational_regions=['Global', 'UK', 'South Thailand']
2025-05-21 17:01:40,348 INFO Inside Router after research: {'brand_id': None, 'name': 'Rolls-Royce', 'industry': 'Automotive and Aerospace', 'main_products': ['Aero engines', 'Luxury vehicles'], 'sustainability_initiatives': ['Net zero by 2050', 'Reduction of greenhouse gas emissions by 46% by 2030'], 'plastic_materials_used': ['HDPE', 'PET'], 'past_collaborations': ['Partnership with Goodwood Estate for wildlife projects'], 'operational_regions': ['Global', 'UK', 'South Thailand']}
2025-05-21 17:01:40,349 INFO Storing Brand Info After research: {'brand_id': None, 'name': 'Rolls-Royce', 'industry': 'Automotive and Aerospace', 'main_products': ['Aero engines', 'Luxury vehicles'], 'sustainability_initiatives': ['Net zero by 2050', 'Reduction of greenhouse gas emissions by 46% by 2030'], 'plastic_materials_used': ['HDPE', 'PET'], 'past_collaborations': ['Partnership with Goodwood Estate for wildlife projects'], 'operational_regions': ['Global', 'UK', 'South Thailand']}
2025-05-21 17:01:40,494 ERROR Error saving brand to DB: object str can't be used in 'await' expression
2025-05-21 17:01:40,497 INFO Starting crew kickoff with input: {'plastic_type': 'Polyurethane (PUR)', 'location': 'Munich'}
2025-05-21 17:01:40,497 INFO Creating analyze plastic material task
2025-05-21 17:01:40,499 INFO Crew instance created
2025-05-21 17:01:46,198 INFO Crew execution completed with result: plastic_id=None type='Polyurethane (PUR)' properties=['Versatile material with varying hardness and flexibility', 'Good chemical resistance', 'Excellent thermal insulation properties', 'Can be rigid or flexible depending on formulation'] applications=['Foam for furniture and bedding', 'Insulation material in buildings and appliances', 'Automotive components', 'Coatings, adhesives, and sealants'] environmental_impact='Polyurethanes have limited biodegradability and can contribute to long-term environmental pollution. However, they emit low amounts of CO2 during production, which reduces overall environmental impact.' recycling_potential='Recyclable through mechanical methods and chemical processes like depolymerization. Recycled PU can be repurposed in various applications, reducing waste.' regional_relevance=None
2025-05-21 17:01:46,202 INFO Inside Router after plastic research: {'plastic_id': None, 'type': 'Polyurethane (PUR)', 'properties': ['Versatile material with varying hardness and flexibility', 'Good chemical resistance', 'Excellent thermal insulation properties', 'Can be rigid or flexible depending on formulation'], 'applications': ['Foam for furniture and bedding', 'Insulation material in buildings and appliances', 'Automotive components', 'Coatings, adhesives, and sealants'], 'environmental_impact': 'Polyurethanes have limited biodegradability and can contribute to long-term environmental pollution. However, they emit low amounts of CO2 during production, which reduces overall environmental impact.', 'recycling_potential': 'Recyclable through mechanical methods and chemical processes like depolymerization. Recycled PU can be repurposed in various applications, reducing waste.', 'regional_relevance': None}
2025-05-21 17:01:46,202 INFO Storing Plastic Info After research: {'plastic_id': None, 'type': 'Polyurethane (PUR)', 'properties': ['Versatile material with varying hardness and flexibility', 'Good chemical resistance', 'Excellent thermal insulation properties', 'Can be rigid or flexible depending on formulation'], 'applications': ['Foam for furniture and bedding', 'Insulation material in buildings and appliances', 'Automotive components', 'Coatings, adhesives, and sealants'], 'environmental_impact': 'Polyurethanes have limited biodegradability and can contribute to long-term environmental pollution. However, they emit low amounts of CO2 during production, which reduces overall environmental impact.', 'recycling_potential': 'Recyclable through mechanical methods and chemical processes like depolymerization. Recycled PU can be repurposed in various applications, reducing waste.', 'regional_relevance': None}
2025-05-21 17:01:46,363 INFO Starting crew kickoff with input: {'brand_data': {'brand_id': None, 'name': 'Rolls-Royce', 'industry': 'Automotive and Aerospace', 'main_products': ['Aero engines', 'Luxury vehicles'], 'sustainability_initiatives': ['Net zero by 2050', 'Reduction of greenhouse gas emissions by 46% by 2030'], 'plastic_materials_used': ['HDPE', 'PET'], 'past_collaborations': ['Partnership with Goodwood Estate for wildlife projects'], 'operational_regions': ['Global', 'UK', 'South Thailand']}, 'plastic_data': {'plastic_id': None, 'type': 'Polyurethane (PUR)', 'properties': ['Versatile material with varying hardness and flexibility', 'Good chemical resistance', 'Excellent thermal insulation properties', 'Can be rigid or flexible depending on formulation'], 'applications': ['Foam for furniture and bedding', 'Insulation material in buildings and appliances', 'Automotive components', 'Coatings, adhesives, and sealants'], 'environmental_impact': 'Polyurethanes have limited biodegradability and can contribute to long-term environmental pollution. However, they emit low amounts of CO2 during production, which reduces overall environmental impact.', 'recycling_potential': 'Recyclable through mechanical methods and chemical processes like depolymerization. Recycled PU can be repurposed in various applications, reducing waste.', 'regional_relevance': None}}
2025-05-21 17:01:46,364 INFO Crew instance created
2025-05-21 17:01:58,755 INFO Crew execution completed with result: input_summary={'brand': 'Nike, Athletic Apparel', 'plastic': 'Recycled polyester, lightweight'} top_collaborating_brands=[CollaborationRecommendation(name='Lego', industry='Toys', rationale='Both brands emphasize creativity and active lifestyle, leveraging youth culture and innovation. This collaboration can tap into nostalgia while promoting sustainability.', product_concept='Limited edition athletic gear made from recycled polyester and Lego bricks, allowing kids to customize their gear with attachable Lego pieces that tell their personal stories.'), CollaborationRecommendation(name='Apple', industry='Technology', rationale='Nike and Apple both prioritize innovation and performance enhancement. Their technologies inspire an active lifestyle, making them a powerful partnership for eco-conscious consumers.', product_concept="Smart running shoes with integrated health tracking using recycled plastics, equipped with an app feature that connects runners' goals to sustainable achievements."), CollaborationRecommendation(name='Patagonia', industry='Outdoor Clothing', rationale='Both brands champion sustainability and environmental awareness. This collaboration would reinforce their shared commitment to protecting the planet while appealing to eco-minded consumers.', product_concept='A line of high-performance outdoor wear made from recycled polyester, featuring embedded QR codes that link to user stories and environmental impact metrics.'), CollaborationRecommendation(name='KitchenAid', industry='Home Appliances', rationale='This partnership transcends typical industry boundaries; both brands focus on craftsmanship. Incorporating food and fitness speaks to a lifestyle choice of health and sustainability.', product_concept='A limited-edition kitchen appliance set (blenders, mixers) made from recycled plastic that also comes with healthy recipe booklets featuring iconic athletes’ favorite meals.'), CollaborationRecommendation(name='Burton', industry='Outdoor Sports', rationale='Connecting snowboarding culture with active wear, this collaboration embodies adventure and lifestyle, appealing to young thrill-seekers and sustainability advocates.', product_concept='A line of snowboarding gear crafted from recycled plastics, featuring designs that incorporate elements from both brands’ identities, promoting eco-conscious winter sports.')]
