2025-05-20 23:34:33,100 INFO Initializing Research Flow
2025-05-20 23:34:33,103 INFO Creating Sustainability Brand Researcher agent
2025-05-20 23:34:33,109 INFO Creating Plastic analyst agent
2025-05-20 23:34:33,135 INFO Starting flow with state: id='550f6dc0-da95-49d9-bd07-063313762bdf' brand_name='BMW' plastic_type='PP' location='Munich' brand_results={} plastic_results={} collab_results={} combined_results={} brand_research_needed=False plastic_research_needed=False brand_research_complete=False plastic_research_complete=False brand_saved_to_db=False plastic_saved_to_db=False
2025-05-20 23:34:33,139 INFO Initializing research
2025-05-20 23:34:34,706 INFO Vector Search similarity: 0 for brand: BMW
2025-05-20 23:34:34,706 INFO Vector Search results for BMW: {}
2025-05-20 23:34:34,725 INFO Vector Search similarity: 0.7783346772193909 for plastic: PP
2025-05-20 23:34:34,725 INFO Vector Search results for PP: {'id': 1, 'plastic_id': '92b13219-ad21-5c9d-8b46-7878ea9e326f', 'type': 'Polypropylene (PP)', 'properties': ['Lightweight', 'High chemical resistance', 'Thermoplastic nature', 'Good fatigue resistance', 'Versatile and can be produced in homopolymer, block copolymer, and random copolymer forms'], 'applications': ['Containers and packaging', 'Automotive parts', 'Textiles and fibers', 'Household products', 'Medical devices'], 'environmental_impact': 'PP is recyclable but has a low recycling rate (~3%), which undermines its potential for sustainability. It generates fewer emissions and waste during disposal but does not biodegrade easily and can contribute to pollution.', 'recycling_potential': 'Polypropylene is highly recyclable, though the recycling process can be complex, leading to potential loss of material integrity. It can be recycled into new products, although current practices lag behind other plastics.', 'regional_relevance': None, 'created_at': '2025-05-20T14:08:59.672627', 'similarity_score': 0.7783346772193909}
2025-05-20 23:34:34,735 INFO Starting brand research for: BMW
2025-05-20 23:34:34,736 INFO Starting BrandAnalystCrew with input: {'brand': 'BMW', 'location': 'Munich'}
2025-05-20 23:34:34,736 INFO Creating analyze_target_brand task
2025-05-20 23:34:34,750 INFO Crew instance created
2025-05-20 23:34:41,611 INFO Crew execution completed with result: brand_id=None name='BMW' industry='Automotive' main_products=['Cars', 'Motorcycles'] sustainability_initiatives=['Commitment to 100% recyclable vehicles', 'Use of thermoplastics made from 40% recycled material by 2030', 'Reduction of plastic waste in logistics', 'Sustainable sourcing of key components'] plastic_materials_used=['Thermoplastics made from recycled materials', 'Folding plastic alternatives in logistics'] past_collaborations=[] operational_regions=['Global']
2025-05-20 23:34:41,615 INFO Starting brand research for: BMW
2025-05-20 23:34:41,615 INFO Starting BrandAnalystCrew with input: {'brand': 'BMW', 'location': 'Munich'}
2025-05-20 23:34:41,615 INFO Crew instance created
2025-05-20 23:34:46,852 INFO Crew execution completed with result: brand_id=None name='BMW' industry='Automotive' main_products=['Cars', 'Motorcycles'] sustainability_initiatives=['Commitment to creating 100% recyclable vehicles', 'Using folding plastic alternatives made from over 90% recycled materials', 'Aim to use thermoplastics made from 40% recycled material by 2030'] plastic_materials_used=['Folding plastic alternatives', 'Thermoplastics made from recycled materials'] past_collaborations=['Partnerships to foster recycling and reduce plastic waste'] operational_regions=['Global operations']
2025-05-20 23:34:46,855 INFO Starting brand research for: BMW
2025-05-20 23:34:46,855 INFO Starting BrandAnalystCrew with input: {'brand': 'BMW', 'location': 'Munich'}
2025-05-20 23:34:46,855 INFO Crew instance created
2025-05-20 23:34:53,126 INFO Crew execution completed with result: brand_id=None name='BMW' industry='Automotive' main_products=['Luxury vehicles', 'Electric vehicles', 'Motorcycles'] sustainability_initiatives=['Use of packaging made from over 90% recycled materials', 'Aiming for 100% recyclable vehicles by 2030', 'Doubling the proportion of secondary materials in thermoplastics from 20% to 40% by 2030', 'Developing new strategies for sustainable logistics and reducing CO2 emissions'] plastic_materials_used=['Folding plastic alternatives made from over 90% recycled materials', 'Thermoplastics made from 40% recycled materials'] past_collaborations=[] operational_regions=['Global']
2025-05-20 23:34:53,130 INFO Starting brand research for: BMW
2025-05-20 23:34:53,130 INFO Starting BrandAnalystCrew with input: {'brand': 'BMW', 'location': 'Munich'}
2025-05-20 23:34:53,130 INFO Crew instance created
2025-05-20 23:34:58,088 INFO Crew execution completed with result: brand_id=None name='BMW' industry='Automotive' main_products=['Luxury vehicles', 'Automobiles', 'Electric vehicles'] sustainability_initiatives=['Commitment to creating 100% recyclable vehicles', 'Use of thermoplastics made from 40% recycled material by 2030', 'Investment in sustainable packaging solutions', 'Focus on decarbonization and circular economy'] plastic_materials_used=['Folding plastic alternatives made from over 90% recycled material', 'Thermoplastics made from recycled materials'] past_collaborations=['Partnerships for sustainable sourcing of key components', 'Engagement in global initiatives to reduce plastic waste'] operational_regions=['Global operations including manufacturing in Germany, USA, and China']
2025-05-20 23:34:58,092 INFO Starting brand research for: BMW
2025-05-20 23:34:58,093 INFO Starting BrandAnalystCrew with input: {'brand': 'BMW', 'location': 'Munich'}
2025-05-20 23:34:58,093 INFO Crew instance created
2025-05-20 23:35:04,390 INFO Crew execution completed with result: brand_id=None name='BMW' industry='Automotive' main_products=['Cars', 'Motorcycles', 'Electric Vehicles'] sustainability_initiatives=['100% recyclable vehicles', 'Use of thermoplastics made from 40% recycled materials by 2030', 'Reduction of CO2 emissions in logistics and manufacturing', 'Circular economy practices'] plastic_materials_used=['Folding plastic alternatives made from over 90% recycled materials', 'Thermoplastics with a focus on secondary materials'] past_collaborations=[] operational_regions=['Global', 'Europe', 'North America', 'Asia']
2025-05-20 23:35:04,393 INFO Starting brand research for: BMW
2025-05-20 23:35:04,393 INFO Starting BrandAnalystCrew with input: {'brand': 'BMW', 'location': 'Munich'}
2025-05-20 23:35:04,394 INFO Crew instance created
2025-05-20 23:37:11,124 INFO Initializing Research Flow
2025-05-20 23:37:11,127 INFO Creating Sustainability Brand Researcher agent
2025-05-20 23:37:11,131 INFO Creating Plastic analyst agent
2025-05-20 23:37:11,157 INFO Starting flow with state: id='e8b48754-5db0-4c45-a89a-6125680c1ac2' brand_name='BMW' plastic_type='PP' location='Munich' brand_results={} plastic_results={} collab_results={} combined_results={} brand_research_needed=False plastic_research_needed=False brand_research_complete=False plastic_research_complete=False brand_saved_to_db=False plastic_saved_to_db=False
2025-05-20 23:37:11,160 INFO Initializing research
2025-05-20 23:37:12,392 INFO Vector Search similarity: 0 for brand: BMW
2025-05-20 23:37:12,393 INFO Vector Search results for BMW: {}
2025-05-20 23:37:12,417 INFO Vector Search similarity: 0.7783346772193909 for plastic: PP
2025-05-20 23:37:12,417 INFO Vector Search results for PP: {'id': 1, 'plastic_id': '92b13219-ad21-5c9d-8b46-7878ea9e326f', 'type': 'Polypropylene (PP)', 'properties': ['Lightweight', 'High chemical resistance', 'Thermoplastic nature', 'Good fatigue resistance', 'Versatile and can be produced in homopolymer, block copolymer, and random copolymer forms'], 'applications': ['Containers and packaging', 'Automotive parts', 'Textiles and fibers', 'Household products', 'Medical devices'], 'environmental_impact': 'PP is recyclable but has a low recycling rate (~3%), which undermines its potential for sustainability. It generates fewer emissions and waste during disposal but does not biodegrade easily and can contribute to pollution.', 'recycling_potential': 'Polypropylene is highly recyclable, though the recycling process can be complex, leading to potential loss of material integrity. It can be recycled into new products, although current practices lag behind other plastics.', 'regional_relevance': None, 'created_at': '2025-05-20T14:08:59.672627', 'similarity_score': 0.7783346772193909}
2025-05-20 23:37:12,427 INFO Starting brand research for: BMW
2025-05-20 23:37:12,428 INFO Starting BrandAnalystCrew with input: {'brand': 'BMW', 'location': 'Munich'}
2025-05-20 23:37:12,428 INFO Creating analyze_target_brand task
2025-05-20 23:37:12,432 INFO Crew instance created
2025-05-20 23:37:17,719 INFO Crew execution completed with result: brand_id=None name='BMW' industry='Automotive' main_products=['Cars', 'Motorcycles', 'Electric Vehicles'] sustainability_initiatives=['Creating 100% recyclable vehicles', 'Doubling recycled materials in thermoplastics to 40% by 2030', 'Purchasing 100% green power since end of 2020'] plastic_materials_used=['Thermoplastics made from 40% recycled material', 'Parts made from recycled fishing nets'] past_collaborations=['Collaboration with PLASTIX for recycling maritime plastic waste'] operational_regions=['Europe', 'Global']
2025-05-20 23:37:17,722 INFO Starting brand research for: BMW
2025-05-20 23:37:17,723 INFO Starting BrandAnalystCrew with input: {'brand': 'BMW', 'location': 'Munich'}
2025-05-20 23:37:17,723 INFO Crew instance created
2025-05-21 00:13:22,259 INFO Initializing Research Flow
2025-05-21 00:13:22,262 INFO Creating Sustainability Brand Researcher agent
2025-05-21 00:13:22,267 INFO Creating Plastic analyst agent
2025-05-21 00:13:22,295 INFO Starting flow with state: id='1940b595-d6b5-46af-a62d-a69dc2ef18a9' brand_name='BMW' plastic_type='PP' location='Munich' brand_results={} plastic_results={} collab_results={} combined_results={} brand_research_needed=False plastic_research_needed=False brand_research_complete=False plastic_research_complete=False brand_saved_to_db=False plastic_saved_to_db=False
2025-05-21 00:13:22,300 INFO Initializing research
2025-05-21 00:13:23,550 INFO Vector Search similarity: 0 for brand: BMW
2025-05-21 00:13:23,551 INFO Vector Search results for BMW: {}
2025-05-21 00:13:23,572 INFO Vector Search similarity: 0.7783346772193909 for plastic: PP
2025-05-21 00:13:23,572 INFO Vector Search results for PP: {'id': 1, 'plastic_id': '92b13219-ad21-5c9d-8b46-7878ea9e326f', 'type': 'Polypropylene (PP)', 'properties': ['Lightweight', 'High chemical resistance', 'Thermoplastic nature', 'Good fatigue resistance', 'Versatile and can be produced in homopolymer, block copolymer, and random copolymer forms'], 'applications': ['Containers and packaging', 'Automotive parts', 'Textiles and fibers', 'Household products', 'Medical devices'], 'environmental_impact': 'PP is recyclable but has a low recycling rate (~3%), which undermines its potential for sustainability. It generates fewer emissions and waste during disposal but does not biodegrade easily and can contribute to pollution.', 'recycling_potential': 'Polypropylene is highly recyclable, though the recycling process can be complex, leading to potential loss of material integrity. It can be recycled into new products, although current practices lag behind other plastics.', 'regional_relevance': None, 'created_at': '2025-05-20T14:08:59.672627', 'similarity_score': 0.7783346772193909}
2025-05-21 00:13:23,582 INFO Starting brand research for: BMW
2025-05-21 00:13:23,583 INFO Starting BrandAnalystCrew with input: {'brand': 'BMW', 'location': 'Munich'}
2025-05-21 00:13:23,583 INFO Creating analyze_target_brand task
2025-05-21 00:13:23,597 INFO Crew instance created
2025-05-21 00:13:23,602 INFO Attempting to save brand data to DB for: BMW
2025-05-21 00:13:23,602 WARNING No brand results to save to database
2025-05-21 00:13:31,109 INFO Crew execution completed with result: brand_id=None name='BMW' industry='Automotive' main_products=['Luxury vehicles', 'Motorcycles'] sustainability_initiatives=['100% recyclable vehicles', 'Using over 90% recycled materials in packaging', 'Increasing use of recycled materials in vehicle production', 'Circular economy initiatives', 'Collaboration on reducing maritime plastic waste'] plastic_materials_used=['Folding plastic alternatives made from over 90% recycled materials', 'Thermoplastics made from up to 40% recycled material', 'Parts made from recycled fishing nets'] past_collaborations=['Collaboration with partners to reduce carbon footprint and plastic waste'] operational_regions=['Global (operations in multiple regions including Europe, Asia, and North America)']
2025-05-21 00:13:31,113 INFO Starting brand research for: BMW
2025-05-21 00:13:31,113 INFO Starting BrandAnalystCrew with input: {'brand': 'BMW', 'location': 'Munich'}
2025-05-21 00:13:31,113 INFO Crew instance created
2025-05-21 00:13:31,115 INFO Attempting to save brand data to DB for: BMW
2025-05-21 00:13:31,272 INFO Successfully saved brand data to DB for: BMW
2025-05-21 00:13:35,964 INFO Crew execution completed with result: brand_id=None name='BMW' industry='Automotive' main_products=['Luxury Vehicles', 'Electric Vehicles'] sustainability_initiatives=['Use of folding plastic alternatives made from over 90 percent recycled materials', 'Commitment to 100% recyclable vehicles by 2030'] plastic_materials_used=['Recycled plastics from fishing nets', 'Thermoplastics made from 40% recycled material'] past_collaborations=['Collaborations with various organizations to reduce ocean pollution'] operational_regions=['Global', 'Europe', 'Asia']
2025-05-21 00:13:35,967 INFO Starting brand research for: BMW
2025-05-21 00:13:35,967 INFO Starting BrandAnalystCrew with input: {'brand': 'BMW', 'location': 'Munich'}
2025-05-21 00:13:35,968 INFO Crew instance created
2025-05-21 00:13:35,969 INFO Attempting to save brand data to DB for: BMW
2025-05-21 00:13:35,991 INFO Successfully saved brand data to DB for: BMW
2025-05-21 00:13:39,988 INFO Crew execution completed with result: brand_id=None name='BMW' industry='Automotive' main_products=['Automobiles', 'Motorcycles'] sustainability_initiatives=['Commitment to creating 100% recyclable vehicles', 'Use of thermoplastics made from 40% recycled material by 2030', 'Backs sustainable packaging in logistics', 'Focus on decarbonization and circular economy'] plastic_materials_used=['Folding plastic alternatives made from over 90% recycled material', 'Thermoplastics made from recycled fishing nets'] past_collaborations=[] operational_regions=['Global', 'Germany', 'China']
2025-05-21 00:13:39,992 INFO Starting brand research for: BMW
2025-05-21 00:13:39,992 INFO Starting BrandAnalystCrew with input: {'brand': 'BMW', 'location': 'Munich'}
2025-05-21 00:13:39,992 INFO Crew instance created
2025-05-21 00:13:39,994 INFO Attempting to save brand data to DB for: BMW
2025-05-21 00:13:40,019 INFO Successfully saved brand data to DB for: BMW
2025-05-21 00:13:45,242 INFO Crew execution completed with result: brand_id=None name='BMW' industry='Automotive' main_products=['Luxury vehicles', 'Electric vehicles', 'Motorcycles'] sustainability_initiatives=['Using folding plastic alternatives from recycled materials', 'Creating 100% recyclable vehicles', 'Targeting circular economy practices', 'Doubling the use of secondary materials in thermoplastics to 40% by 2030', 'Using maritime plastic waste for vehicle parts'] plastic_materials_used=['Folding plastic made from over 90% recycled materials', 'Thermoplastics made from 40% recycled material', 'Parts made from recycled fishing nets'] past_collaborations=[] operational_regions=['Global', 'Europe', 'United States', 'Asia']
2025-05-21 00:13:45,245 INFO Starting brand research for: BMW
2025-05-21 00:13:45,245 INFO Starting BrandAnalystCrew with input: {'brand': 'BMW', 'location': 'Munich'}
2025-05-21 00:13:45,246 INFO Crew instance created
2025-05-21 00:13:45,247 INFO Attempting to save brand data to DB for: BMW
2025-05-21 00:13:45,273 INFO Successfully saved brand data to DB for: BMW
2025-05-21 00:13:50,144 INFO Crew execution completed with result: brand_id=None name='BMW' industry='Automotive' main_products=['Luxury vehicles', 'Electric vehicles', 'Motorcycles'] sustainability_initiatives=['Aiming to use 100% recyclable vehicles', 'Doubling the proportion of secondary materials in the production of thermoplastics from 20% to 40% by 2030', 'Using folding plastic alternatives made from over 90% recycled materials'] plastic_materials_used=['Thermoplastics made from 40% recycled material', 'Parts made from recycled fishing nets', 'Folding plastic alternatives'] past_collaborations=[] operational_regions=['Global']
2025-05-21 00:13:50,148 INFO Starting brand research for: BMW
2025-05-21 00:13:50,148 INFO Starting BrandAnalystCrew with input: {'brand': 'BMW', 'location': 'Munich'}
2025-05-21 00:13:50,148 INFO Crew instance created
2025-05-21 00:13:50,150 INFO Attempting to save brand data to DB for: BMW
2025-05-21 00:13:50,177 INFO Successfully saved brand data to DB for: BMW
2025-05-21 00:13:56,928 INFO Crew execution completed with result: brand_id=None name='BMW' industry='Automotive' main_products=['Cars', 'Motorcycles'] sustainability_initiatives=['Using folding plastic alternatives made from over 90% recycled material for packaging.', 'Aiming to create 100% recyclable vehicles.', 'Targeting 40% recycled materials in thermoplastic parts by 2030.'] plastic_materials_used=['Thermoplastics made from 40% recycled materials', 'Recycled fishing nets for vehicle parts', 'Folding plastic alternatives for packaging'] past_collaborations=['Collaborating with initiatives to use maritime plastic waste for vehicle trim parts.'] operational_regions=['Global']
2025-05-21 00:13:56,931 INFO Starting brand research for: BMW
2025-05-21 00:13:56,932 INFO Starting BrandAnalystCrew with input: {'brand': 'BMW', 'location': 'Munich'}
2025-05-21 00:13:56,932 INFO Crew instance created
2025-05-21 00:13:56,935 INFO Attempting to save brand data to DB for: BMW
2025-05-21 00:13:56,957 INFO Successfully saved brand data to DB for: BMW
2025-05-21 00:31:36,918 INFO Initializing Research Flow
2025-05-21 00:31:36,922 INFO Creating Sustainability Brand Researcher agent
2025-05-21 00:31:36,927 INFO Creating Plastic analyst agent
2025-05-21 00:31:36,954 INFO Starting flow with state: id='89ecb477-8bdb-4ae4-9d71-c5901c8374c5' brand_name='BMW' plastic_type='PP' location='Munich' brand_results={} plastic_results={} collab_results={} combined_results={} brand_research_needed=False plastic_research_needed=False brand_research_complete=False plastic_research_complete=False brand_saved_to_db=False plastic_saved_to_db=False
2025-05-21 00:31:36,957 INFO Initializing research
2025-05-21 00:31:38,256 INFO Vector Search similarity: 0.7783346772193909 for plastic: PP
2025-05-21 00:31:38,257 INFO Vector Search results for PP: {'id': 1, 'plastic_id': '92b13219-ad21-5c9d-8b46-7878ea9e326f', 'type': 'Polypropylene (PP)', 'properties': ['Lightweight', 'High chemical resistance', 'Thermoplastic nature', 'Good fatigue resistance', 'Versatile and can be produced in homopolymer, block copolymer, and random copolymer forms'], 'applications': ['Containers and packaging', 'Automotive parts', 'Textiles and fibers', 'Household products', 'Medical devices'], 'environmental_impact': 'PP is recyclable but has a low recycling rate (~3%), which undermines its potential for sustainability. It generates fewer emissions and waste during disposal but does not biodegrade easily and can contribute to pollution.', 'recycling_potential': 'Polypropylene is highly recyclable, though the recycling process can be complex, leading to potential loss of material integrity. It can be recycled into new products, although current practices lag behind other plastics.', 'regional_relevance': None, 'created_at': '2025-05-20T14:08:59.672627', 'similarity_score': 0.7783346772193909}
2025-05-21 00:31:38,257 INFO Vector Search similarity: 0.824152410030365 for brand: BMW
2025-05-21 00:31:38,258 INFO Vector Search results for BMW: {'id': 1, 'brand_id': '3208ed61-6a18-539c-9e35-ed27cfe1d9d7', 'name': 'BMW', 'industry': 'Automotive', 'main_products': ['Luxury vehicles', 'Motorcycles'], 'sustainability_initiatives': ['100% recyclable vehicles', 'Using over 90% recycled materials in packaging', 'Increasing use of recycled materials in vehicle production', 'Circular economy initiatives', 'Collaboration on reducing maritime plastic waste'], 'plastic_materials_used': ['Folding plastic alternatives made from over 90% recycled materials', 'Thermoplastics made from up to 40% recycled material', 'Parts made from recycled fishing nets'], 'past_collaborations': ['Collaboration with partners to reduce carbon footprint and plastic waste'], 'operational_regions': ['Global (operations in multiple regions including Europe, Asia, and North America)'], 'created_at': '2025-05-20T22:13:31.156469', 'similarity_score': 0.824152410030365}
2025-05-21 00:31:38,267 INFO Starting plastic research for: PP
2025-05-21 00:31:38,268 INFO Starting crew kickoff with input: {'plastic_type': 'PP', 'location': 'Munich'}
2025-05-21 00:31:38,268 INFO Creating analyze plastic material task
2025-05-21 00:31:38,279 INFO Crew instance created
2025-05-21 00:31:38,283 INFO Attempting to save plastic data to DB for: PP
2025-05-21 00:31:38,490 INFO Successfully saved plastic data to DB for: PP
2025-05-21 00:31:38,497 INFO Starting collaboration process with available research results
2025-05-21 00:31:38,497 INFO Starting crew kickoff with input: {'brand_data': {'id': 1, 'brand_id': '3208ed61-6a18-539c-9e35-ed27cfe1d9d7', 'name': 'BMW', 'industry': 'Automotive', 'main_products': ['Luxury vehicles', 'Motorcycles'], 'sustainability_initiatives': ['100% recyclable vehicles', 'Using over 90% recycled materials in packaging', 'Increasing use of recycled materials in vehicle production', 'Circular economy initiatives', 'Collaboration on reducing maritime plastic waste'], 'plastic_materials_used': ['Folding plastic alternatives made from over 90% recycled materials', 'Thermoplastics made from up to 40% recycled material', 'Parts made from recycled fishing nets'], 'past_collaborations': ['Collaboration with partners to reduce carbon footprint and plastic waste'], 'operational_regions': ['Global (operations in multiple regions including Europe, Asia, and North America)'], 'created_at': '2025-05-20T22:13:31.156469', 'similarity_score': 0.824152410030365}, 'plastic_data': {'id': 1, 'plastic_id': '92b13219-ad21-5c9d-8b46-7878ea9e326f', 'type': 'Polypropylene (PP)', 'properties': ['Lightweight', 'High chemical resistance', 'Thermoplastic nature', 'Good fatigue resistance', 'Versatile and can be produced in homopolymer, block copolymer, and random copolymer forms'], 'applications': ['Containers and packaging', 'Automotive parts', 'Textiles and fibers', 'Household products', 'Medical devices'], 'environmental_impact': 'PP is recyclable but has a low recycling rate (~3%), which undermines its potential for sustainability. It generates fewer emissions and waste during disposal but does not biodegrade easily and can contribute to pollution.', 'recycling_potential': 'Polypropylene is highly recyclable, though the recycling process can be complex, leading to potential loss of material integrity. It can be recycled into new products, although current practices lag behind other plastics.', 'regional_relevance': None, 'created_at': '2025-05-20T14:08:59.672627', 'similarity_score': 0.7783346772193909}}
2025-05-21 00:31:38,500 INFO Crew instance created
2025-05-21 00:31:44,307 INFO Crew execution completed with result: plastic_id='PP' type='Polypropylene (PP)' properties=['Polypropylene is a thermoplastic polymer made from the polymerization of propylene monomers.', 'It has a low density, high melting point, excellent chemical resistance, and durability.', 'PP is known for its high tensile strength and flexibility.'] applications=['Used in packaging, automotive parts, textiles, and consumer products.', 'Commonly found in containers, household goods, and medical supplies.', 'Used for making outdoor furniture and components for the construction industry.'] environmental_impact='Polypropylene has low biodegradability and can contribute to pollution but is fully recyclable, which helps mitigate environmental concerns. However, its recycling rate is low (around 3%).' recycling_potential='PP can be recycled, but challenges exist due to its chemical structure and the diverse applications that complicate sorting. Recycling involves processes like separation, cleaning, melting, and granulating.' regional_relevance=None
2025-05-21 00:31:44,312 INFO Starting plastic research for: PP
2025-05-21 00:31:44,312 INFO Starting crew kickoff with input: {'plastic_type': 'PP', 'location': 'Munich'}
2025-05-21 00:31:44,312 INFO Crew instance created
2025-05-21 00:31:44,314 INFO Attempting to save plastic data to DB for: PP
2025-05-21 00:31:44,561 INFO Successfully saved plastic data to DB for: PP
2025-05-21 00:31:49,095 INFO Crew execution completed with result: plastic_id=None type='Polypropylene (PP)' properties=['Lightweight', 'Durable', 'Chemical-resistant', 'Low moisture absorption', 'Good thermal stability'] applications=['Packaging (containers, films)', 'Automotive parts', 'Textiles (carpets, upholstery)', 'Consumer goods (toys, furniture)', 'Medical supplies'] environmental_impact='PP is not biodegradable and contributes to plastic pollution. It has low recycling rates, often due to difficulties in recycling processes. However, it generates fewer toxic emissions during its lifecycle compared to some other plastics.' recycling_potential='Polypropylene is recyclable, but its recycling rate is low, at about 3%. The recycling process involves separating, cleaning, melting, and reforming into new products.' regional_relevance=None
2025-05-21 00:31:49,099 INFO Starting plastic research for: PP
2025-05-21 00:31:49,099 INFO Starting crew kickoff with input: {'plastic_type': 'PP', 'location': 'Munich'}
2025-05-21 00:31:49,099 INFO Crew instance created
2025-05-21 00:31:49,102 INFO Attempting to save plastic data to DB for: PP
2025-05-21 00:31:49,290 INFO Successfully saved plastic data to DB for: PP
2025-05-21 00:31:54,713 INFO Crew execution completed with result: plastic_id=None type='Polypropylene (PP)' properties=['Thermoplastic polymer', 'Highly versatile', 'Good chemical resistance', 'Strength and durability', 'Lightweight'] applications=['Packaging materials', 'Textiles', 'Automotive parts', 'Consumer products', 'Medical supplies'] environmental_impact='Polypropylene is not biodegradable and has low recycling rates (~3%), contributing to pollution. However, it generates fewer waste products compared to other plastics, and no toxic gases are released during its incineration.' recycling_potential='PP is highly recyclable, but its recycling rate is low due to challenges in processing. The recycling process typically involves separation, cleaning, melting, and granulation.' regional_relevance=None
2025-05-21 00:31:54,716 INFO Starting plastic research for: PP
2025-05-21 00:31:54,716 INFO Starting crew kickoff with input: {'plastic_type': 'PP', 'location': 'Munich'}
2025-05-21 00:31:54,717 INFO Crew instance created
2025-05-21 00:31:54,719 INFO Attempting to save plastic data to DB for: PP
2025-05-21 00:31:55,007 INFO Successfully saved plastic data to DB for: PP
2025-05-21 00:31:59,314 INFO Crew execution completed with result: plastic_id='PP' type='Polypropylene' properties=['High tensile strength and toughness', 'Resistance to chemical solvents, bases, and acids', 'Lightweight and durable', 'Low density and moisture absorption'] applications=['Packaging materials (food containers, bottle caps)', 'Textiles (carpets, upholstery, clothing)', 'Automotive parts (bumpers, dashboards)', 'Medical applications (labware, surgical instruments)', 'Consumer goods (toys, household items)'] environmental_impact='Polypropylene is recyclable, but its recycling rate is low, approximately 3%. It does not biodegrade, which contributes to pollution; however, it generates fewer waste products and emits no toxic gases during recycling.' recycling_potential='Polypropylene is highly recyclable, but often faces challenges in recycling processes. Effective methods include mechanical recycling involving separation, cleaning, melting, and granulating.' regional_relevance=None
2025-05-21 00:31:59,318 INFO Starting plastic research for: PP
2025-05-21 00:31:59,318 INFO Starting crew kickoff with input: {'plastic_type': 'PP', 'location': 'Munich'}
2025-05-21 00:31:59,318 INFO Crew instance created
2025-05-21 00:31:59,320 INFO Attempting to save plastic data to DB for: PP
2025-05-21 00:31:59,430 INFO Successfully saved plastic data to DB for: PP
2025-05-21 00:32:05,197 INFO Crew execution completed with result: plastic_id=None type='Polypropylene (PP)' properties=['Good chemical resistance', 'High melting point', 'Versatile and lightweight', 'Durable and flexible', 'Non-toxic and food-safe'] applications=['Packaging materials (containers, food packaging)', 'Textiles (fabrics, carpets)', 'Automotive parts', 'Consumer products (toys, kitchenware)', 'Medical supplies'] environmental_impact='Polypropylene is fully recyclable, generating fewer waste products compared to other plastics. However, its recycling rate is low (approximately 3%) and it poses challenges in recycling due to its diverse applications.' recycling_potential='PP is highly recyclable, but the recycling process can be complex. It requires sorting, cleaning, and specific methods to minimize loss of material integrity. New technologies are being developed to improve PP recycling rates.' regional_relevance=None
2025-05-21 00:32:05,200 INFO Starting plastic research for: PP
2025-05-21 00:32:05,200 INFO Starting crew kickoff with input: {'plastic_type': 'PP', 'location': 'Munich'}
2025-05-21 00:32:05,200 INFO Crew instance created
2025-05-21 00:32:05,204 INFO Attempting to save plastic data to DB for: PP
2025-05-21 00:32:05,518 INFO Successfully saved plastic data to DB for: PP
2025-05-21 00:37:01,542 INFO Initializing Research Flow
2025-05-21 00:37:01,545 INFO Creating Sustainability Brand Researcher agent
2025-05-21 00:37:01,550 INFO Creating Plastic analyst agent
2025-05-21 00:37:01,554 INFO Registered nodes: Method get_nodes not available
2025-05-21 00:37:01,554 INFO Starting flow with state: id='25621a87-0200-44ee-b226-95b0d07187a9' brand_name='BMW' plastic_type='PP' location='Munich' brand_results={} plastic_results={} collab_results={} combined_results={} brand_research_needed=False plastic_research_needed=False brand_research_complete=False plastic_research_complete=False brand_saved_to_db=False plastic_saved_to_db=False
2025-05-21 00:37:01,558 INFO Initializing research
2025-05-21 00:37:02,786 INFO Vector Search similarity: 0.824152410030365 for brand: BMW
2025-05-21 00:37:02,787 INFO Vector Search results for BMW: {'id': 1, 'brand_id': '3208ed61-6a18-539c-9e35-ed27cfe1d9d7', 'name': 'BMW', 'industry': 'Automotive', 'main_products': ['Luxury vehicles', 'Motorcycles'], 'sustainability_initiatives': ['100% recyclable vehicles', 'Using over 90% recycled materials in packaging', 'Increasing use of recycled materials in vehicle production', 'Circular economy initiatives', 'Collaboration on reducing maritime plastic waste'], 'plastic_materials_used': ['Folding plastic alternatives made from over 90% recycled materials', 'Thermoplastics made from up to 40% recycled material', 'Parts made from recycled fishing nets'], 'past_collaborations': ['Collaboration with partners to reduce carbon footprint and plastic waste'], 'operational_regions': ['Global (operations in multiple regions including Europe, Asia, and North America)'], 'created_at': '2025-05-20T22:13:31.156469', 'similarity_score': 0.824152410030365}
2025-05-21 00:37:02,788 INFO Vector Search similarity: 0.7595087885856628 for plastic: PP
2025-05-21 00:37:02,788 INFO Vector Search results for PP: {'id': 1, 'plastic_id': '92b13219-ad21-5c9d-8b46-7878ea9e326f', 'type': 'Polypropylene (PP)', 'properties': ['Good chemical resistance', 'High melting point', 'Versatile and lightweight', 'Durable and flexible', 'Non-toxic and food-safe'], 'applications': ['Packaging materials (containers, food packaging)', 'Textiles (fabrics, carpets)', 'Automotive parts', 'Consumer products (toys, kitchenware)', 'Medical supplies'], 'environmental_impact': 'Polypropylene is fully recyclable, generating fewer waste products compared to other plastics. However, its recycling rate is low (approximately 3%) and it poses challenges in recycling due to its diverse applications.', 'recycling_potential': 'PP is highly recyclable, but the recycling process can be complex. It requires sorting, cleaning, and specific methods to minimize loss of material integrity. New technologies are being developed to improve PP recycling rates.', 'regional_relevance': None, 'created_at': '2025-05-20T14:08:59.672627', 'similarity_score': 0.7595087885856628}
2025-05-21 00:37:02,792 INFO Routing brand research: brand_research_needed=False, brand_research_complete=True
2025-05-21 00:37:02,795 INFO Skipping brand research for BMW due to router output: brand_research_complete
2025-05-21 00:37:02,799 INFO Brand research complete for BMW, proceeding to collaboration
2025-05-21 00:37:02,802 INFO Starting save_branddata_db for: BMW
2025-05-21 00:37:02,806 INFO Successfully saved brand data to DB for: BMW
2025-05-21 00:37:02,810 INFO Routing plastic research: plastic_research_needed=True, plastic_research_complete=False
2025-05-21 00:37:02,816 INFO Starting plastic research for: PP
2025-05-21 00:37:02,817 INFO Starting crew kickoff with input: {'plastic_type': 'PP', 'location': 'Munich'}
2025-05-21 00:37:02,817 INFO Creating analyze plastic material task
2025-05-21 00:37:02,832 INFO Crew instance created
2025-05-21 00:37:10,681 INFO Crew execution completed with result: plastic_id=None type='Polypropylene (PP)' properties=['Versatile and durable', 'Cost-effective', 'Resistant to fatigue and acids', 'Lightweight', 'High melting point'] applications=['Food containers', 'Automotive parts', 'Textiles (e.g., carpets, upholstery)', 'Packaging materials', 'Household items like bottles and toys'] environmental_impact='Polypropylene generates fewer waste products during disposal and is fully recyclable, but its recycling rate is low (around 3%). It does not release toxic substances during the recycling process, making it less harmful than other plastics.' recycling_potential='PP is highly recyclable and can be repurposed for various items. The recycling process involves separation, cleaning, melting, and granulation. Despite being recyclable, its processing can lead to loss of material integrity.' regional_relevance=None
2025-05-21 00:37:10,682 INFO Plastic research completed for PP
2025-05-21 00:37:10,686 INFO Starting save_plasticdata_db for: PP
2025-05-21 00:37:10,830 INFO Successfully saved plastic data to DB for: PP
2025-05-21 00:37:10,832 ERROR Flow execution failed: unhashable type: 'dict'
2025-05-21 00:45:48,368 INFO Initializing Research Flow
2025-05-21 00:45:48,371 INFO Creating Sustainability Brand Researcher agent
2025-05-21 00:45:48,377 INFO Creating Plastic analyst agent
2025-05-21 00:45:48,405 INFO Starting flow with state: id='f95d2368-af45-4cb6-8314-b03624885567' brand_name='BMW' plastic_type='PP' location='Munich' brand_results={} plastic_results={} collab_results={} combined_results={} brand_research_needed=False plastic_research_needed=False brand_research_complete=False plastic_research_complete=False brand_saved_to_db=False plastic_saved_to_db=False
2025-05-21 00:45:48,409 INFO Initializing research
2025-05-21 00:45:49,720 INFO Vector Search similarity: 0.7675036787986755 for plastic: PP
2025-05-21 00:45:49,721 INFO Vector Search results for PP: {'id': 1, 'plastic_id': '92b13219-ad21-5c9d-8b46-7878ea9e326f', 'type': 'Polypropylene (PP)', 'properties': ['Versatile and durable', 'Cost-effective', 'Resistant to fatigue and acids', 'Lightweight', 'High melting point'], 'applications': ['Food containers', 'Automotive parts', 'Textiles (e.g., carpets, upholstery)', 'Packaging materials', 'Household items like bottles and toys'], 'environmental_impact': 'Polypropylene generates fewer waste products during disposal and is fully recyclable, but its recycling rate is low (around 3%). It does not release toxic substances during the recycling process, making it less harmful than other plastics.', 'recycling_potential': 'PP is highly recyclable and can be repurposed for various items. The recycling process involves separation, cleaning, melting, and granulation. Despite being recyclable, its processing can lead to loss of material integrity.', 'regional_relevance': None, 'created_at': '2025-05-20T14:08:59.672627', 'similarity_score': 0.7675036787986755}
2025-05-21 00:45:49,721 INFO Vector Search similarity: 0.824152410030365 for brand: BMW
2025-05-21 00:45:49,721 INFO Vector Search results for BMW: {'id': 1, 'brand_id': '3208ed61-6a18-539c-9e35-ed27cfe1d9d7', 'name': 'BMW', 'industry': 'Automotive', 'main_products': ['Luxury vehicles', 'Motorcycles'], 'sustainability_initiatives': ['100% recyclable vehicles', 'Using over 90% recycled materials in packaging', 'Increasing use of recycled materials in vehicle production', 'Circular economy initiatives', 'Collaboration on reducing maritime plastic waste'], 'plastic_materials_used': ['Folding plastic alternatives made from over 90% recycled materials', 'Thermoplastics made from up to 40% recycled material', 'Parts made from recycled fishing nets'], 'past_collaborations': ['Collaboration with partners to reduce carbon footprint and plastic waste'], 'operational_regions': ['Global (operations in multiple regions including Europe, Asia, and North America)'], 'created_at': '2025-05-20T22:13:31.156469', 'similarity_score': 0.824152410030365}
2025-05-21 00:45:49,726 INFO Brand research not needed for BMW, routing to already_in_db
2025-05-21 00:45:49,732 INFO Processing existing brand data for: BMW
2025-05-21 00:45:49,736 INFO Starting plastic research for: PP
2025-05-21 00:45:49,736 INFO Starting crew kickoff with input: {'plastic_type': 'PP', 'location': 'Munich'}
2025-05-21 00:45:49,737 INFO Creating analyze plastic material task
2025-05-21 00:45:49,749 INFO Crew instance created
2025-05-21 00:45:49,754 INFO Attempting to save plastic data to DB for: PP
2025-05-21 00:45:49,956 INFO Successfully saved plastic data to DB for: PP
2025-05-21 00:45:55,751 INFO Crew execution completed with result: plastic_id=None type='Polypropylene (PP)' properties=['High tensile strength', 'Chemical resistance', 'Lightweight', 'Thermal stability', 'Versatile usage'] applications=['Packaging materials', 'Textiles', 'Automotive parts', 'Consumer products', 'Containers and household goods'] environmental_impact='PP is not biodegradable and can contribute to pollution but is fully recyclable. Its recycling rate is low, at about 3%, which limits its sustainability potential despite being less impactful than other plastics.' recycling_potential='Polypropylene is highly recyclable, though the process can be challenging due to its sensitivity to heat. Recycling methods typically include separation, cleaning, melting, and granulating.' regional_relevance=None
2025-05-21 00:45:55,755 INFO Starting plastic research for: PP
2025-05-21 00:45:55,755 INFO Starting crew kickoff with input: {'plastic_type': 'PP', 'location': 'Munich'}
2025-05-21 00:45:55,755 INFO Crew instance created
2025-05-21 00:45:55,758 INFO Attempting to save plastic data to DB for: PP
2025-05-21 00:45:55,958 INFO Successfully saved plastic data to DB for: PP
2025-05-21 01:33:53,837 INFO Initializing Research Flow
2025-05-21 01:33:53,841 INFO Creating Sustainability Brand Researcher agent
2025-05-21 01:33:53,847 INFO Creating Plastic analyst agent
2025-05-21 01:33:53,890 INFO Starting flow with state: id='498bcffe-57ee-46a8-8a6b-56f8564ae27c' brand_name='BMW' plastic_type='PP' location='Munich' brand_results={} plastic_results={} collab_results={} combined_results={} brand_research_needed=False plastic_research_needed=False brand_research_complete=False plastic_research_complete=False brand_saved_to_db=False plastic_saved_to_db=False
2025-05-21 01:33:53,894 INFO Initializing research
2025-05-21 01:33:55,395 INFO Vector Search similarity: 0.824152410030365 for brand: BMW
2025-05-21 01:33:55,396 INFO Vector Search results for BMW: {'id': 1, 'brand_id': '3208ed61-6a18-539c-9e35-ed27cfe1d9d7', 'name': 'BMW', 'industry': 'Automotive', 'main_products': ['Luxury vehicles', 'Motorcycles'], 'sustainability_initiatives': ['100% recyclable vehicles', 'Using over 90% recycled materials in packaging', 'Increasing use of recycled materials in vehicle production', 'Circular economy initiatives', 'Collaboration on reducing maritime plastic waste'], 'plastic_materials_used': ['Folding plastic alternatives made from over 90% recycled materials', 'Thermoplastics made from up to 40% recycled material', 'Parts made from recycled fishing nets'], 'past_collaborations': ['Collaboration with partners to reduce carbon footprint and plastic waste'], 'operational_regions': ['Global (operations in multiple regions including Europe, Asia, and North America)'], 'created_at': '2025-05-20T22:13:31.156469', 'similarity_score': 0.824152410030365}
2025-05-21 01:33:55,397 INFO Vector Search similarity: 0.7874210476875305 for plastic: PP
2025-05-21 01:33:55,397 INFO Vector Search results for PP: {'id': 1, 'plastic_id': '92b13219-ad21-5c9d-8b46-7878ea9e326f', 'type': 'Polypropylene (PP)', 'properties': ['High tensile strength', 'Chemical resistance', 'Lightweight', 'Thermal stability', 'Versatile usage'], 'applications': ['Packaging materials', 'Textiles', 'Automotive parts', 'Consumer products', 'Containers and household goods'], 'environmental_impact': 'PP is not biodegradable and can contribute to pollution but is fully recyclable. Its recycling rate is low, at about 3%, which limits its sustainability potential despite being less impactful than other plastics.', 'recycling_potential': 'Polypropylene is highly recyclable, though the process can be challenging due to its sensitivity to heat. Recycling methods typically include separation, cleaning, melting, and granulating.', 'regional_relevance': None, 'created_at': '2025-05-20T14:08:59.672627', 'similarity_score': 0.7874210476875305}
2025-05-21 01:33:55,404 INFO Brand research not needed for BMW, routing to already_in_db
2025-05-21 01:33:55,412 INFO Processing existing brand data for: BMW
2025-05-21 01:33:55,417 INFO Starting plastic research for: PP
2025-05-21 01:33:55,418 INFO Starting crew kickoff with input: {'plastic_type': 'PP', 'location': 'Munich'}
2025-05-21 01:33:55,418 INFO Creating analyze plastic material task
2025-05-21 01:33:55,437 INFO Crew instance created
2025-05-21 01:33:55,442 INFO Attempting to save plastic data to DB for: PP
2025-05-21 01:33:55,674 INFO Successfully saved plastic data to DB for: PP
2025-05-21 01:37:35,482 INFO Initializing Research Flow
2025-05-21 01:37:35,486 INFO Creating Sustainability Brand Researcher agent
2025-05-21 01:37:35,493 INFO Creating Plastic analyst agent
2025-05-21 01:37:35,534 INFO Starting flow with state: id='e462ff0d-44ba-495e-b3d9-a5dc2ea9747f' brand_name='BMW' plastic_type='PP' location='Munich' brand_results={} plastic_results={} collab_results={} combined_results={} brand_research_needed=False plastic_research_needed=False brand_research_complete=False plastic_research_complete=False brand_saved_to_db=False plastic_saved_to_db=False
2025-05-21 01:37:35,539 INFO Initializing research
2025-05-21 01:37:37,006 INFO Vector Search similarity: 0.824152410030365 for brand: BMW
2025-05-21 01:37:37,007 INFO Vector Search results for BMW: {'id': 1, 'brand_id': '3208ed61-6a18-539c-9e35-ed27cfe1d9d7', 'name': 'BMW', 'industry': 'Automotive', 'main_products': ['Luxury vehicles', 'Motorcycles'], 'sustainability_initiatives': ['100% recyclable vehicles', 'Using over 90% recycled materials in packaging', 'Increasing use of recycled materials in vehicle production', 'Circular economy initiatives', 'Collaboration on reducing maritime plastic waste'], 'plastic_materials_used': ['Folding plastic alternatives made from over 90% recycled materials', 'Thermoplastics made from up to 40% recycled material', 'Parts made from recycled fishing nets'], 'past_collaborations': ['Collaboration with partners to reduce carbon footprint and plastic waste'], 'operational_regions': ['Global (operations in multiple regions including Europe, Asia, and North America)'], 'created_at': '2025-05-20T22:13:31.156469', 'similarity_score': 0.824152410030365}
2025-05-21 01:37:37,008 INFO Vector Search similarity: 0.7874210476875305 for plastic: PP
2025-05-21 01:37:37,008 INFO Vector Search results for PP: {'id': 1, 'plastic_id': '92b13219-ad21-5c9d-8b46-7878ea9e326f', 'type': 'Polypropylene (PP)', 'properties': ['High tensile strength', 'Chemical resistance', 'Lightweight', 'Thermal stability', 'Versatile usage'], 'applications': ['Packaging materials', 'Textiles', 'Automotive parts', 'Consumer products', 'Containers and household goods'], 'environmental_impact': 'PP is not biodegradable and can contribute to pollution but is fully recyclable. Its recycling rate is low, at about 3%, which limits its sustainability potential despite being less impactful than other plastics.', 'recycling_potential': 'Polypropylene is highly recyclable, though the process can be challenging due to its sensitivity to heat. Recycling methods typically include separation, cleaning, melting, and granulating.', 'regional_relevance': None, 'created_at': '2025-05-20T14:08:59.672627', 'similarity_score': 0.7874210476875305}
2025-05-21 01:37:37,014 INFO Brand research not needed for BMW, routing to already_in_db
2025-05-21 01:37:37,024 INFO Processing existing brand data for: BMW
2025-05-21 01:37:37,030 INFO Starting plastic research for: PP
2025-05-21 01:37:37,030 INFO Calling plastic research crew with input: {'plastic_type': 'PP', 'location': 'Munich'}
2025-05-21 01:37:37,031 INFO Starting crew kickoff with input: {'plastic_type': 'PP', 'location': 'Munich'}
2025-05-21 01:37:37,031 INFO Creating analyze plastic material task
2025-05-21 01:37:37,046 INFO Crew instance created
2025-05-21 01:37:48,005 INFO Crew execution completed with result: plastic_id='PP' type='Polypropylene' properties=['Thermoplastic polymer', 'High tensile strength', 'Chemical resistance', 'Low density', 'Good barrier properties'] applications=['Packaging materials', 'Automotive parts', 'Textiles', 'Medical supplies', 'Household items'] environmental_impact='Polypropylene is not biodegradable and can contribute to plastic pollution. However, it generates fewer waste products in disposal and does not release toxic chemicals during recycling or combustion.' recycling_potential='Polypropylene is technically recyclable, but its recycling rate is low (around 3%). The recycling process involves sorting, cleaning, melting, and repurposing into new products. Challenges include chemical integrity loss during mechanical recycling.' regional_relevance='Specific information for Munich was not identified in the search; general trends apply.'
2025-05-21 01:37:48,006 INFO Plastic research complete with result type: <class 'crewai.crews.crew_output.CrewOutput'>
2025-05-21 01:37:48,010 INFO Starting plastic research for: PP
2025-05-21 01:37:48,010 INFO Calling plastic research crew with input: {'plastic_type': 'PP', 'location': 'Munich'}
2025-05-21 01:37:48,011 INFO Starting crew kickoff with input: {'plastic_type': 'PP', 'location': 'Munich'}
2025-05-21 01:37:48,011 INFO Crew instance created
2025-05-21 01:37:53,340 INFO Crew execution completed with result: plastic_id='PP' type='Polypropylene' properties=['Highly durable and resistant to various chemicals', 'Lightweight and flexible with high tensile strength', 'Good thermal resistance and can be sterilized', 'Translucent to opaque, making it versatile for applications'] applications=['Packaging materials such as bags and containers', 'Automotive parts and components', 'Textiles, including carpets and upholstery', 'Housewares like storage containers and kitchenware'] environmental_impact='Polypropylene is fully recyclable but has low recycling rates due to processing challenges. It generates fewer waste products and emissions than some plastics, but remains a concern for pollution and waste management.' recycling_potential='PP can be recycled through mechanical processes, although its recycling rate is about 3%. Newer technologies are improving recycling options, but challenges remain with maintaining material integrity.' regional_relevance=None
2025-05-21 01:37:53,341 INFO Plastic research complete with result type: <class 'crewai.crews.crew_output.CrewOutput'>
2025-05-21 01:37:53,344 INFO Starting plastic research for: PP
2025-05-21 01:37:53,345 INFO Calling plastic research crew with input: {'plastic_type': 'PP', 'location': 'Munich'}
2025-05-21 01:37:53,345 INFO Starting crew kickoff with input: {'plastic_type': 'PP', 'location': 'Munich'}
2025-05-21 01:37:53,345 INFO Crew instance created
2025-05-21 01:37:58,976 INFO Crew execution completed with result: plastic_id=None type='Polypropylene (PP)' properties=['Lightweight and durable', 'Chemical resistance', 'High melting point', 'Good tensile strength'] applications=['Packaging materials', 'Automotive parts', 'Textiles and carpets', 'Consumer products like containers and utensils'] environmental_impact='PP is not biodegradable and has moderate recycling rates (about 3%), contributing to landfill issues. However, it generates few emissions during production and recycling, and can be recycled into many new products.' recycling_potential='PP is recyclable through methods like mechanical recycling, but often faces challenges that lead to low recovery rates. Improved recycling technologies are necessary for increasing its recycle efficiency.' regional_relevance=None
2025-05-21 01:37:58,976 INFO Plastic research complete with result type: <class 'crewai.crews.crew_output.CrewOutput'>
2025-05-21 01:37:58,980 INFO Starting plastic research for: PP
2025-05-21 01:37:58,980 INFO Calling plastic research crew with input: {'plastic_type': 'PP', 'location': 'Munich'}
2025-05-21 01:37:58,980 INFO Starting crew kickoff with input: {'plastic_type': 'PP', 'location': 'Munich'}
2025-05-21 01:37:58,980 INFO Crew instance created
2025-05-21 01:48:02,324 INFO Creating Sustainability Brand Researcher agent
2025-05-21 01:48:02,331 INFO Creating Plastic analyst agent
2025-05-21 01:48:02,370 INFO id='8ab45256-ba35-4e4a-a2e1-e0aa3f9541b2' brand_name='BMW' plastic_type='PP' location='Munich' brand_results={} plastic_results={} collab_results={} combined_results={} brand_research_needed=False plastic_research_needed=False brand_research_complete=False plastic_research_complete=False brand_saved_to_db=False plastic_saved_to_db=False
2025-05-21 01:48:04,016 INFO Starting crew kickoff with input: {'plastic_type': 'PP', 'location': 'Munich'}
2025-05-21 01:48:04,016 INFO Creating analyze plastic material task
2025-05-21 01:48:04,039 INFO Crew instance created
2025-05-21 01:48:10,384 INFO Crew execution completed with result: plastic_id='PP' type='Polypropylene' properties=['Versatile and durable', 'Lightweight with high chemical resistance', 'Good fatigue resistance', 'Thermal plastic that can withstand high temperatures'] applications=['Packaging materials, such as containers and films', 'Automotive parts', 'Textiles, including carpets and upholstery', 'Medical supplies, like syringes and containers'] environmental_impact='PP is not biodegradable and poses pollution potential; however, it can be recycled, reducing landfill contributions. Its recycling process generates fewer waste products and emits fewer greenhouse gases than virgin PP production.' recycling_potential='PP is recyclable, but its recycling rate is low (approximately 3%). The recycling process involves separation, cleaning, melting, and granulating. Challenges in mechanical recycling can lead to loss of material integrity.' regional_relevance=None
2025-05-21 01:48:10,548 INFO Plastic research already complete. Skipping execution.
2025-05-21 01:48:10,551 INFO Plastic research already complete. Skipping execution.
2025-05-21 01:48:10,555 INFO Plastic research already complete. Skipping execution.
2025-05-21 01:48:10,560 INFO Plastic research already complete. Skipping execution.
2025-05-21 01:48:10,563 INFO Plastic research already complete. Skipping execution.
2025-05-21 01:48:10,568 INFO Plastic research already complete. Skipping execution.
2025-05-21 01:48:10,572 INFO Plastic research already complete. Skipping execution.
2025-05-21 01:48:10,577 INFO Plastic research already complete. Skipping execution.
2025-05-21 01:48:10,581 INFO Plastic research already complete. Skipping execution.
2025-05-21 01:48:10,586 INFO Plastic research already complete. Skipping execution.
2025-05-21 01:48:10,590 INFO Plastic research already complete. Skipping execution.
2025-05-21 01:48:10,594 INFO Plastic research already complete. Skipping execution.
2025-05-21 01:48:10,598 INFO Plastic research already complete. Skipping execution.
2025-05-21 01:48:10,603 INFO Plastic research already complete. Skipping execution.
2025-05-21 01:48:10,607 INFO Plastic research already complete. Skipping execution.
2025-05-21 01:48:10,613 INFO Plastic research already complete. Skipping execution.
2025-05-21 01:48:10,617 INFO Plastic research already complete. Skipping execution.
2025-05-21 01:48:10,622 INFO Plastic research already complete. Skipping execution.
2025-05-21 01:48:10,627 INFO Plastic research already complete. Skipping execution.
2025-05-21 01:48:10,631 INFO Plastic research already complete. Skipping execution.
2025-05-21 01:48:10,636 INFO Plastic research already complete. Skipping execution.
2025-05-21 01:48:10,640 INFO Plastic research already complete. Skipping execution.
2025-05-21 01:48:10,644 INFO Plastic research already complete. Skipping execution.
2025-05-21 01:48:10,649 INFO Plastic research already complete. Skipping execution.
2025-05-21 01:48:10,655 INFO Plastic research already complete. Skipping execution.
2025-05-21 01:48:10,659 INFO Plastic research already complete. Skipping execution.
2025-05-21 01:48:10,664 INFO Plastic research already complete. Skipping execution.
2025-05-21 01:48:10,668 INFO Plastic research already complete. Skipping execution.
2025-05-21 01:48:10,672 INFO Plastic research already complete. Skipping execution.
2025-05-21 01:48:10,676 INFO Plastic research already complete. Skipping execution.
2025-05-21 01:48:10,680 INFO Plastic research already complete. Skipping execution.
2025-05-21 01:48:10,684 INFO Plastic research already complete. Skipping execution.
2025-05-21 01:48:10,689 INFO Plastic research already complete. Skipping execution.
2025-05-21 01:48:10,693 INFO Plastic research already complete. Skipping execution.
2025-05-21 01:48:10,697 INFO Plastic research already complete. Skipping execution.
2025-05-21 01:48:10,701 INFO Plastic research already complete. Skipping execution.
2025-05-21 01:48:10,705 INFO Plastic research already complete. Skipping execution.
2025-05-21 01:48:10,709 INFO Plastic research already complete. Skipping execution.
2025-05-21 01:48:10,713 INFO Plastic research already complete. Skipping execution.
2025-05-21 01:48:10,717 INFO Plastic research already complete. Skipping execution.
2025-05-21 01:48:10,721 INFO Plastic research already complete. Skipping execution.
2025-05-21 01:48:10,726 INFO Plastic research already complete. Skipping execution.
2025-05-21 01:48:10,729 INFO Plastic research already complete. Skipping execution.
2025-05-21 01:48:10,733 INFO Plastic research already complete. Skipping execution.
2025-05-21 01:48:10,738 INFO Plastic research already complete. Skipping execution.
2025-05-21 01:48:10,742 INFO Plastic research already complete. Skipping execution.
2025-05-21 01:48:10,746 INFO Plastic research already complete. Skipping execution.
2025-05-21 01:48:10,750 INFO Plastic research already complete. Skipping execution.
2025-05-21 01:48:10,754 INFO Plastic research already complete. Skipping execution.
2025-05-21 01:48:10,759 INFO Plastic research already complete. Skipping execution.
2025-05-21 01:48:10,762 INFO Plastic research already complete. Skipping execution.
2025-05-21 01:48:10,766 INFO Plastic research already complete. Skipping execution.
2025-05-21 01:48:10,770 INFO Plastic research already complete. Skipping execution.
2025-05-21 01:48:10,774 INFO Plastic research already complete. Skipping execution.
2025-05-21 01:48:10,779 INFO Plastic research already complete. Skipping execution.
2025-05-21 01:48:10,783 INFO Plastic research already complete. Skipping execution.
2025-05-21 01:48:10,787 INFO Plastic research already complete. Skipping execution.
2025-05-21 01:48:10,792 INFO Plastic research already complete. Skipping execution.
2025-05-21 01:48:10,796 INFO Plastic research already complete. Skipping execution.
2025-05-21 01:48:10,800 INFO Plastic research already complete. Skipping execution.
2025-05-21 01:48:10,804 INFO Plastic research already complete. Skipping execution.
2025-05-21 01:48:10,808 INFO Plastic research already complete. Skipping execution.
2025-05-21 01:48:10,811 INFO Plastic research already complete. Skipping execution.
2025-05-21 01:48:10,816 INFO Plastic research already complete. Skipping execution.
2025-05-21 01:48:10,820 INFO Plastic research already complete. Skipping execution.
2025-05-21 01:48:10,824 INFO Plastic research already complete. Skipping execution.
2025-05-21 01:48:10,827 INFO Plastic research already complete. Skipping execution.
2025-05-21 01:48:10,831 INFO Plastic research already complete. Skipping execution.
2025-05-21 01:48:10,836 INFO Plastic research already complete. Skipping execution.
2025-05-21 01:48:10,840 INFO Plastic research already complete. Skipping execution.
2025-05-21 01:48:10,845 INFO Plastic research already complete. Skipping execution.
2025-05-21 01:48:10,849 INFO Plastic research already complete. Skipping execution.
2025-05-21 01:48:10,853 INFO Plastic research already complete. Skipping execution.
2025-05-21 01:48:10,857 INFO Plastic research already complete. Skipping execution.
2025-05-21 01:48:10,861 INFO Plastic research already complete. Skipping execution.
2025-05-21 01:48:10,865 INFO Plastic research already complete. Skipping execution.
2025-05-21 01:48:10,869 INFO Plastic research already complete. Skipping execution.
2025-05-21 01:48:10,873 INFO Plastic research already complete. Skipping execution.
2025-05-21 01:48:10,877 INFO Plastic research already complete. Skipping execution.
2025-05-21 01:48:10,881 INFO Plastic research already complete. Skipping execution.
2025-05-21 01:48:10,886 INFO Plastic research already complete. Skipping execution.
2025-05-21 01:48:10,890 INFO Plastic research already complete. Skipping execution.
2025-05-21 01:48:10,894 INFO Plastic research already complete. Skipping execution.
2025-05-21 01:48:10,899 INFO Plastic research already complete. Skipping execution.
2025-05-21 01:48:10,903 INFO Plastic research already complete. Skipping execution.
2025-05-21 01:48:10,907 INFO Plastic research already complete. Skipping execution.
2025-05-21 01:48:10,910 INFO Plastic research already complete. Skipping execution.
2025-05-21 01:48:10,915 INFO Plastic research already complete. Skipping execution.
2025-05-21 01:48:10,919 INFO Plastic research already complete. Skipping execution.
2025-05-21 01:48:10,923 INFO Plastic research already complete. Skipping execution.
2025-05-21 01:48:10,927 INFO Plastic research already complete. Skipping execution.
2025-05-21 01:48:10,931 INFO Plastic research already complete. Skipping execution.
2025-05-21 01:48:10,935 INFO Plastic research already complete. Skipping execution.
2025-05-21 01:48:10,939 INFO Plastic research already complete. Skipping execution.
2025-05-21 01:48:10,943 INFO Plastic research already complete. Skipping execution.
2025-05-21 01:48:10,946 INFO Plastic research already complete. Skipping execution.
2025-05-21 01:48:10,950 INFO Plastic research already complete. Skipping execution.
2025-05-21 01:48:10,954 INFO Plastic research already complete. Skipping execution.
2025-05-21 01:48:10,958 INFO Plastic research already complete. Skipping execution.
2025-05-21 01:48:10,962 INFO Plastic research already complete. Skipping execution.
2025-05-21 01:48:10,966 INFO Plastic research already complete. Skipping execution.
2025-05-21 01:48:10,970 INFO Plastic research already complete. Skipping execution.
2025-05-21 01:48:10,974 INFO Plastic research already complete. Skipping execution.
2025-05-21 01:48:10,977 INFO Plastic research already complete. Skipping execution.
2025-05-21 01:48:10,982 INFO Plastic research already complete. Skipping execution.
2025-05-21 01:48:10,986 INFO Plastic research already complete. Skipping execution.
2025-05-21 01:48:10,989 INFO Plastic research already complete. Skipping execution.
2025-05-21 01:48:10,993 INFO Plastic research already complete. Skipping execution.
2025-05-21 01:48:10,997 INFO Plastic research already complete. Skipping execution.
2025-05-21 01:48:11,001 INFO Plastic research already complete. Skipping execution.
2025-05-21 01:48:11,006 INFO Plastic research already complete. Skipping execution.
2025-05-21 01:48:11,010 INFO Plastic research already complete. Skipping execution.
2025-05-21 01:48:11,014 INFO Plastic research already complete. Skipping execution.
2025-05-21 01:48:11,018 INFO Plastic research already complete. Skipping execution.
2025-05-21 01:48:11,022 INFO Plastic research already complete. Skipping execution.
2025-05-21 01:48:11,026 INFO Plastic research already complete. Skipping execution.
2025-05-21 01:48:11,030 INFO Plastic research already complete. Skipping execution.
2025-05-21 01:48:11,034 INFO Plastic research already complete. Skipping execution.
2025-05-21 01:48:11,038 INFO Plastic research already complete. Skipping execution.
2025-05-21 01:48:11,042 INFO Plastic research already complete. Skipping execution.
2025-05-21 01:48:11,046 INFO Plastic research already complete. Skipping execution.
2025-05-21 01:48:11,050 INFO Plastic research already complete. Skipping execution.
2025-05-21 01:48:11,054 INFO Plastic research already complete. Skipping execution.
2025-05-21 01:48:11,058 INFO Plastic research already complete. Skipping execution.
2025-05-21 01:48:11,062 INFO Plastic research already complete. Skipping execution.
2025-05-21 01:48:11,067 INFO Plastic research already complete. Skipping execution.
2025-05-21 01:48:11,071 INFO Plastic research already complete. Skipping execution.
2025-05-21 01:48:11,074 INFO Plastic research already complete. Skipping execution.
2025-05-21 01:48:11,078 INFO Plastic research already complete. Skipping execution.
2025-05-21 01:48:11,083 INFO Plastic research already complete. Skipping execution.
2025-05-21 01:48:11,086 INFO Plastic research already complete. Skipping execution.
2025-05-21 01:48:11,091 INFO Plastic research already complete. Skipping execution.
2025-05-21 01:48:11,095 INFO Plastic research already complete. Skipping execution.
2025-05-21 01:48:11,099 INFO Plastic research already complete. Skipping execution.
2025-05-21 01:48:11,103 INFO Plastic research already complete. Skipping execution.
2025-05-21 01:48:11,107 INFO Plastic research already complete. Skipping execution.
2025-05-21 01:48:11,111 INFO Plastic research already complete. Skipping execution.
2025-05-21 01:48:11,115 INFO Plastic research already complete. Skipping execution.
2025-05-21 01:48:11,119 INFO Plastic research already complete. Skipping execution.
2025-05-21 01:48:11,123 INFO Plastic research already complete. Skipping execution.
2025-05-21 01:48:11,127 INFO Plastic research already complete. Skipping execution.
2025-05-21 01:48:11,132 INFO Plastic research already complete. Skipping execution.
2025-05-21 01:48:11,136 INFO Plastic research already complete. Skipping execution.
2025-05-21 01:48:11,140 INFO Plastic research already complete. Skipping execution.
2025-05-21 01:48:11,144 INFO Plastic research already complete. Skipping execution.
2025-05-21 01:48:11,149 INFO Plastic research already complete. Skipping execution.
2025-05-21 01:48:11,153 INFO Plastic research already complete. Skipping execution.
2025-05-21 01:48:11,157 INFO Plastic research already complete. Skipping execution.
2025-05-21 01:48:11,161 INFO Plastic research already complete. Skipping execution.
2025-05-21 01:48:11,165 INFO Plastic research already complete. Skipping execution.
2025-05-21 01:48:11,170 INFO Plastic research already complete. Skipping execution.
2025-05-21 01:48:11,174 INFO Plastic research already complete. Skipping execution.
2025-05-21 01:48:11,178 INFO Plastic research already complete. Skipping execution.
2025-05-21 01:48:11,181 INFO Plastic research already complete. Skipping execution.
2025-05-21 01:48:11,185 INFO Plastic research already complete. Skipping execution.
2025-05-21 01:48:11,189 INFO Plastic research already complete. Skipping execution.
2025-05-21 01:48:11,193 INFO Plastic research already complete. Skipping execution.
2025-05-21 01:48:11,197 INFO Plastic research already complete. Skipping execution.
2025-05-21 01:48:11,237 INFO Plastic research already complete. Skipping execution.
2025-05-21 01:48:11,261 INFO Plastic research already complete. Skipping execution.
2025-05-21 01:48:11,272 INFO Plastic research already complete. Skipping execution.
2025-05-21 01:48:11,278 INFO Plastic research already complete. Skipping execution.
2025-05-21 01:48:11,287 INFO Plastic research already complete. Skipping execution.
2025-05-21 01:48:11,295 INFO Plastic research already complete. Skipping execution.
2025-05-21 01:48:11,303 INFO Plastic research already complete. Skipping execution.
2025-05-21 01:48:11,307 INFO Plastic research already complete. Skipping execution.
2025-05-21 01:48:11,315 INFO Plastic research already complete. Skipping execution.
2025-05-21 01:48:11,322 INFO Plastic research already complete. Skipping execution.
2025-05-21 01:48:11,328 INFO Plastic research already complete. Skipping execution.
2025-05-21 01:48:11,333 INFO Plastic research already complete. Skipping execution.
2025-05-21 01:48:11,337 INFO Plastic research already complete. Skipping execution.
2025-05-21 01:48:11,341 INFO Plastic research already complete. Skipping execution.
2025-05-21 01:48:11,345 INFO Plastic research already complete. Skipping execution.
2025-05-21 01:48:11,353 INFO Plastic research already complete. Skipping execution.
2025-05-21 01:48:11,359 INFO Plastic research already complete. Skipping execution.
2025-05-21 01:48:11,367 INFO Plastic research already complete. Skipping execution.
2025-05-21 01:48:11,373 INFO Plastic research already complete. Skipping execution.
2025-05-21 01:48:11,377 INFO Plastic research already complete. Skipping execution.
2025-05-21 01:48:11,383 INFO Plastic research already complete. Skipping execution.
2025-05-21 01:48:11,387 INFO Plastic research already complete. Skipping execution.
2025-05-21 01:48:11,391 INFO Plastic research already complete. Skipping execution.
2025-05-21 01:48:11,395 INFO Plastic research already complete. Skipping execution.
2025-05-21 01:48:11,400 INFO Plastic research already complete. Skipping execution.
2025-05-21 01:48:11,404 INFO Plastic research already complete. Skipping execution.
2025-05-21 01:48:11,408 INFO Plastic research already complete. Skipping execution.
2025-05-21 01:48:11,413 INFO Plastic research already complete. Skipping execution.
2025-05-21 01:48:11,418 INFO Plastic research already complete. Skipping execution.
2025-05-21 01:48:11,421 INFO Plastic research already complete. Skipping execution.
2025-05-21 01:48:11,425 INFO Plastic research already complete. Skipping execution.
2025-05-21 01:48:11,430 INFO Plastic research already complete. Skipping execution.
2025-05-21 01:48:11,434 INFO Plastic research already complete. Skipping execution.
2025-05-21 01:48:11,438 INFO Plastic research already complete. Skipping execution.
2025-05-21 01:48:11,442 INFO Plastic research already complete. Skipping execution.
2025-05-21 01:48:11,445 INFO Plastic research already complete. Skipping execution.
2025-05-21 01:48:11,450 INFO Plastic research already complete. Skipping execution.
2025-05-21 01:48:11,453 INFO Plastic research already complete. Skipping execution.
2025-05-21 01:48:11,456 INFO Plastic research already complete. Skipping execution.
2025-05-21 01:48:11,460 INFO Plastic research already complete. Skipping execution.
2025-05-21 01:48:11,465 INFO Plastic research already complete. Skipping execution.
2025-05-21 01:48:11,469 INFO Plastic research already complete. Skipping execution.
2025-05-21 01:48:11,473 INFO Plastic research already complete. Skipping execution.
2025-05-21 01:48:11,476 INFO Plastic research already complete. Skipping execution.
2025-05-21 01:48:11,481 INFO Plastic research already complete. Skipping execution.
2025-05-21 01:48:11,484 INFO Plastic research already complete. Skipping execution.
2025-05-21 01:48:11,488 INFO Plastic research already complete. Skipping execution.
2025-05-21 01:48:11,491 INFO Plastic research already complete. Skipping execution.
2025-05-21 01:48:11,495 INFO Plastic research already complete. Skipping execution.
2025-05-21 01:48:11,500 INFO Plastic research already complete. Skipping execution.
2025-05-21 01:48:11,504 INFO Plastic research already complete. Skipping execution.
2025-05-21 01:48:11,507 INFO Plastic research already complete. Skipping execution.
2025-05-21 01:48:11,511 INFO Plastic research already complete. Skipping execution.
2025-05-21 01:48:11,518 INFO Plastic research already complete. Skipping execution.
2025-05-21 01:48:11,521 INFO Plastic research already complete. Skipping execution.
2025-05-21 01:48:11,525 INFO Plastic research already complete. Skipping execution.
2025-05-21 01:48:11,529 INFO Plastic research already complete. Skipping execution.
2025-05-21 01:48:11,533 INFO Plastic research already complete. Skipping execution.
2025-05-21 01:48:11,537 INFO Plastic research already complete. Skipping execution.
2025-05-21 01:48:11,541 INFO Plastic research already complete. Skipping execution.
2025-05-21 01:48:11,544 INFO Plastic research already complete. Skipping execution.
2025-05-21 01:48:11,549 INFO Plastic research already complete. Skipping execution.
2025-05-21 01:48:11,553 INFO Plastic research already complete. Skipping execution.
2025-05-21 01:48:11,556 INFO Plastic research already complete. Skipping execution.
2025-05-21 01:48:11,560 INFO Plastic research already complete. Skipping execution.
2025-05-21 01:48:11,565 INFO Plastic research already complete. Skipping execution.
2025-05-21 01:48:11,568 INFO Plastic research already complete. Skipping execution.
2025-05-21 01:48:11,571 INFO Plastic research already complete. Skipping execution.
2025-05-21 01:48:11,575 INFO Plastic research already complete. Skipping execution.
2025-05-21 01:48:11,579 INFO Plastic research already complete. Skipping execution.
2025-05-21 01:48:11,584 INFO Plastic research already complete. Skipping execution.
2025-05-21 01:48:11,588 INFO Plastic research already complete. Skipping execution.
2025-05-21 01:48:11,592 INFO Plastic research already complete. Skipping execution.
2025-05-21 01:48:11,596 INFO Plastic research already complete. Skipping execution.
2025-05-21 01:48:11,600 INFO Plastic research already complete. Skipping execution.
2025-05-21 01:48:11,603 INFO Plastic research already complete. Skipping execution.
2025-05-21 01:48:11,607 INFO Plastic research already complete. Skipping execution.
2025-05-21 01:48:11,610 INFO Plastic research already complete. Skipping execution.
2025-05-21 01:48:11,615 INFO Plastic research already complete. Skipping execution.
2025-05-21 01:48:11,619 INFO Plastic research already complete. Skipping execution.
2025-05-21 01:48:11,623 INFO Plastic research already complete. Skipping execution.
2025-05-21 01:48:11,626 INFO Plastic research already complete. Skipping execution.
2025-05-21 01:48:11,630 INFO Plastic research already complete. Skipping execution.
2025-05-21 01:48:11,634 INFO Plastic research already complete. Skipping execution.
2025-05-21 01:48:11,637 INFO Plastic research already complete. Skipping execution.
2025-05-21 01:48:11,641 INFO Plastic research already complete. Skipping execution.
2025-05-21 01:48:11,644 INFO Plastic research already complete. Skipping execution.
2025-05-21 01:48:11,649 INFO Plastic research already complete. Skipping execution.
2025-05-21 01:48:11,653 INFO Plastic research already complete. Skipping execution.
2025-05-21 01:48:11,657 INFO Plastic research already complete. Skipping execution.
2025-05-21 01:48:11,661 INFO Plastic research already complete. Skipping execution.
2025-05-21 01:48:11,666 INFO Plastic research already complete. Skipping execution.
2025-05-21 01:48:11,670 INFO Plastic research already complete. Skipping execution.
2025-05-21 01:48:11,673 INFO Plastic research already complete. Skipping execution.
2025-05-21 01:48:11,676 INFO Plastic research already complete. Skipping execution.
2025-05-21 01:48:11,680 INFO Plastic research already complete. Skipping execution.
2025-05-21 01:48:11,685 INFO Plastic research already complete. Skipping execution.
2025-05-21 01:48:11,688 INFO Plastic research already complete. Skipping execution.
2025-05-21 01:48:11,692 INFO Plastic research already complete. Skipping execution.
2025-05-21 01:48:11,696 INFO Plastic research already complete. Skipping execution.
2025-05-21 01:48:11,700 INFO Plastic research already complete. Skipping execution.
2025-05-21 01:48:11,704 INFO Plastic research already complete. Skipping execution.
2025-05-21 01:48:11,707 INFO Plastic research already complete. Skipping execution.
2025-05-21 01:48:11,710 INFO Plastic research already complete. Skipping execution.
2025-05-21 01:48:11,715 INFO Plastic research already complete. Skipping execution.
2025-05-21 01:48:11,718 INFO Plastic research already complete. Skipping execution.
2025-05-21 01:48:11,722 INFO Plastic research already complete. Skipping execution.
2025-05-21 01:48:11,725 INFO Plastic research already complete. Skipping execution.
2025-05-21 01:48:11,729 INFO Plastic research already complete. Skipping execution.
2025-05-21 01:48:11,735 INFO Plastic research already complete. Skipping execution.
2025-05-21 01:48:11,739 INFO Plastic research already complete. Skipping execution.
2025-05-21 01:48:11,742 INFO Plastic research already complete. Skipping execution.
2025-05-21 01:48:11,747 INFO Plastic research already complete. Skipping execution.
2025-05-21 01:48:11,752 INFO Plastic research already complete. Skipping execution.
2025-05-21 01:48:11,756 INFO Plastic research already complete. Skipping execution.
2025-05-21 01:48:11,759 INFO Plastic research already complete. Skipping execution.
2025-05-21 01:48:11,764 INFO Plastic research already complete. Skipping execution.
2025-05-21 01:48:11,767 INFO Plastic research already complete. Skipping execution.
2025-05-21 01:48:11,771 INFO Plastic research already complete. Skipping execution.
2025-05-21 01:48:11,774 INFO Plastic research already complete. Skipping execution.
2025-05-21 01:48:11,777 INFO Plastic research already complete. Skipping execution.
2025-05-21 01:48:11,782 INFO Plastic research already complete. Skipping execution.
2025-05-21 01:48:11,786 INFO Plastic research already complete. Skipping execution.
2025-05-21 01:48:11,790 INFO Plastic research already complete. Skipping execution.
2025-05-21 01:48:11,793 INFO Plastic research already complete. Skipping execution.
2025-05-21 01:48:11,798 INFO Plastic research already complete. Skipping execution.
2025-05-21 01:48:11,802 INFO Plastic research already complete. Skipping execution.
2025-05-21 01:48:11,805 INFO Plastic research already complete. Skipping execution.
2025-05-21 01:48:11,808 INFO Plastic research already complete. Skipping execution.
2025-05-21 01:48:11,811 INFO Plastic research already complete. Skipping execution.
2025-05-21 01:48:11,817 INFO Plastic research already complete. Skipping execution.
2025-05-21 01:48:11,821 INFO Plastic research already complete. Skipping execution.
2025-05-21 01:48:11,825 INFO Plastic research already complete. Skipping execution.
2025-05-21 01:48:11,829 INFO Plastic research already complete. Skipping execution.
2025-05-21 01:48:11,833 INFO Plastic research already complete. Skipping execution.
2025-05-21 01:48:11,837 INFO Plastic research already complete. Skipping execution.
2025-05-21 01:48:11,840 INFO Plastic research already complete. Skipping execution.
2025-05-21 01:48:11,844 INFO Plastic research already complete. Skipping execution.
2025-05-21 01:48:11,849 INFO Plastic research already complete. Skipping execution.
2025-05-21 01:48:11,853 INFO Plastic research already complete. Skipping execution.
2025-05-21 01:48:11,857 INFO Plastic research already complete. Skipping execution.
2025-05-21 01:48:11,861 INFO Plastic research already complete. Skipping execution.
2025-05-21 01:48:11,866 INFO Plastic research already complete. Skipping execution.
2025-05-21 01:48:11,869 INFO Plastic research already complete. Skipping execution.
2025-05-21 01:48:11,873 INFO Plastic research already complete. Skipping execution.
2025-05-21 01:48:11,877 INFO Plastic research already complete. Skipping execution.
2025-05-21 01:48:11,881 INFO Plastic research already complete. Skipping execution.
2025-05-21 01:48:11,885 INFO Plastic research already complete. Skipping execution.
2025-05-21 01:48:11,888 INFO Plastic research already complete. Skipping execution.
2025-05-21 01:48:11,892 INFO Plastic research already complete. Skipping execution.
2025-05-21 01:48:11,897 INFO Plastic research already complete. Skipping execution.
2025-05-21 01:48:11,901 INFO Plastic research already complete. Skipping execution.
2025-05-21 01:48:11,905 INFO Plastic research already complete. Skipping execution.
2025-05-21 01:48:11,908 INFO Plastic research already complete. Skipping execution.
2025-05-21 01:48:11,913 INFO Plastic research already complete. Skipping execution.
2025-05-21 01:48:11,917 INFO Plastic research already complete. Skipping execution.
2025-05-21 01:48:11,922 INFO Plastic research already complete. Skipping execution.
2025-05-21 01:48:11,926 INFO Plastic research already complete. Skipping execution.
2025-05-21 01:48:11,930 INFO Plastic research already complete. Skipping execution.
2025-05-21 01:48:11,934 INFO Plastic research already complete. Skipping execution.
2025-05-21 01:48:11,937 INFO Plastic research already complete. Skipping execution.
2025-05-21 01:48:11,941 INFO Plastic research already complete. Skipping execution.
2025-05-21 01:48:11,944 INFO Plastic research already complete. Skipping execution.
2025-05-21 01:48:11,949 INFO Plastic research already complete. Skipping execution.
2025-05-21 01:48:11,953 INFO Plastic research already complete. Skipping execution.
2025-05-21 01:48:11,957 INFO Plastic research already complete. Skipping execution.
2025-05-21 01:48:11,961 INFO Plastic research already complete. Skipping execution.
2025-05-21 01:48:11,966 INFO Plastic research already complete. Skipping execution.
2025-05-21 01:48:11,970 INFO Plastic research already complete. Skipping execution.
2025-05-21 01:48:11,974 INFO Plastic research already complete. Skipping execution.
2025-05-21 01:48:11,978 INFO Plastic research already complete. Skipping execution.
2025-05-21 01:48:11,983 INFO Plastic research already complete. Skipping execution.
2025-05-21 01:48:11,987 INFO Plastic research already complete. Skipping execution.
2025-05-21 01:48:11,991 INFO Plastic research already complete. Skipping execution.
2025-05-21 01:48:11,995 INFO Plastic research already complete. Skipping execution.
2025-05-21 01:48:12,000 INFO Plastic research already complete. Skipping execution.
2025-05-21 01:48:12,005 INFO Plastic research already complete. Skipping execution.
2025-05-21 01:48:12,009 INFO Plastic research already complete. Skipping execution.
2025-05-21 01:48:12,014 INFO Plastic research already complete. Skipping execution.
2025-05-21 01:48:12,018 INFO Plastic research already complete. Skipping execution.
2025-05-21 01:48:12,023 INFO Plastic research already complete. Skipping execution.
2025-05-21 01:48:12,026 INFO Plastic research already complete. Skipping execution.
2025-05-21 01:48:12,030 INFO Plastic research already complete. Skipping execution.
2025-05-21 01:48:12,034 INFO Plastic research already complete. Skipping execution.
2025-05-21 01:48:12,039 INFO Plastic research already complete. Skipping execution.
2025-05-21 01:48:12,042 INFO Plastic research already complete. Skipping execution.
2025-05-21 01:48:12,047 INFO Plastic research already complete. Skipping execution.
2025-05-21 01:48:12,051 INFO Plastic research already complete. Skipping execution.
2025-05-21 01:48:12,055 INFO Plastic research already complete. Skipping execution.
2025-05-21 01:48:12,059 INFO Plastic research already complete. Skipping execution.
2025-05-21 01:48:12,065 INFO Plastic research already complete. Skipping execution.
2025-05-21 01:48:12,069 INFO Plastic research already complete. Skipping execution.
2025-05-21 01:48:12,073 INFO Plastic research already complete. Skipping execution.
2025-05-21 01:48:12,077 INFO Plastic research already complete. Skipping execution.
2025-05-21 01:48:12,082 INFO Plastic research already complete. Skipping execution.
2025-05-21 01:48:12,086 INFO Plastic research already complete. Skipping execution.
2025-05-21 01:48:12,090 INFO Plastic research already complete. Skipping execution.
2025-05-21 01:48:12,094 INFO Plastic research already complete. Skipping execution.
2025-05-21 01:48:12,099 INFO Plastic research already complete. Skipping execution.
2025-05-21 01:48:12,103 INFO Plastic research already complete. Skipping execution.
2025-05-21 01:48:12,107 INFO Plastic research already complete. Skipping execution.
2025-05-21 01:48:12,113 INFO Plastic research already complete. Skipping execution.
2025-05-21 01:48:12,117 INFO Plastic research already complete. Skipping execution.
2025-05-21 01:48:12,121 INFO Plastic research already complete. Skipping execution.
2025-05-21 01:48:12,124 INFO Plastic research already complete. Skipping execution.
2025-05-21 01:48:12,128 INFO Plastic research already complete. Skipping execution.
2025-05-21 01:48:12,133 INFO Plastic research already complete. Skipping execution.
2025-05-21 01:48:12,137 INFO Plastic research already complete. Skipping execution.
2025-05-21 01:48:12,141 INFO Plastic research already complete. Skipping execution.
2025-05-21 01:48:12,145 INFO Plastic research already complete. Skipping execution.
2025-05-21 01:48:12,151 INFO Plastic research already complete. Skipping execution.
2025-05-21 01:48:12,155 INFO Plastic research already complete. Skipping execution.
2025-05-21 01:48:12,158 INFO Plastic research already complete. Skipping execution.
2025-05-21 01:48:12,163 INFO Plastic research already complete. Skipping execution.
2025-05-21 01:48:12,167 INFO Plastic research already complete. Skipping execution.
2025-05-21 01:48:12,171 INFO Plastic research already complete. Skipping execution.
2025-05-21 01:48:12,175 INFO Plastic research already complete. Skipping execution.
2025-05-21 01:48:12,180 INFO Plastic research already complete. Skipping execution.
2025-05-21 01:48:12,184 INFO Plastic research already complete. Skipping execution.
2025-05-21 01:48:12,188 INFO Plastic research already complete. Skipping execution.
2025-05-21 01:48:12,192 INFO Plastic research already complete. Skipping execution.
2025-05-21 01:48:12,196 INFO Plastic research already complete. Skipping execution.
2025-05-21 01:48:12,201 INFO Plastic research already complete. Skipping execution.
2025-05-21 01:48:12,205 INFO Plastic research already complete. Skipping execution.
2025-05-21 01:48:12,209 INFO Plastic research already complete. Skipping execution.
2025-05-21 01:48:12,214 INFO Plastic research already complete. Skipping execution.
2025-05-21 01:48:12,218 INFO Plastic research already complete. Skipping execution.
2025-05-21 01:48:12,221 INFO Plastic research already complete. Skipping execution.
2025-05-21 01:48:12,225 INFO Plastic research already complete. Skipping execution.
2025-05-21 01:48:12,229 INFO Plastic research already complete. Skipping execution.
2025-05-21 01:48:12,233 INFO Plastic research already complete. Skipping execution.
2025-05-21 01:48:12,237 INFO Plastic research already complete. Skipping execution.
2025-05-21 01:48:12,241 INFO Plastic research already complete. Skipping execution.
2025-05-21 01:48:12,245 INFO Plastic research already complete. Skipping execution.
2025-05-21 01:48:12,249 INFO Plastic research already complete. Skipping execution.
2025-05-21 01:48:12,253 INFO Plastic research already complete. Skipping execution.
2025-05-21 01:48:12,256 INFO Plastic research already complete. Skipping execution.
2025-05-21 01:48:12,260 INFO Plastic research already complete. Skipping execution.
2025-05-21 01:48:12,264 INFO Plastic research already complete. Skipping execution.
2025-05-21 01:48:12,268 INFO Plastic research already complete. Skipping execution.
2025-05-21 01:48:12,272 INFO Plastic research already complete. Skipping execution.
2025-05-21 01:48:12,276 INFO Plastic research already complete. Skipping execution.
2025-05-21 01:48:12,281 INFO Plastic research already complete. Skipping execution.
2025-05-21 01:48:12,285 INFO Plastic research already complete. Skipping execution.
2025-05-21 01:48:12,289 INFO Plastic research already complete. Skipping execution.
2025-05-21 01:48:12,293 INFO Plastic research already complete. Skipping execution.
2025-05-21 01:48:12,297 INFO Plastic research already complete. Skipping execution.
2025-05-21 01:48:12,301 INFO Plastic research already complete. Skipping execution.
2025-05-21 01:48:12,304 INFO Plastic research already complete. Skipping execution.
2025-05-21 01:48:12,308 INFO Plastic research already complete. Skipping execution.
2025-05-21 01:48:12,311 INFO Plastic research already complete. Skipping execution.
2025-05-21 01:48:12,316 INFO Plastic research already complete. Skipping execution.
2025-05-21 01:48:12,320 INFO Plastic research already complete. Skipping execution.
2025-05-21 01:48:12,324 INFO Plastic research already complete. Skipping execution.
2025-05-21 01:48:12,328 INFO Plastic research already complete. Skipping execution.
2025-05-21 01:48:12,333 INFO Plastic research already complete. Skipping execution.
2025-05-21 01:48:12,337 INFO Plastic research already complete. Skipping execution.
2025-05-21 01:48:12,341 INFO Plastic research already complete. Skipping execution.
2025-05-21 01:48:12,345 INFO Plastic research already complete. Skipping execution.
2025-05-21 01:48:12,350 INFO Plastic research already complete. Skipping execution.
2025-05-21 01:48:12,354 INFO Plastic research already complete. Skipping execution.
2025-05-21 01:48:12,357 INFO Plastic research already complete. Skipping execution.
2025-05-21 01:48:12,361 INFO Plastic research already complete. Skipping execution.
2025-05-21 01:48:12,366 INFO Plastic research already complete. Skipping execution.
2025-05-21 01:48:12,371 INFO Plastic research already complete. Skipping execution.
2025-05-21 01:48:12,375 INFO Plastic research already complete. Skipping execution.
2025-05-21 01:48:12,379 INFO Plastic research already complete. Skipping execution.
2025-05-21 01:48:12,383 INFO Plastic research already complete. Skipping execution.
2025-05-21 01:48:12,387 INFO Plastic research already complete. Skipping execution.
2025-05-21 01:48:12,391 INFO Plastic research already complete. Skipping execution.
2025-05-21 01:48:12,396 INFO Plastic research already complete. Skipping execution.
2025-05-21 01:48:12,399 INFO Plastic research already complete. Skipping execution.
2025-05-21 01:48:12,403 INFO Plastic research already complete. Skipping execution.
2025-05-21 01:48:12,406 INFO Plastic research already complete. Skipping execution.
2025-05-21 01:48:12,410 INFO Plastic research already complete. Skipping execution.
2025-05-21 01:48:12,415 INFO Plastic research already complete. Skipping execution.
2025-05-21 01:48:12,419 INFO Plastic research already complete. Skipping execution.
2025-05-21 01:48:12,423 INFO Plastic research already complete. Skipping execution.
2025-05-21 01:48:12,427 INFO Plastic research already complete. Skipping execution.
2025-05-21 01:48:12,432 INFO Plastic research already complete. Skipping execution.
2025-05-21 01:48:12,436 INFO Plastic research already complete. Skipping execution.
2025-05-21 01:48:12,440 INFO Plastic research already complete. Skipping execution.
2025-05-21 01:48:12,443 INFO Plastic research already complete. Skipping execution.
2025-05-21 01:48:12,448 INFO Plastic research already complete. Skipping execution.
2025-05-21 01:48:12,452 INFO Plastic research already complete. Skipping execution.
2025-05-21 01:48:12,456 INFO Plastic research already complete. Skipping execution.
2025-05-21 01:48:12,460 INFO Plastic research already complete. Skipping execution.
2025-05-21 01:48:12,463 INFO Plastic research already complete. Skipping execution.
2025-05-21 01:48:12,467 INFO Plastic research already complete. Skipping execution.
2025-05-21 01:48:12,471 INFO Plastic research already complete. Skipping execution.
2025-05-21 01:48:12,475 INFO Plastic research already complete. Skipping execution.
2025-05-21 01:48:12,479 INFO Plastic research already complete. Skipping execution.
2025-05-21 01:48:12,484 INFO Plastic research already complete. Skipping execution.
2025-05-21 01:48:12,488 INFO Plastic research already complete. Skipping execution.
2025-05-21 01:48:12,491 INFO Plastic research already complete. Skipping execution.
2025-05-21 01:48:12,495 INFO Plastic research already complete. Skipping execution.
2025-05-21 01:48:12,500 INFO Plastic research already complete. Skipping execution.
2025-05-21 01:48:12,504 INFO Plastic research already complete. Skipping execution.
2025-05-21 01:48:12,508 INFO Plastic research already complete. Skipping execution.
2025-05-21 01:48:12,511 INFO Plastic research already complete. Skipping execution.
2025-05-21 01:48:12,515 INFO Plastic research already complete. Skipping execution.
2025-05-21 01:48:12,519 INFO Plastic research already complete. Skipping execution.
2025-05-21 01:48:12,523 INFO Plastic research already complete. Skipping execution.
2025-05-21 01:48:12,526 INFO Plastic research already complete. Skipping execution.
2025-05-21 01:48:12,531 INFO Plastic research already complete. Skipping execution.
2025-05-21 01:48:12,535 INFO Plastic research already complete. Skipping execution.
2025-05-21 01:48:12,539 INFO Plastic research already complete. Skipping execution.
2025-05-21 01:48:12,543 INFO Plastic research already complete. Skipping execution.
2025-05-21 01:48:12,547 INFO Plastic research already complete. Skipping execution.
2025-05-21 01:48:12,552 INFO Plastic research already complete. Skipping execution.
2025-05-21 01:48:12,555 INFO Plastic research already complete. Skipping execution.
2025-05-21 01:48:12,559 INFO Plastic research already complete. Skipping execution.
2025-05-21 01:48:12,563 INFO Plastic research already complete. Skipping execution.
2025-05-21 01:48:12,567 INFO Plastic research already complete. Skipping execution.
2025-05-21 01:48:12,571 INFO Plastic research already complete. Skipping execution.
2025-05-21 01:48:12,575 INFO Plastic research already complete. Skipping execution.
2025-05-21 01:48:12,578 INFO Plastic research already complete. Skipping execution.
2025-05-21 01:48:12,583 INFO Plastic research already complete. Skipping execution.
2025-05-21 01:48:12,587 INFO Plastic research already complete. Skipping execution.
2025-05-21 01:48:12,590 INFO Plastic research already complete. Skipping execution.
2025-05-21 01:48:12,594 INFO Plastic research already complete. Skipping execution.
2025-05-21 01:48:12,602 INFO Plastic research already complete. Skipping execution.
2025-05-21 01:48:12,606 INFO Plastic research already complete. Skipping execution.
2025-05-21 01:48:12,609 INFO Plastic research already complete. Skipping execution.
2025-05-21 01:48:12,614 INFO Plastic research already complete. Skipping execution.
2025-05-21 01:48:12,618 INFO Plastic research already complete. Skipping execution.
2025-05-21 01:48:12,622 INFO Plastic research already complete. Skipping execution.
2025-05-21 01:48:12,626 INFO Plastic research already complete. Skipping execution.
2025-05-21 01:48:12,632 INFO Plastic research already complete. Skipping execution.
2025-05-21 01:48:12,655 INFO Plastic research already complete. Skipping execution.
2025-05-21 01:48:12,676 INFO Plastic research already complete. Skipping execution.
2025-05-21 01:48:12,700 INFO Plastic research already complete. Skipping execution.
2025-05-21 01:48:12,722 INFO Plastic research already complete. Skipping execution.
2025-05-21 01:48:12,726 INFO Plastic research already complete. Skipping execution.
2025-05-21 01:48:12,730 INFO Plastic research already complete. Skipping execution.
2025-05-21 01:48:12,735 INFO Plastic research already complete. Skipping execution.
2025-05-21 01:48:12,738 INFO Plastic research already complete. Skipping execution.
2025-05-21 01:48:12,742 INFO Plastic research already complete. Skipping execution.
2025-05-21 01:48:12,749 INFO Plastic research already complete. Skipping execution.
2025-05-21 01:48:12,753 INFO Plastic research already complete. Skipping execution.
2025-05-21 01:48:12,758 INFO Plastic research already complete. Skipping execution.
2025-05-21 01:48:12,766 INFO Plastic research already complete. Skipping execution.
2025-05-21 01:48:12,774 INFO Plastic research already complete. Skipping execution.
2025-05-21 01:48:12,780 INFO Plastic research already complete. Skipping execution.
2025-05-21 01:48:12,785 INFO Plastic research already complete. Skipping execution.
2025-05-21 01:48:12,789 INFO Plastic research already complete. Skipping execution.
2025-05-21 01:48:12,792 INFO Plastic research already complete. Skipping execution.
2025-05-21 01:48:12,798 INFO Plastic research already complete. Skipping execution.
2025-05-21 01:48:12,801 INFO Plastic research already complete. Skipping execution.
2025-05-21 01:48:12,804 INFO Plastic research already complete. Skipping execution.
2025-05-21 01:48:12,808 INFO Plastic research already complete. Skipping execution.
2025-05-21 01:48:12,812 INFO Plastic research already complete. Skipping execution.
2025-05-21 01:48:12,817 INFO Plastic research already complete. Skipping execution.
2025-05-21 01:48:12,822 INFO Plastic research already complete. Skipping execution.
2025-05-21 01:48:12,826 INFO Plastic research already complete. Skipping execution.
2025-05-21 01:48:12,831 INFO Plastic research already complete. Skipping execution.
2025-05-21 01:48:12,835 INFO Plastic research already complete. Skipping execution.
2025-05-21 01:48:12,839 INFO Plastic research already complete. Skipping execution.
2025-05-21 01:48:12,843 INFO Plastic research already complete. Skipping execution.
2025-05-21 01:48:12,846 INFO Plastic research already complete. Skipping execution.
2025-05-21 01:48:12,850 INFO Plastic research already complete. Skipping execution.
2025-05-21 01:48:12,856 INFO Plastic research already complete. Skipping execution.
2025-05-21 01:48:12,861 INFO Plastic research already complete. Skipping execution.
2025-05-21 01:48:12,867 INFO Plastic research already complete. Skipping execution.
2025-05-21 01:48:12,871 INFO Plastic research already complete. Skipping execution.
2025-05-21 01:48:12,875 INFO Plastic research already complete. Skipping execution.
2025-05-21 01:48:12,880 INFO Plastic research already complete. Skipping execution.
2025-05-21 01:48:12,886 INFO Plastic research already complete. Skipping execution.
2025-05-21 01:48:12,890 INFO Plastic research already complete. Skipping execution.
2025-05-21 01:48:12,894 INFO Plastic research already complete. Skipping execution.
2025-05-21 01:48:12,901 INFO Plastic research already complete. Skipping execution.
2025-05-21 01:48:12,906 INFO Plastic research already complete. Skipping execution.
2025-05-21 01:48:12,910 INFO Plastic research already complete. Skipping execution.
2025-05-21 01:48:12,950 INFO Plastic research already complete. Skipping execution.
2025-05-21 01:48:12,995 INFO Plastic research already complete. Skipping execution.
2025-05-21 01:48:13,001 INFO Plastic research already complete. Skipping execution.
2025-05-21 01:48:13,015 INFO Plastic research already complete. Skipping execution.
2025-05-21 01:48:13,020 INFO Plastic research already complete. Skipping execution.
2025-05-21 01:48:13,025 INFO Plastic research already complete. Skipping execution.
2025-05-21 01:48:13,029 INFO Plastic research already complete. Skipping execution.
2025-05-21 01:48:13,033 INFO Plastic research already complete. Skipping execution.
2025-05-21 01:48:13,040 INFO Plastic research already complete. Skipping execution.
2025-05-21 01:48:13,049 INFO Plastic research already complete. Skipping execution.
2025-05-21 01:48:13,053 INFO Plastic research already complete. Skipping execution.
2025-05-21 01:48:13,057 INFO Plastic research already complete. Skipping execution.
2025-05-21 01:48:13,061 INFO Plastic research already complete. Skipping execution.
2025-05-21 01:48:13,066 INFO Plastic research already complete. Skipping execution.
2025-05-21 01:48:13,070 INFO Plastic research already complete. Skipping execution.
2025-05-21 01:48:13,073 INFO Plastic research already complete. Skipping execution.
2025-05-21 01:48:13,077 INFO Plastic research already complete. Skipping execution.
2025-05-21 01:48:13,083 INFO Plastic research already complete. Skipping execution.
2025-05-21 01:48:13,086 INFO Plastic research already complete. Skipping execution.
2025-05-21 01:48:13,090 INFO Plastic research already complete. Skipping execution.
2025-05-21 01:48:13,093 INFO Plastic research already complete. Skipping execution.
2025-05-21 01:48:13,098 INFO Plastic research already complete. Skipping execution.
2025-05-21 01:48:13,102 INFO Plastic research already complete. Skipping execution.
2025-05-21 01:56:08,749 INFO Creating Sustainability Brand Researcher agent
2025-05-21 01:56:08,755 INFO Creating Plastic analyst agent
2025-05-21 01:56:08,790 INFO id='abb1e73e-2647-488b-a414-abb93c691b48' brand_name='Pagani' plastic_type='PP' location='Munich' brand_results={} plastic_results={} collab_results={} combined_results={} brand_research_needed=False plastic_research_needed=False brand_research_complete=False plastic_research_complete=False brand_saved_to_db=False plastic_saved_to_db=False
2025-05-21 01:56:10,272 INFO Starting BrandAnalystCrew with input: {'brand': 'Pagani', 'location': 'Munich'}
2025-05-21 01:56:10,273 INFO Creating analyze_target_brand task
2025-05-21 01:56:10,278 INFO Crew instance created
2025-05-21 01:56:10,284 INFO Storing Brand Info After research
2025-05-21 01:56:14,700 INFO Crew execution completed with result: brand_id=None name='Pagani' industry='Automotive' main_products=['Luxury Sports Cars'] sustainability_initiatives=[] plastic_materials_used=[] past_collaborations=[] operational_regions=[]
2025-05-21 01:56:14,704 INFO Starting BrandAnalystCrew with input: {'brand': 'Pagani', 'location': 'Munich'}
2025-05-21 01:56:14,704 INFO Crew instance created
2025-05-21 01:56:14,706 INFO Storing Brand Info After research
2025-05-21 01:56:28,622 INFO Crew execution completed with result: brand_id=None name='Pagani' industry=None main_products=[] sustainability_initiatives=['Use of Post-Consumer-Recycled Plastics for products', 'Collaboration for sustainable practices in product lifecycle'] plastic_materials_used=['Post-Consumer-Recycled Plastics', 'Recycled polyethylene'] past_collaborations=['Partnership with Prodir for environmental assessment'] operational_regions=[]
2025-05-21 01:56:28,626 INFO Starting BrandAnalystCrew with input: {'brand': 'Pagani', 'location': 'Munich'}
2025-05-21 01:56:28,626 INFO Crew instance created
2025-05-21 01:56:28,629 INFO Storing Brand Info After research
2025-05-21 02:05:49,921 INFO Creating Sustainability Brand Researcher agent
2025-05-21 02:05:49,929 INFO Creating Plastic analyst agent
2025-05-21 02:05:50,096 INFO id='dd1749b2-317a-460b-acdc-791bfc6a9c28' brand_name='Ford' plastic_type='PET' location='Florida' brand_results={} plastic_results={} collab_results={} combined_results={} brand_research_needed=False plastic_research_needed=False brand_research_complete=False plastic_research_complete=False brand_saved_to_db=False plastic_saved_to_db=False
2025-05-21 02:05:51,678 INFO Starting BrandAnalystCrew with input: {'brand': 'Ford', 'location': 'Florida'}
2025-05-21 02:05:51,679 INFO Creating analyze_target_brand task
2025-05-21 02:05:51,702 INFO Crew instance created
2025-05-21 02:05:51,709 INFO Storing Brand Info After research
2025-05-21 02:12:46,970 INFO Creating Sustainability Brand Researcher agent
2025-05-21 02:12:46,979 INFO Creating Plastic analyst agent
2025-05-21 02:12:47,027 INFO id='12963d92-4026-439b-b694-dfe950e613be' brand_name='Mahinndra' plastic_type='PP' location='Mumbai' brand_results={} plastic_results={} collab_results={} combined_results={} brand_research_needed=False plastic_research_needed=False brand_research_complete=False plastic_research_complete=False brand_saved_to_db=False plastic_saved_to_db=False
2025-05-21 02:12:48,432 INFO Starting BrandAnalystCrew with input: {'brand': 'Mahinndra', 'location': 'Mumbai'}
2025-05-21 02:12:48,432 INFO Creating analyze_target_brand task
2025-05-21 02:12:48,438 INFO Crew instance created
2025-05-21 02:12:54,798 INFO Crew execution completed with result: brand_id='mahindra' name='Mahindra Group' industry='Automotive and Diversified' main_products=['Automobiles', 'Farm Equipment', 'Aerospace', 'IT Services', 'Construction Equipment'] sustainability_initiatives=['Greening operations', 'Decarbonisation efforts', 'Waste minimization and recycling'] plastic_materials_used=['Recycled plastics in vehicles', 'Bio-based seat covers'] past_collaborations=['Collaborations with sustainability organizations for ESG practices'] operational_regions=['India', 'Global markets']
2025-05-21 02:12:54,802 INFO Inside Router after research
2025-05-21 02:12:54,802 INFO Storing Brand Info After research
2025-05-21 02:12:55,007 INFO Starting BrandAnalystCrew with input: {'brand': 'Mahinndra', 'location': 'Mumbai'}
2025-05-21 02:12:55,008 INFO Crew instance created
2025-05-21 02:12:59,858 INFO Crew execution completed with result: brand_id=None name='Mahindra' industry='Automobile and Manufacturing' main_products=['SUVs', 'Tractors', 'Commercial Vehicles', 'Farm Equipment'] sustainability_initiatives=['Greening operations', 'Decarbonisation efforts', 'Waste minimization'] plastic_materials_used=['Recycled plastics in interior parts', 'Bio-based seat covers'] past_collaborations=[] operational_regions=['India', 'Global']
2025-05-21 02:12:59,869 INFO Inside Router after research
2025-05-21 02:12:59,869 INFO Storing Brand Info After research
2025-05-21 02:12:59,982 INFO Starting BrandAnalystCrew with input: {'brand': 'Mahinndra', 'location': 'Mumbai'}
2025-05-21 02:12:59,982 INFO Crew instance created
2025-05-21 02:13:04,606 INFO Crew execution completed with result: brand_id=None name='Mahindra' industry='Automotive and diversified industries' main_products=['Automobiles', 'Farm Equipment', 'Residential Developments', 'IT Services'] sustainability_initiatives=['Making Sustainability Personal (MSP)', 'Greening operations and introducing sustainable alternatives', 'Decarbonisation efforts', 'Water conservation and zero-discharge initiatives', 'Use of recycled plastics in products'] plastic_materials_used=['Recycled plastics', 'Bio-based materials'] past_collaborations=[] operational_regions=['India', 'Global']
2025-05-21 02:13:04,611 INFO Inside Router after research
2025-05-21 02:13:04,611 INFO Storing Brand Info After research
2025-05-21 02:13:04,643 INFO Starting BrandAnalystCrew with input: {'brand': 'Mahinndra', 'location': 'Mumbai'}
2025-05-21 02:13:04,643 INFO Crew instance created
2025-05-21 02:20:10,968 INFO Creating Sustainability Brand Researcher agent
2025-05-21 02:20:10,975 INFO Creating Plastic analyst agent
2025-05-21 02:20:11,011 INFO id='2b6bf4bd-5385-407b-ae71-3ad65baaa2b7' brand_name='Fiat' plastic_type='PP' location='Mumbai' brand_results={} plastic_results={} collab_results={} combined_results={} brand_research_needed=False plastic_research_needed=False brand_research_complete=False plastic_research_complete=False brand_saved_to_db=False plastic_saved_to_db=False
2025-05-21 02:20:12,527 INFO Starting crew kickoff with input: {'brand_data': {'id': 2, 'brand_id': 'af8f695c-6143-5188-9a47-446940354905', 'name': 'Pagani', 'industry': 'Automotive', 'main_products': ['Luxury Sports Cars'], 'sustainability_initiatives': [], 'plastic_materials_used': [], 'past_collaborations': [], 'operational_regions': [], 'created_at': '2025-05-20T23:56:14.752399', 'similarity_score': 0.8013898134231567}, 'plastic_data': {'id': 7, 'plastic_id': '6ac87e67-8a1c-5ac4-9ac4-2a646a398217', 'type': 'Polypropylene', 'properties': ['Versatile and durable', 'Lightweight with high chemical resistance', 'Good fatigue resistance', 'Thermal plastic that can withstand high temperatures'], 'applications': ['Packaging materials, such as containers and films', 'Automotive parts', 'Textiles, including carpets and upholstery', 'Medical supplies, like syringes and containers'], 'environmental_impact': 'PP is not biodegradable and poses pollution potential; however, it can be recycled, reducing landfill contributions. Its recycling process generates fewer waste products and emits fewer greenhouse gases than virgin PP production.', 'recycling_potential': 'PP is recyclable, but its recycling rate is low (approximately 3%). The recycling process involves separation, cleaning, melting, and granulating. Challenges in mechanical recycling can lead to loss of material integrity.', 'regional_relevance': None, 'created_at': '2025-05-20T22:31:59.336890', 'similarity_score': 0.8116981685161591}}
2025-05-21 02:20:12,549 INFO Crew instance created
2025-05-21 02:20:29,602 INFO Crew execution completed with result: input_summary={'brand': 'Unspecified Brand from Brand Data', 'plastic': 'Recyclable Plastic with High Durability'} top_collaborating_brands=[CollaborationRecommendation(name='Allbirds', industry='Footwear', rationale='Allbirds uses eco-friendly materials and has a strong mission towards sustainability, making them a potential match for plastic data focused on recyclable materials.', product_concept='A line of shoes that uses recycled materials in place of traditional plastics, highlighting the environmental benefits.'), CollaborationRecommendation(name='Patagonia', industry='Outdoor Apparel', rationale='Patagonia prioritizes sustainability in their production processes and materials, aligning closely with sustainable plastic initiatives.', product_concept='A collaborative outdoor line that incorporates recycled plastics into weather-resistant jackets.'), CollaborationRecommendation(name='TOMS', industry='Footwear and Accessories', rationale='TOMS has a social mission with commitment to using sustainable resources and could leverage recyclable plastics in their products.', product_concept='Shoes featuring recycled plastics with a strong message of environmental awareness.'), CollaborationRecommendation(name='Seventh Generation', industry='Household Products', rationale='Focus on sustainability and non-toxic products aligns well; potential use of sustainable plastics in packaging.', product_concept='Household cleaning solutions delivered in eco-friendly, recyclable packaging.'), CollaborationRecommendation(name='Ecover', industry='Cleaning Products', rationale='Ecover commits to using sustainable materials and could incorporate recyclable plastics in its packaging.', product_concept='Innovative cleaning products packaged in materials made from recycled plastics.')]
2025-05-21 02:24:13,731 INFO Creating Sustainability Brand Researcher agent
2025-05-21 02:24:13,737 INFO Creating Plastic analyst agent
2025-05-21 02:24:13,771 INFO id='133897e7-54c9-416c-85aa-0f589d8016ca' brand_name='Fiat' plastic_type='PP' location='Mumbai' brand_results={} plastic_results={} collab_results={} combined_results={} brand_research_needed=False plastic_research_needed=False brand_research_complete=False plastic_research_complete=False brand_saved_to_db=False plastic_saved_to_db=False
2025-05-21 02:24:15,302 INFO Starting BrandAnalystCrew with input: {'brand': 'Fiat', 'location': 'Mumbai'}
2025-05-21 02:24:15,302 INFO Creating analyze_target_brand task
2025-05-21 02:24:15,308 INFO Crew instance created
2025-05-21 02:24:39,259 INFO Crew execution completed with result: brand_id=None name='EcoPack' industry=None main_products=['Biodegradable Packaging', 'Compostable Bags'] sustainability_initiatives=['Planting trees for every order', 'Using renewable energy', 'Reducing plastic waste'] plastic_materials_used=['PLA', 'PHA'] past_collaborations=['GreenEco', 'SustainPack'] operational_regions=['North America', 'Europe']
2025-05-21 02:24:39,264 INFO Inside Router after research: {'brand_id': None, 'name': 'EcoPack', 'industry': None, 'main_products': ['Biodegradable Packaging', 'Compostable Bags'], 'sustainability_initiatives': ['Planting trees for every order', 'Using renewable energy', 'Reducing plastic waste'], 'plastic_materials_used': ['PLA', 'PHA'], 'past_collaborations': ['GreenEco', 'SustainPack'], 'operational_regions': ['North America', 'Europe']}
2025-05-21 02:24:39,265 INFO Storing Brand Info After research: {'brand_id': None, 'name': 'EcoPack', 'industry': None, 'main_products': ['Biodegradable Packaging', 'Compostable Bags'], 'sustainability_initiatives': ['Planting trees for every order', 'Using renewable energy', 'Reducing plastic waste'], 'plastic_materials_used': ['PLA', 'PHA'], 'past_collaborations': ['GreenEco', 'SustainPack'], 'operational_regions': ['North America', 'Europe']}
2025-05-21 02:24:39,424 ERROR Error saving brand to DB: object str can't be used in 'await' expression
2025-05-21 02:24:39,428 INFO Starting BrandAnalystCrew with input: {'brand': 'Fiat', 'location': 'Mumbai'}
2025-05-21 02:24:39,429 INFO Crew instance created
2025-05-21 02:24:45,989 INFO Crew execution completed with result: brand_id='Fiat' name='Fiat' industry='Automotive' main_products=['Passenger cars', 'Electric vehicles', 'Commercial vehicles'] sustainability_initiatives=['Commitment to carbon neutrality by 2038', 'Focus on recycling materials', 'Sustainable manufacturing processes'] plastic_materials_used=['Recycled plastics in vehicle manufacturing', 'Plastic waste reduction initiatives'] past_collaborations=['Partnerships with environmental organizations for waste reduction', 'Engagement in collective industry efforts to tackle pollution'] operational_regions=['Europe', 'North America', 'South America']
2025-05-21 02:24:45,993 INFO Inside Router after research: {'brand_id': 'Fiat', 'name': 'Fiat', 'industry': 'Automotive', 'main_products': ['Passenger cars', 'Electric vehicles', 'Commercial vehicles'], 'sustainability_initiatives': ['Commitment to carbon neutrality by 2038', 'Focus on recycling materials', 'Sustainable manufacturing processes'], 'plastic_materials_used': ['Recycled plastics in vehicle manufacturing', 'Plastic waste reduction initiatives'], 'past_collaborations': ['Partnerships with environmental organizations for waste reduction', 'Engagement in collective industry efforts to tackle pollution'], 'operational_regions': ['Europe', 'North America', 'South America']}
2025-05-21 02:24:45,994 INFO Storing Brand Info After research: {'brand_id': 'Fiat', 'name': 'Fiat', 'industry': 'Automotive', 'main_products': ['Passenger cars', 'Electric vehicles', 'Commercial vehicles'], 'sustainability_initiatives': ['Commitment to carbon neutrality by 2038', 'Focus on recycling materials', 'Sustainable manufacturing processes'], 'plastic_materials_used': ['Recycled plastics in vehicle manufacturing', 'Plastic waste reduction initiatives'], 'past_collaborations': ['Partnerships with environmental organizations for waste reduction', 'Engagement in collective industry efforts to tackle pollution'], 'operational_regions': ['Europe', 'North America', 'South America']}
2025-05-21 02:24:46,102 ERROR Error saving brand to DB: object NoneType can't be used in 'await' expression
2025-05-21 02:24:46,106 INFO Starting BrandAnalystCrew with input: {'brand': 'Fiat', 'location': 'Mumbai'}
2025-05-21 02:24:46,106 INFO Crew instance created
2025-05-21 13:06:37,818 INFO Creating Sustainability Brand Researcher agent
2025-05-21 13:06:37,824 INFO Creating Plastic analyst agent
2025-05-21 13:06:37,868 INFO id='9648c64f-a396-46c4-8cb3-1e8db754f9b3' brand_name='BMW' plastic_type='PP' location='Munich' brand_results={} plastic_results={} collab_results={} combined_results={} brand_research_needed=False plastic_research_needed=False brand_research_complete=False plastic_research_complete=False brand_saved_to_db=False plastic_saved_to_db=False
2025-05-21 13:06:39,755 INFO Starting BrandAnalystCrew with input: {'brand': 'BMW', 'location': 'Munich'}
2025-05-21 13:06:39,756 INFO Creating analyze_target_brand task
2025-05-21 13:06:39,770 INFO Crew instance created
2025-05-21 13:06:50,702 INFO Crew execution completed with result: brand_id=None name='BMW' industry='Automotive' main_products=['Luxury Vehicles', 'Electric Vehicles', 'Motorcycles'] sustainability_initiatives=['Using ocean plastics for vehicle trim components', 'Aiming for 100% recyclable vehicles by 2030', 'Increasing recycled materials in production to 40% by 2030', 'CO2 emissions reduction projects', 'Sustainable logistics to minimize plastic waste'] plastic_materials_used=['Ocean plastics', 'Thermoplastics with recycled content'] past_collaborations=[] operational_regions=['Germany', 'China', 'United States', 'Europe']
2025-05-21 13:06:50,715 INFO Inside Router after research: {'brand_id': None, 'name': 'BMW', 'industry': 'Automotive', 'main_products': ['Luxury Vehicles', 'Electric Vehicles', 'Motorcycles'], 'sustainability_initiatives': ['Using ocean plastics for vehicle trim components', 'Aiming for 100% recyclable vehicles by 2030', 'Increasing recycled materials in production to 40% by 2030', 'CO2 emissions reduction projects', 'Sustainable logistics to minimize plastic waste'], 'plastic_materials_used': ['Ocean plastics', 'Thermoplastics with recycled content'], 'past_collaborations': [], 'operational_regions': ['Germany', 'China', 'United States', 'Europe']}
2025-05-21 13:06:50,716 INFO Storing Brand Info After research: {'brand_id': None, 'name': 'BMW', 'industry': 'Automotive', 'main_products': ['Luxury Vehicles', 'Electric Vehicles', 'Motorcycles'], 'sustainability_initiatives': ['Using ocean plastics for vehicle trim components', 'Aiming for 100% recyclable vehicles by 2030', 'Increasing recycled materials in production to 40% by 2030', 'CO2 emissions reduction projects', 'Sustainable logistics to minimize plastic waste'], 'plastic_materials_used': ['Ocean plastics', 'Thermoplastics with recycled content'], 'past_collaborations': [], 'operational_regions': ['Germany', 'China', 'United States', 'Europe']}
2025-05-21 13:06:51,312 ERROR Error saving brand to DB: object str can't be used in 'await' expression
2025-05-21 13:06:51,317 INFO Starting BrandAnalystCrew with input: {'brand': 'BMW', 'location': 'Munich'}
2025-05-21 13:06:51,318 INFO Crew instance created
2025-05-21 13:07:01,373 INFO Crew execution completed with result: brand_id=None name='BMW' industry='Automobile' main_products=['Luxury Vehicles', 'Electric Vehicles'] sustainability_initiatives=['Reduction of CO2 emissions by 25 percent compared to conventional manufacturing.', 'Utilization of ocean plastics in floor mats for BMW iX and other vehicles.', 'Target to use thermoplastics made from 40% recycled materials by 2030.', 'Focus on circular economy and promoting recyclable materials in production.'] plastic_materials_used=['Ocean plastics', 'Thermoplastics made from recycled materials'] past_collaborations=[] operational_regions=['Global', 'North America', 'Europe', 'Asia']
2025-05-21 13:07:01,378 INFO Inside Router after research: {'brand_id': None, 'name': 'BMW', 'industry': 'Automobile', 'main_products': ['Luxury Vehicles', 'Electric Vehicles'], 'sustainability_initiatives': ['Reduction of CO2 emissions by 25 percent compared to conventional manufacturing.', 'Utilization of ocean plastics in floor mats for BMW iX and other vehicles.', 'Target to use thermoplastics made from 40% recycled materials by 2030.', 'Focus on circular economy and promoting recyclable materials in production.'], 'plastic_materials_used': ['Ocean plastics', 'Thermoplastics made from recycled materials'], 'past_collaborations': [], 'operational_regions': ['Global', 'North America', 'Europe', 'Asia']}
2025-05-21 13:07:01,379 INFO Storing Brand Info After research: {'brand_id': None, 'name': 'BMW', 'industry': 'Automobile', 'main_products': ['Luxury Vehicles', 'Electric Vehicles'], 'sustainability_initiatives': ['Reduction of CO2 emissions by 25 percent compared to conventional manufacturing.', 'Utilization of ocean plastics in floor mats for BMW iX and other vehicles.', 'Target to use thermoplastics made from 40% recycled materials by 2030.', 'Focus on circular economy and promoting recyclable materials in production.'], 'plastic_materials_used': ['Ocean plastics', 'Thermoplastics made from recycled materials'], 'past_collaborations': [], 'operational_regions': ['Global', 'North America', 'Europe', 'Asia']}
2025-05-21 13:07:01,625 ERROR Error saving brand to DB: object str can't be used in 'await' expression
2025-05-21 13:07:01,629 INFO Starting BrandAnalystCrew with input: {'brand': 'BMW', 'location': 'Munich'}
2025-05-21 13:07:01,630 INFO Crew instance created
2025-05-21 13:32:22,851 INFO Creating Sustainability Brand Researcher agent
2025-05-21 13:32:22,857 INFO Creating Plastic analyst agent
2025-05-21 13:32:22,890 INFO id='26afcfe0-6cdb-401b-a6d3-9ba9517650b4' brand_name='BMW' plastic_type='PP' location='Munich' brand_results={} plastic_results={} collab_results={} combined_results={} brand_research_needed=False plastic_research_needed=False brand_research_complete=False plastic_research_complete=False brand_saved_to_db=False plastic_saved_to_db=False
2025-05-21 13:32:29,961 INFO Starting crew kickoff with input: {'brand_data': {'id': 3, 'brand_id': '3208ed61-6a18-539c-9e35-ed27cfe1d9d7', 'name': 'BMW', 'industry': 'Automotive', 'main_products': ['Luxury Vehicles', 'Electric Vehicles', 'Motorcycles'], 'sustainability_initiatives': ['Using ocean plastics for vehicle trim components', 'Aiming for 100% recyclable vehicles by 2030', 'Increasing recycled materials in production to 40% by 2030', 'CO2 emissions reduction projects', 'Sustainable logistics to minimize plastic waste'], 'plastic_materials_used': ['Ocean plastics', 'Thermoplastics with recycled content'], 'past_collaborations': [], 'operational_regions': ['Germany', 'China', 'United States', 'Europe'], 'created_at': '2025-05-21T11:06:50.870314', 'similarity_score': 0.8456289768218994}, 'plastic_data': {'id': 7, 'plastic_id': '6ac87e67-8a1c-5ac4-9ac4-2a646a398217', 'type': 'Polypropylene', 'properties': ['Versatile and durable', 'Lightweight with high chemical resistance', 'Good fatigue resistance', 'Thermal plastic that can withstand high temperatures'], 'applications': ['Packaging materials, such as containers and films', 'Automotive parts', 'Textiles, including carpets and upholstery', 'Medical supplies, like syringes and containers'], 'environmental_impact': 'PP is not biodegradable and poses pollution potential; however, it can be recycled, reducing landfill contributions. Its recycling process generates fewer waste products and emits fewer greenhouse gases than virgin PP production.', 'recycling_potential': 'PP is recyclable, but its recycling rate is low (approximately 3%). The recycling process involves separation, cleaning, melting, and granulating. Challenges in mechanical recycling can lead to loss of material integrity.', 'regional_relevance': None, 'created_at': '2025-05-20T22:31:59.336890', 'similarity_score': 0.8116981685161591}}
2025-05-21 13:32:29,974 INFO Crew instance created
2025-05-21 13:32:39,573 INFO Crew execution completed with result: input_summary={'brand': "Reformation: Sustainable Women's Clothing", 'plastic': 'Type of plastic yet to be specified; key property is recyclability.'} top_collaborating_brands=[CollaborationRecommendation(name='Outerknown', industry='Sustainable Fashion', rationale="Outerknown prioritizes sustainable materials and practices, making them a natural ally for Reformation's eco-friendly ethos.", product_concept='Create a limited edition line featuring clothing made from recycled plastics.'), CollaborationRecommendation(name='Pact', industry='Organic Apparel', rationale='Pact specializes in organic cotton clothing and shares a commitment to sustainability, making them a good partner for enhancing product lines that emphasize eco-conscious materials.', product_concept='Collaborate on a capsule collection of everyday essentials using recycled plastic fibers blended with organic cotton.'), CollaborationRecommendation(name='Girlfriend Collective', industry='Activewear', rationale="Girlfriend Collective manufactures activewear from recycled materials, aligning perfectly with Reformation's vision of responsible fashion.", product_concept="Launch a range of activewear that incorporates Reformation's sustainable practices and fabric innovations."), CollaborationRecommendation(name='Stella McCartney', industry='Luxury Fashion', rationale="Stella McCartney is known for high-fashion sustainability and might complement Reformation's offerings, appealing to a similar demographic focused on luxury and responsibility.", product_concept='Introduce a co-branded luxury line of evening wear made from sustainable fabrics including recycled plastics.'), CollaborationRecommendation(name='Eileen Fisher', industry="Women's Clothing", rationale='Eileen Fisher has a long-standing commitment to sustainability and ethical production, making them a strong match for cross-brand initiatives.', product_concept="Develop a signature collection highlighting both brands' commitment to circular fashion, focusing on reusability and recycling.")]
2025-05-21 13:44:48,646 INFO Creating Sustainability Brand Researcher agent
2025-05-21 13:44:48,653 INFO Creating Plastic analyst agent
2025-05-21 13:44:48,687 INFO id='906a3256-523f-40f7-9e03-42b1bcf813a9' brand_name='BMW' plastic_type='PP' location='Munich' brand_results={} plastic_results={} collab_results={} combined_results={} brand_research_needed=False plastic_research_needed=False brand_research_complete=False plastic_research_complete=False brand_saved_to_db=False plastic_saved_to_db=False
2025-05-21 13:44:55,628 INFO Starting crew kickoff with input: {'brand_data': {'id': 3, 'brand_id': '3208ed61-6a18-539c-9e35-ed27cfe1d9d7', 'name': 'BMW', 'industry': 'Automotive', 'main_products': ['Luxury Vehicles', 'Electric Vehicles', 'Motorcycles'], 'sustainability_initiatives': ['Using ocean plastics for vehicle trim components', 'Aiming for 100% recyclable vehicles by 2030', 'Increasing recycled materials in production to 40% by 2030', 'CO2 emissions reduction projects', 'Sustainable logistics to minimize plastic waste'], 'plastic_materials_used': ['Ocean plastics', 'Thermoplastics with recycled content'], 'past_collaborations': [], 'operational_regions': ['Germany', 'China', 'United States', 'Europe'], 'created_at': '2025-05-21T11:06:50.870314', 'similarity_score': 0.8456289768218994}, 'plastic_data': {'id': 7, 'plastic_id': '6ac87e67-8a1c-5ac4-9ac4-2a646a398217', 'type': 'Polypropylene', 'properties': ['Versatile and durable', 'Lightweight with high chemical resistance', 'Good fatigue resistance', 'Thermal plastic that can withstand high temperatures'], 'applications': ['Packaging materials, such as containers and films', 'Automotive parts', 'Textiles, including carpets and upholstery', 'Medical supplies, like syringes and containers'], 'environmental_impact': 'PP is not biodegradable and poses pollution potential; however, it can be recycled, reducing landfill contributions. Its recycling process generates fewer waste products and emits fewer greenhouse gases than virgin PP production.', 'recycling_potential': 'PP is recyclable, but its recycling rate is low (approximately 3%). The recycling process involves separation, cleaning, melting, and granulating. Challenges in mechanical recycling can lead to loss of material integrity.', 'regional_relevance': None, 'created_at': '2025-05-20T22:31:59.336890', 'similarity_score': 0.8116981685161591}}
2025-05-21 13:44:55,633 INFO Crew instance created
2025-05-21 13:45:10,682 INFO Crew execution completed with result: input_summary={'brand': 'Sustainable Brands and Consumer Goods', 'plastic': 'Plastic Types for Eco-Friendly Products'} top_collaborating_brands=[CollaborationRecommendation(name='Patagonia', industry='Outdoor Apparel', rationale='Patagonia is widely recognized for its commitment to sustainability, using recycled materials and advocating for environmental changes. They could utilize the specific plastic type in new sustainable outdoor gear.', product_concept='Co-branded line of outdoor gear made from innovative recycled plastics, promoting sustainability in outdoor activities.'), CollaborationRecommendation(name='IKEA', industry='Furniture and Home Goods', rationale="IKEA's focus on sustainability and circularity aligns with creating eco-friendly home products. Collaborating on sustainable home goods could maximize the utilization of the plastic type.", product_concept='A range of eco-friendly storage solutions that incorporate recycled plastics for sustainable living practices.'), CollaborationRecommendation(name='Method', industry='Personal Care and Cleaning Products', rationale='Method emphasizes using naturally derived materials and has a strong focus on sustainability. Incorporating innovative plastics in their packaging can enhance their eco-friendly profile.', product_concept='New line of cleaning products with packaging made from sustainable plastics, emphasizing reduced environmental impact.'), CollaborationRecommendation(name='Toms', industry='Footwear', rationale='Toms is dedicated to social responsibility and has begun integrating sustainable practices in their products. They can explore ways to use recycled plastics in their footwear manufacturing.', product_concept='A line of footwear made from recycled plastic materials, further promoting sustainability in fashion.'), CollaborationRecommendation(name='Allbirds', industry='Footwear', rationale='Allbirds is known for its sustainable practices in the footwear industry. They can effectively leverage sustainable plastics in their product lines to enhance eco-friendliness.', product_concept='Footwear using innovative recycled plastic blends, targeting a market of eco-conscious consumers.')]
2025-05-21 13:45:55,027 INFO Creating Sustainability Brand Researcher agent
2025-05-21 13:45:55,033 INFO Creating Plastic analyst agent
2025-05-21 13:45:55,064 INFO id='926ac6b9-2e73-424a-b30b-0ee814c40ff0' brand_name='BMW' plastic_type='PP' location='Munich' brand_results={} plastic_results={} collab_results={} combined_results={} brand_research_needed=False plastic_research_needed=False brand_research_complete=False plastic_research_complete=False brand_saved_to_db=False plastic_saved_to_db=False
2025-05-21 13:46:00,574 INFO Starting crew kickoff with input: {'brand_data': {'id': 3, 'brand_id': '3208ed61-6a18-539c-9e35-ed27cfe1d9d7', 'name': 'BMW', 'industry': 'Automotive', 'main_products': ['Luxury Vehicles', 'Electric Vehicles', 'Motorcycles'], 'sustainability_initiatives': ['Using ocean plastics for vehicle trim components', 'Aiming for 100% recyclable vehicles by 2030', 'Increasing recycled materials in production to 40% by 2030', 'CO2 emissions reduction projects', 'Sustainable logistics to minimize plastic waste'], 'plastic_materials_used': ['Ocean plastics', 'Thermoplastics with recycled content'], 'past_collaborations': [], 'operational_regions': ['Germany', 'China', 'United States', 'Europe'], 'created_at': '2025-05-21T11:06:50.870314', 'similarity_score': 0.8456289768218994}, 'plastic_data': {'id': 7, 'plastic_id': '6ac87e67-8a1c-5ac4-9ac4-2a646a398217', 'type': 'Polypropylene', 'properties': ['Versatile and durable', 'Lightweight with high chemical resistance', 'Good fatigue resistance', 'Thermal plastic that can withstand high temperatures'], 'applications': ['Packaging materials, such as containers and films', 'Automotive parts', 'Textiles, including carpets and upholstery', 'Medical supplies, like syringes and containers'], 'environmental_impact': 'PP is not biodegradable and poses pollution potential; however, it can be recycled, reducing landfill contributions. Its recycling process generates fewer waste products and emits fewer greenhouse gases than virgin PP production.', 'recycling_potential': 'PP is recyclable, but its recycling rate is low (approximately 3%). The recycling process involves separation, cleaning, melting, and granulating. Challenges in mechanical recycling can lead to loss of material integrity.', 'regional_relevance': None, 'created_at': '2025-05-20T22:31:59.336890', 'similarity_score': 0.8116981685161591}}
2025-05-21 13:46:00,577 INFO Crew instance created
2025-05-21 13:46:14,111 INFO Crew execution completed with result: input_summary={'brand': 'Eco-friendly Footwear Co. - Fashion', 'plastic': 'PET - Highly recyclable and durable'} top_collaborating_brands=[CollaborationRecommendation(name='EcoEnclose', industry='Sustainable Packaging', rationale='EcoEnclose specializes in packaging solutions using recyclable materials, making them a complementary partner for Eco-friendly Footwear Co. in creating sustainable packaging for their products.', product_concept='Collaborate to create shoe boxes made from recycled PET which enhance brand sustainability appeal.'), CollaborationRecommendation(name='Better Packaging Co.', industry='Sustainable Packaging', rationale="This company focuses on reducing environmental footprints through innovative packaging solutions, supporting Eco-friendly Footwear Co.'s mission to utilize recycled materials.", product_concept='Develop eco-friendly packaging bags for shipping footwear using biodegradable or recyclable materials.'), CollaborationRecommendation(name='Allbirds', industry='Sustainable Apparel', rationale='Allbirds is known for its commitment to sustainability and uses materials like recycled plastics, aligning closely with the values of Eco-friendly Footwear Co.', product_concept="Co-create a shoe line that emphasizes both brands' commitment to sustainability using recycled PET in both footwear and packaging."), CollaborationRecommendation(name='Reformation', industry='Sustainable Fashion', rationale='This brand similarly aims to create a positive impact on the environment through eco-friendly practices, making them a potential strong ally.', product_concept='Launch a limited-edition footwear line utilizing recycled PET and collaborative eco-friendly packaging.'), CollaborationRecommendation(name='A Good Company', industry='Eco-Friendly Consumer Products', rationale="They produce eco-conscious products and packaging, suggesting that their philosophies align well with Eco-friendly Footwear Co.'s sustainability goals.", product_concept='Create a bundled product set featuring footwear and eco-friendly accessories with sustainable packaging solutions.')]
2025-05-21 13:46:49,086 INFO Creating Sustainability Brand Researcher agent
2025-05-21 13:46:49,091 INFO Creating Plastic analyst agent
2025-05-21 13:46:49,121 INFO id='d2ca0c3d-e1c0-4c6f-bb42-1b8d8e150f50' brand_name='BMW' plastic_type='PET' location='Munich' brand_results={} plastic_results={} collab_results={} combined_results={} brand_research_needed=False plastic_research_needed=False brand_research_complete=False plastic_research_complete=False brand_saved_to_db=False plastic_saved_to_db=False
2025-05-21 13:46:54,288 INFO Inside Router after plastic research: {'id': 1, 'plastic_id': '92b13219-ad21-5c9d-8b46-7878ea9e326f', 'type': 'Polypropylene (PP)', 'properties': ['High tensile strength', 'Chemical resistance', 'Lightweight', 'Thermal stability', 'Versatile usage'], 'applications': ['Packaging materials', 'Textiles', 'Automotive parts', 'Consumer products', 'Containers and household goods'], 'environmental_impact': 'PP is not biodegradable and can contribute to pollution but is fully recyclable. Its recycling rate is low, at about 3%, which limits its sustainability potential despite being less impactful than other plastics.', 'recycling_potential': 'Polypropylene is highly recyclable, though the process can be challenging due to its sensitivity to heat. Recycling methods typically include separation, cleaning, melting, and granulating.', 'regional_relevance': None, 'created_at': '2025-05-20T14:08:59.672627', 'similarity_score': 0.7237504422664642}
2025-05-21 13:46:54,288 INFO Storing Plastic Info After research: {'id': 1, 'plastic_id': '92b13219-ad21-5c9d-8b46-7878ea9e326f', 'type': 'Polypropylene (PP)', 'properties': ['High tensile strength', 'Chemical resistance', 'Lightweight', 'Thermal stability', 'Versatile usage'], 'applications': ['Packaging materials', 'Textiles', 'Automotive parts', 'Consumer products', 'Containers and household goods'], 'environmental_impact': 'PP is not biodegradable and can contribute to pollution but is fully recyclable. Its recycling rate is low, at about 3%, which limits its sustainability potential despite being less impactful than other plastics.', 'recycling_potential': 'Polypropylene is highly recyclable, though the process can be challenging due to its sensitivity to heat. Recycling methods typically include separation, cleaning, melting, and granulating.', 'regional_relevance': None, 'created_at': '2025-05-20T14:08:59.672627', 'similarity_score': 0.7237504422664642}
2025-05-21 13:46:54,295 INFO Starting crew kickoff with input: {'plastic_type': 'PET', 'location': 'Munich'}
2025-05-21 13:46:54,295 INFO Creating analyze plastic material task
2025-05-21 13:46:54,297 INFO Crew instance created
2025-05-21 13:47:02,184 INFO Crew execution completed with result: plastic_id='PET' type='Polyethylene Terephthalate (PET)' properties=['High strength and lightweight', 'Excellent barrier properties against moisture and gases', 'Thermal stability and chemical resistance', 'Good transparency and gloss'] applications=['Beverage bottles', 'Food containers', 'Textiles (fiber production)', 'Thermoformed packaging', '3D printing filament'] environmental_impact='PET is not biodegradable and can persist in the environment, contributing to pollution. Its production and disposal can lead to toxic chemical release, affecting water and air quality.' recycling_potential='PET is highly recyclable, with a recycling rate of around 14%. It undergoes mechanical recycling or chemical processes to produce high-quality recycled PET, significantly reducing the need for new PET production and associated carbon emissions.' regional_relevance=None
2025-05-21 13:47:02,372 INFO Inside Router after plastic research: plastic_id='PET' type='Polyethylene Terephthalate (PET)' properties=['High strength and lightweight', 'Excellent barrier properties against moisture and gases', 'Thermal stability and chemical resistance', 'Good transparency and gloss'] applications=['Beverage bottles', 'Food containers', 'Textiles (fiber production)', 'Thermoformed packaging', '3D printing filament'] environmental_impact='PET is not biodegradable and can persist in the environment, contributing to pollution. Its production and disposal can lead to toxic chemical release, affecting water and air quality.' recycling_potential='PET is highly recyclable, with a recycling rate of around 14%. It undergoes mechanical recycling or chemical processes to produce high-quality recycled PET, significantly reducing the need for new PET production and associated carbon emissions.' regional_relevance=None
2025-05-21 13:47:02,372 INFO Storing Plastic Info After research: plastic_id='PET' type='Polyethylene Terephthalate (PET)' properties=['High strength and lightweight', 'Excellent barrier properties against moisture and gases', 'Thermal stability and chemical resistance', 'Good transparency and gloss'] applications=['Beverage bottles', 'Food containers', 'Textiles (fiber production)', 'Thermoformed packaging', '3D printing filament'] environmental_impact='PET is not biodegradable and can persist in the environment, contributing to pollution. Its production and disposal can lead to toxic chemical release, affecting water and air quality.' recycling_potential='PET is highly recyclable, with a recycling rate of around 14%. It undergoes mechanical recycling or chemical processes to produce high-quality recycled PET, significantly reducing the need for new PET production and associated carbon emissions.' regional_relevance=None
2025-05-21 13:47:02,377 INFO Starting crew kickoff with input: {'plastic_type': 'PET', 'location': 'Munich'}
2025-05-21 13:47:02,377 INFO Crew instance created
2025-05-21 13:47:07,860 INFO Crew execution completed with result: plastic_id=None type='Polyethylene Terephthalate (PET)' properties=['Thermoplastic polymer', 'High strength-to-weight ratio', 'Good chemical resistance', 'Recyclable', 'Transparent and lightweight', 'Stable chemical structure'] applications=['Beverage bottles', 'Food containers', 'Textiles (like polyester)', 'Thermal insulation materials', 'Medical devices', 'Packaging materials'] environmental_impact='PET is not biodegradable and can persist in the environment for hundreds of years. Its production and disposal can lead to ocean pollution and harmful effects on marine life. However, recycled PET has a significantly lower environmental impact compared to virgin materials.' recycling_potential='PET is one of the most widely recycled plastics, with mechanical and chemical recycling processes available. Approximately 14% of PET waste is currently recycled; new technologies are improving recycling rates and product quality.' regional_relevance=None
2025-05-21 13:47:08,041 INFO Inside Router after plastic research: plastic_id=None type='Polyethylene Terephthalate (PET)' properties=['Thermoplastic polymer', 'High strength-to-weight ratio', 'Good chemical resistance', 'Recyclable', 'Transparent and lightweight', 'Stable chemical structure'] applications=['Beverage bottles', 'Food containers', 'Textiles (like polyester)', 'Thermal insulation materials', 'Medical devices', 'Packaging materials'] environmental_impact='PET is not biodegradable and can persist in the environment for hundreds of years. Its production and disposal can lead to ocean pollution and harmful effects on marine life. However, recycled PET has a significantly lower environmental impact compared to virgin materials.' recycling_potential='PET is one of the most widely recycled plastics, with mechanical and chemical recycling processes available. Approximately 14% of PET waste is currently recycled; new technologies are improving recycling rates and product quality.' regional_relevance=None
2025-05-21 13:47:08,041 INFO Storing Plastic Info After research: plastic_id=None type='Polyethylene Terephthalate (PET)' properties=['Thermoplastic polymer', 'High strength-to-weight ratio', 'Good chemical resistance', 'Recyclable', 'Transparent and lightweight', 'Stable chemical structure'] applications=['Beverage bottles', 'Food containers', 'Textiles (like polyester)', 'Thermal insulation materials', 'Medical devices', 'Packaging materials'] environmental_impact='PET is not biodegradable and can persist in the environment for hundreds of years. Its production and disposal can lead to ocean pollution and harmful effects on marine life. However, recycled PET has a significantly lower environmental impact compared to virgin materials.' recycling_potential='PET is one of the most widely recycled plastics, with mechanical and chemical recycling processes available. Approximately 14% of PET waste is currently recycled; new technologies are improving recycling rates and product quality.' regional_relevance=None
2025-05-21 13:47:08,046 INFO Starting crew kickoff with input: {'plastic_type': 'PET', 'location': 'Munich'}
2025-05-21 13:47:08,046 INFO Crew instance created
2025-05-21 13:47:13,884 INFO Crew execution completed with result: plastic_id='PET' type='Polyethylene Terephthalate (PET)' properties=['Stable chemical structure', 'Good strength and stability', 'Excellent clarity and gloss', 'Resistant to moisture and chemicals', 'High tensile strength'] applications=['Drink bottles', 'Food containers', 'Textile fibers', 'Packaging materials', 'Cosmetic containers'] environmental_impact='PET is not readily biodegradable and can contribute to environmental pollution. However, recycling PET significantly lowers its environmental impact, reducing greenhouse gas emissions by up to 90% compared to virgin PET.' recycling_potential='PET is highly recyclable with mechanical and chemical methods available. It can be recycled into its original form or into new products, with notable advancements improving recycling efficiency.' regional_relevance=None
2025-05-21 13:47:14,041 INFO Inside Router after plastic research: plastic_id='PET' type='Polyethylene Terephthalate (PET)' properties=['Stable chemical structure', 'Good strength and stability', 'Excellent clarity and gloss', 'Resistant to moisture and chemicals', 'High tensile strength'] applications=['Drink bottles', 'Food containers', 'Textile fibers', 'Packaging materials', 'Cosmetic containers'] environmental_impact='PET is not readily biodegradable and can contribute to environmental pollution. However, recycling PET significantly lowers its environmental impact, reducing greenhouse gas emissions by up to 90% compared to virgin PET.' recycling_potential='PET is highly recyclable with mechanical and chemical methods available. It can be recycled into its original form or into new products, with notable advancements improving recycling efficiency.' regional_relevance=None
2025-05-21 13:47:14,041 INFO Storing Plastic Info After research: plastic_id='PET' type='Polyethylene Terephthalate (PET)' properties=['Stable chemical structure', 'Good strength and stability', 'Excellent clarity and gloss', 'Resistant to moisture and chemicals', 'High tensile strength'] applications=['Drink bottles', 'Food containers', 'Textile fibers', 'Packaging materials', 'Cosmetic containers'] environmental_impact='PET is not readily biodegradable and can contribute to environmental pollution. However, recycling PET significantly lowers its environmental impact, reducing greenhouse gas emissions by up to 90% compared to virgin PET.' recycling_potential='PET is highly recyclable with mechanical and chemical methods available. It can be recycled into its original form or into new products, with notable advancements improving recycling efficiency.' regional_relevance=None
2025-05-21 13:47:14,045 INFO Starting crew kickoff with input: {'plastic_type': 'PET', 'location': 'Munich'}
2025-05-21 13:47:14,045 INFO Crew instance created
2025-05-21 13:47:18,740 INFO Crew execution completed with result: plastic_id=None type='Polyethylene Terephthalate (PET)' properties=['Strong and lightweight', 'Excellent chemical resistance', 'Good thermal stability', 'Transparent and can be tinted', '100% recyclable'] applications=['Beverage bottles', 'Food containers', 'Textiles (like polyester)', 'Packaging materials', '3D printing filament'] environmental_impact='PET is durable but takes hundreds of years to decompose, posing risks to marine life and contributing to microplastics pollution. Its production emits greenhouse gases, although recycling can significantly reduce this impact.' recycling_potential='PET is one of the most recyclable plastics, with mechanical and chemical recycling methods available. Recycled PET can be used to produce new bottles, fibers, and other products with up to 90% reduction in emissions compared to virgin PET.' regional_relevance=None
2025-05-21 13:47:19,103 INFO Inside Router after plastic research: plastic_id=None type='Polyethylene Terephthalate (PET)' properties=['Strong and lightweight', 'Excellent chemical resistance', 'Good thermal stability', 'Transparent and can be tinted', '100% recyclable'] applications=['Beverage bottles', 'Food containers', 'Textiles (like polyester)', 'Packaging materials', '3D printing filament'] environmental_impact='PET is durable but takes hundreds of years to decompose, posing risks to marine life and contributing to microplastics pollution. Its production emits greenhouse gases, although recycling can significantly reduce this impact.' recycling_potential='PET is one of the most recyclable plastics, with mechanical and chemical recycling methods available. Recycled PET can be used to produce new bottles, fibers, and other products with up to 90% reduction in emissions compared to virgin PET.' regional_relevance=None
2025-05-21 13:47:19,103 INFO Storing Plastic Info After research: plastic_id=None type='Polyethylene Terephthalate (PET)' properties=['Strong and lightweight', 'Excellent chemical resistance', 'Good thermal stability', 'Transparent and can be tinted', '100% recyclable'] applications=['Beverage bottles', 'Food containers', 'Textiles (like polyester)', 'Packaging materials', '3D printing filament'] environmental_impact='PET is durable but takes hundreds of years to decompose, posing risks to marine life and contributing to microplastics pollution. Its production emits greenhouse gases, although recycling can significantly reduce this impact.' recycling_potential='PET is one of the most recyclable plastics, with mechanical and chemical recycling methods available. Recycled PET can be used to produce new bottles, fibers, and other products with up to 90% reduction in emissions compared to virgin PET.' regional_relevance=None
2025-05-21 13:47:19,107 INFO Starting crew kickoff with input: {'plastic_type': 'PET', 'location': 'Munich'}
2025-05-21 13:47:19,107 INFO Crew instance created
2025-05-21 13:49:09,120 INFO Creating Sustainability Brand Researcher agent
2025-05-21 13:49:09,124 INFO Creating Plastic analyst agent
2025-05-21 13:49:09,154 INFO id='26891e75-45a2-4424-ac4e-99f1980c5331' brand_name='BMW' plastic_type='PP' location='Munich' brand_results={} plastic_results={} collab_results={} combined_results={} brand_research_needed=False plastic_research_needed=False brand_research_complete=False plastic_research_complete=False brand_saved_to_db=False plastic_saved_to_db=False
2025-05-21 13:49:15,520 INFO Starting crew kickoff with input: {'brand_data': {'id': 3, 'brand_id': '3208ed61-6a18-539c-9e35-ed27cfe1d9d7', 'name': 'BMW', 'industry': 'Automotive', 'main_products': ['Luxury Vehicles', 'Electric Vehicles', 'Motorcycles'], 'sustainability_initiatives': ['Using ocean plastics for vehicle trim components', 'Aiming for 100% recyclable vehicles by 2030', 'Increasing recycled materials in production to 40% by 2030', 'CO2 emissions reduction projects', 'Sustainable logistics to minimize plastic waste'], 'plastic_materials_used': ['Ocean plastics', 'Thermoplastics with recycled content'], 'past_collaborations': [], 'operational_regions': ['Germany', 'China', 'United States', 'Europe'], 'created_at': '2025-05-21T11:06:50.870314', 'similarity_score': 0.8456289768218994}, 'plastic_data': {'id': 7, 'plastic_id': '6ac87e67-8a1c-5ac4-9ac4-2a646a398217', 'type': 'Polypropylene', 'properties': ['Versatile and durable', 'Lightweight with high chemical resistance', 'Good fatigue resistance', 'Thermal plastic that can withstand high temperatures'], 'applications': ['Packaging materials, such as containers and films', 'Automotive parts', 'Textiles, including carpets and upholstery', 'Medical supplies, like syringes and containers'], 'environmental_impact': 'PP is not biodegradable and poses pollution potential; however, it can be recycled, reducing landfill contributions. Its recycling process generates fewer waste products and emits fewer greenhouse gases than virgin PP production.', 'recycling_potential': 'PP is recyclable, but its recycling rate is low (approximately 3%). The recycling process involves separation, cleaning, melting, and granulating. Challenges in mechanical recycling can lead to loss of material integrity.', 'regional_relevance': None, 'created_at': '2025-05-20T22:31:59.336890', 'similarity_score': 0.8116981685161591}}
2025-05-21 13:49:15,524 INFO Crew instance created
2025-05-21 13:50:12,884 ERROR Error in plastic analysis kickoff: Failed to convert text into a Pydantic model due to error: 1 validation error for CollaborationOutput
input_summary
  Field required [type=missing, input_value={'top_collaborating_brand...ntal sustainability.'}]}, input_type=dict]
    For further information visit https://errors.pydantic.dev/2.11/v/missing
2025-05-21 13:50:12,885 ERROR Error in collaboration: Failed to convert text into a Pydantic model due to error: 1 validation error for CollaborationOutput
input_summary
  Field required [type=missing, input_value={'top_collaborating_brand...ntal sustainability.'}]}, input_type=dict]
    For further information visit https://errors.pydantic.dev/2.11/v/missing
2025-05-21 13:50:35,465 INFO Creating Sustainability Brand Researcher agent
2025-05-21 13:50:35,469 INFO Creating Plastic analyst agent
2025-05-21 13:50:35,499 INFO id='ac3dad6c-d456-4a46-b97b-bf9fa91a3346' brand_name='BMW' plastic_type='PP' location='Munich' brand_results={} plastic_results={} collab_results={} combined_results={} brand_research_needed=False plastic_research_needed=False brand_research_complete=False plastic_research_complete=False brand_saved_to_db=False plastic_saved_to_db=False
2025-05-21 13:50:41,851 INFO Starting crew kickoff with input: {'brand_data': {'id': 3, 'brand_id': '3208ed61-6a18-539c-9e35-ed27cfe1d9d7', 'name': 'BMW', 'industry': 'Automotive', 'main_products': ['Luxury Vehicles', 'Electric Vehicles', 'Motorcycles'], 'sustainability_initiatives': ['Using ocean plastics for vehicle trim components', 'Aiming for 100% recyclable vehicles by 2030', 'Increasing recycled materials in production to 40% by 2030', 'CO2 emissions reduction projects', 'Sustainable logistics to minimize plastic waste'], 'plastic_materials_used': ['Ocean plastics', 'Thermoplastics with recycled content'], 'past_collaborations': [], 'operational_regions': ['Germany', 'China', 'United States', 'Europe'], 'created_at': '2025-05-21T11:06:50.870314', 'similarity_score': 0.8456289768218994}, 'plastic_data': {'id': 7, 'plastic_id': '6ac87e67-8a1c-5ac4-9ac4-2a646a398217', 'type': 'Polypropylene', 'properties': ['Versatile and durable', 'Lightweight with high chemical resistance', 'Good fatigue resistance', 'Thermal plastic that can withstand high temperatures'], 'applications': ['Packaging materials, such as containers and films', 'Automotive parts', 'Textiles, including carpets and upholstery', 'Medical supplies, like syringes and containers'], 'environmental_impact': 'PP is not biodegradable and poses pollution potential; however, it can be recycled, reducing landfill contributions. Its recycling process generates fewer waste products and emits fewer greenhouse gases than virgin PP production.', 'recycling_potential': 'PP is recyclable, but its recycling rate is low (approximately 3%). The recycling process involves separation, cleaning, melting, and granulating. Challenges in mechanical recycling can lead to loss of material integrity.', 'regional_relevance': None, 'created_at': '2025-05-20T22:31:59.336890', 'similarity_score': 0.8116981685161591}}
2025-05-21 13:50:41,855 INFO Crew instance created
2025-05-21 13:50:50,046 INFO Crew execution completed with result: input_summary={'brand': 'Consumer Goods', 'plastic': 'Recyclable plastic, eco-friendly'} top_collaborating_brands=[CollaborationRecommendation(name='Patagonia', industry='Outdoor Apparel', rationale='Patagonia has a strong commitment to sustainability and recycled materials, which aligns with the use of recyclable plastic in consumer goods.', product_concept='Co-branded outdoor gear such as reusable water bottles or eco-friendly backpacks made from recycled plastics.'), CollaborationRecommendation(name='IKEA', industry='Furniture', rationale="IKEA's sustainability strategy focuses on circularity and using recycled materials, making them an ideal partner for promoting recyclable plastic.", product_concept='A line of stylish, recyclable plastic furniture items or home decor accessories.'), CollaborationRecommendation(name='Seventh Generation', industry='Household Products', rationale="Seventh Generation is committed to environmentally friendly products and uses sustainable materials, complementing the plastic's eco-friendly attributes.", product_concept='A co-branded line of laundry detergents packaged in recyclable plastic containers.'), CollaborationRecommendation(name='Allbirds', industry='Footwear', rationale='Allbirds focuses on sustainability and eco-friendly materials, which would align well with the innovative use of recyclable plastics in footwear.', product_concept='A limited-edition sneaker made from recycled plastics, promoting reduced environmental impact.'), CollaborationRecommendation(name='Method', industry='Cleaning Products', rationale="Method's focus on using recycled materials in their packaging aligns with promoting the sail of recyclable plastic in consumer goods.", product_concept='A collaboration on eco-friendly cleaning products featuring bottles made from 100% recycled plastic.')]
2025-05-21 13:54:59,961 INFO Creating Sustainability Brand Researcher agent
2025-05-21 13:54:59,967 INFO Creating Plastic analyst agent
2025-05-21 13:54:59,997 INFO id='d2e63af8-3c03-42a8-bb50-374fa968f1d8' brand_name='Bosch Home Appliances' plastic_type='PPTV20' location='Munich' brand_results={} plastic_results={} collab_results={} combined_results={} brand_research_needed=False plastic_research_needed=False brand_research_complete=False plastic_research_complete=False brand_saved_to_db=False plastic_saved_to_db=False
2025-05-21 13:55:05,347 INFO Inside Router after plastic research: {'id': 7, 'plastic_id': '6ac87e67-8a1c-5ac4-9ac4-2a646a398217', 'type': 'Polypropylene', 'properties': ['Versatile and durable', 'Lightweight with high chemical resistance', 'Good fatigue resistance', 'Thermal plastic that can withstand high temperatures'], 'applications': ['Packaging materials, such as containers and films', 'Automotive parts', 'Textiles, including carpets and upholstery', 'Medical supplies, like syringes and containers'], 'environmental_impact': 'PP is not biodegradable and poses pollution potential; however, it can be recycled, reducing landfill contributions. Its recycling process generates fewer waste products and emits fewer greenhouse gases than virgin PP production.', 'recycling_potential': 'PP is recyclable, but its recycling rate is low (approximately 3%). The recycling process involves separation, cleaning, melting, and granulating. Challenges in mechanical recycling can lead to loss of material integrity.', 'regional_relevance': None, 'created_at': '2025-05-20T22:31:59.336890', 'similarity_score': 0.776409924030304}
2025-05-21 13:55:05,354 INFO Starting BrandAnalystCrew with input: {'brand': 'Bosch Home Appliances', 'location': 'Munich'}
2025-05-21 13:55:05,354 INFO Creating analyze_target_brand task
2025-05-21 13:55:05,358 INFO Crew instance created
2025-05-21 13:55:24,285 INFO Crew execution completed with result: brand_id=None name='EcoBrand' industry=None main_products=['Reusable Bags', 'Biodegradable Containers'] sustainability_initiatives=['Planting Trees', 'Reducing Carbon Footprint'] plastic_materials_used=['Recycled PET', 'Bioplastics'] past_collaborations=['Local Artists', 'Sustainable Fashion Brands'] operational_regions=['North America', 'Europe']
2025-05-21 13:55:24,289 INFO Inside Router after research: {'brand_id': None, 'name': 'EcoBrand', 'industry': None, 'main_products': ['Reusable Bags', 'Biodegradable Containers'], 'sustainability_initiatives': ['Planting Trees', 'Reducing Carbon Footprint'], 'plastic_materials_used': ['Recycled PET', 'Bioplastics'], 'past_collaborations': ['Local Artists', 'Sustainable Fashion Brands'], 'operational_regions': ['North America', 'Europe']}
2025-05-21 13:55:24,289 INFO Storing Brand Info After research: {'brand_id': None, 'name': 'EcoBrand', 'industry': None, 'main_products': ['Reusable Bags', 'Biodegradable Containers'], 'sustainability_initiatives': ['Planting Trees', 'Reducing Carbon Footprint'], 'plastic_materials_used': ['Recycled PET', 'Bioplastics'], 'past_collaborations': ['Local Artists', 'Sustainable Fashion Brands'], 'operational_regions': ['North America', 'Europe']}
2025-05-21 13:55:24,426 ERROR Error saving brand to DB: object str can't be used in 'await' expression
2025-05-21 13:55:24,430 INFO Starting BrandAnalystCrew with input: {'brand': 'Bosch Home Appliances', 'location': 'Munich'}
2025-05-21 13:55:24,430 INFO Crew instance created
2025-05-21 13:55:28,719 INFO Crew execution completed with result: brand_id=None name='Bosch Home Appliances' industry='Home Appliances' main_products=['Refrigerators', 'Dishwashers', 'Ovens', 'Washing Machines', 'Dryers'] sustainability_initiatives=['Circular economy strategy', 'Climate-neutral technology investments', 'Reduction of CO2 emissions', 'Recycling of packaging materials'] plastic_materials_used=['Recycled plastics', 'Bioplastics'] past_collaborations=['BSH Hausgeräte GmbH for sustainability initiatives'] operational_regions=['Europe', 'North America', 'Asia']
2025-05-21 13:55:28,723 INFO Inside Router after research: {'brand_id': None, 'name': 'Bosch Home Appliances', 'industry': 'Home Appliances', 'main_products': ['Refrigerators', 'Dishwashers', 'Ovens', 'Washing Machines', 'Dryers'], 'sustainability_initiatives': ['Circular economy strategy', 'Climate-neutral technology investments', 'Reduction of CO2 emissions', 'Recycling of packaging materials'], 'plastic_materials_used': ['Recycled plastics', 'Bioplastics'], 'past_collaborations': ['BSH Hausgeräte GmbH for sustainability initiatives'], 'operational_regions': ['Europe', 'North America', 'Asia']}
2025-05-21 13:55:28,723 INFO Storing Brand Info After research: {'brand_id': None, 'name': 'Bosch Home Appliances', 'industry': 'Home Appliances', 'main_products': ['Refrigerators', 'Dishwashers', 'Ovens', 'Washing Machines', 'Dryers'], 'sustainability_initiatives': ['Circular economy strategy', 'Climate-neutral technology investments', 'Reduction of CO2 emissions', 'Recycling of packaging materials'], 'plastic_materials_used': ['Recycled plastics', 'Bioplastics'], 'past_collaborations': ['BSH Hausgeräte GmbH for sustainability initiatives'], 'operational_regions': ['Europe', 'North America', 'Asia']}
2025-05-21 13:55:28,990 ERROR Error saving brand to DB: object str can't be used in 'await' expression
2025-05-21 13:55:28,994 INFO Starting BrandAnalystCrew with input: {'brand': 'Bosch Home Appliances', 'location': 'Munich'}
2025-05-21 13:55:28,995 INFO Crew instance created
2025-05-21 13:55:35,340 INFO Crew execution completed with result: brand_id=None name='Bosch Home Appliances' industry='Home Appliances' main_products=['Refrigerators', 'Ovens', 'Dishwashers', 'Washing Machines', 'Dryers'] sustainability_initiatives=['Circular economy strategy to enhance product sustainability', 'Focus on sustainability in the use phase of products', 'Investment in climate-neutral technology'] plastic_materials_used=['Recycled plastics in product packaging', 'Plastics in appliances that can be reused or recycled'] past_collaborations=['Collaborations with environmental agencies for climate protection', 'Initiatives to improve recycling processes'] operational_regions=['Europe', 'North America', 'Asia']
2025-05-21 13:55:35,344 INFO Inside Router after research: {'brand_id': None, 'name': 'Bosch Home Appliances', 'industry': 'Home Appliances', 'main_products': ['Refrigerators', 'Ovens', 'Dishwashers', 'Washing Machines', 'Dryers'], 'sustainability_initiatives': ['Circular economy strategy to enhance product sustainability', 'Focus on sustainability in the use phase of products', 'Investment in climate-neutral technology'], 'plastic_materials_used': ['Recycled plastics in product packaging', 'Plastics in appliances that can be reused or recycled'], 'past_collaborations': ['Collaborations with environmental agencies for climate protection', 'Initiatives to improve recycling processes'], 'operational_regions': ['Europe', 'North America', 'Asia']}
2025-05-21 13:55:35,344 INFO Storing Brand Info After research: {'brand_id': None, 'name': 'Bosch Home Appliances', 'industry': 'Home Appliances', 'main_products': ['Refrigerators', 'Ovens', 'Dishwashers', 'Washing Machines', 'Dryers'], 'sustainability_initiatives': ['Circular economy strategy to enhance product sustainability', 'Focus on sustainability in the use phase of products', 'Investment in climate-neutral technology'], 'plastic_materials_used': ['Recycled plastics in product packaging', 'Plastics in appliances that can be reused or recycled'], 'past_collaborations': ['Collaborations with environmental agencies for climate protection', 'Initiatives to improve recycling processes'], 'operational_regions': ['Europe', 'North America', 'Asia']}
2025-05-21 13:55:35,372 ERROR Error saving brand to DB: object str can't be used in 'await' expression
2025-05-21 13:55:35,376 INFO Starting BrandAnalystCrew with input: {'brand': 'Bosch Home Appliances', 'location': 'Munich'}
2025-05-21 13:55:35,376 INFO Crew instance created
2025-05-21 13:55:39,084 INFO Crew execution completed with result: brand_id=None name='Bosch Home Appliances' industry='Home Appliances' main_products=['Kitchen Appliances', 'Laundry Appliances', 'Dishwashers', 'Refrigerators'] sustainability_initiatives=['Circular economy strategy', 'Sustainable Living program', 'Climate neutrality investment'] plastic_materials_used=['Recycled plastics', 'Virgin plastics for components'] past_collaborations=['Partnership with various environmental NGOs'] operational_regions=['Global', 'Europe', 'North America', 'Asia']
2025-05-21 13:55:39,088 INFO Inside Router after research: {'brand_id': None, 'name': 'Bosch Home Appliances', 'industry': 'Home Appliances', 'main_products': ['Kitchen Appliances', 'Laundry Appliances', 'Dishwashers', 'Refrigerators'], 'sustainability_initiatives': ['Circular economy strategy', 'Sustainable Living program', 'Climate neutrality investment'], 'plastic_materials_used': ['Recycled plastics', 'Virgin plastics for components'], 'past_collaborations': ['Partnership with various environmental NGOs'], 'operational_regions': ['Global', 'Europe', 'North America', 'Asia']}
2025-05-21 13:55:39,088 INFO Storing Brand Info After research: {'brand_id': None, 'name': 'Bosch Home Appliances', 'industry': 'Home Appliances', 'main_products': ['Kitchen Appliances', 'Laundry Appliances', 'Dishwashers', 'Refrigerators'], 'sustainability_initiatives': ['Circular economy strategy', 'Sustainable Living program', 'Climate neutrality investment'], 'plastic_materials_used': ['Recycled plastics', 'Virgin plastics for components'], 'past_collaborations': ['Partnership with various environmental NGOs'], 'operational_regions': ['Global', 'Europe', 'North America', 'Asia']}
2025-05-21 13:55:39,115 ERROR Error saving brand to DB: object str can't be used in 'await' expression
2025-05-21 13:55:39,119 INFO Starting BrandAnalystCrew with input: {'brand': 'Bosch Home Appliances', 'location': 'Munich'}
2025-05-21 13:55:39,119 INFO Crew instance created
2025-05-21 13:55:43,703 INFO Crew execution completed with result: brand_id=None name='Bosch Home Appliances' industry='Home Appliances' main_products=[' refrigerators', ' ovens', ' dishwashers', ' washing machines'] sustainability_initiatives=['using, repairing, and reusing products and materials', 'circular economy strategy', 'climate protection efforts'] plastic_materials_used=['recycled plastic packaging', 'plastic components in appliances'] past_collaborations=['collaborations with environmental organizations'] operational_regions=['Germany', 'EU', 'USA', 'Asia']
2025-05-21 13:55:43,707 INFO Inside Router after research: {'brand_id': None, 'name': 'Bosch Home Appliances', 'industry': 'Home Appliances', 'main_products': [' refrigerators', ' ovens', ' dishwashers', ' washing machines'], 'sustainability_initiatives': ['using, repairing, and reusing products and materials', 'circular economy strategy', 'climate protection efforts'], 'plastic_materials_used': ['recycled plastic packaging', 'plastic components in appliances'], 'past_collaborations': ['collaborations with environmental organizations'], 'operational_regions': ['Germany', 'EU', 'USA', 'Asia']}
2025-05-21 13:55:43,707 INFO Storing Brand Info After research: {'brand_id': None, 'name': 'Bosch Home Appliances', 'industry': 'Home Appliances', 'main_products': [' refrigerators', ' ovens', ' dishwashers', ' washing machines'], 'sustainability_initiatives': ['using, repairing, and reusing products and materials', 'circular economy strategy', 'climate protection efforts'], 'plastic_materials_used': ['recycled plastic packaging', 'plastic components in appliances'], 'past_collaborations': ['collaborations with environmental organizations'], 'operational_regions': ['Germany', 'EU', 'USA', 'Asia']}
2025-05-21 13:55:43,847 ERROR Error saving brand to DB: object str can't be used in 'await' expression
2025-05-21 13:55:43,852 INFO Starting BrandAnalystCrew with input: {'brand': 'Bosch Home Appliances', 'location': 'Munich'}
2025-05-21 13:55:43,852 INFO Crew instance created
2025-05-21 13:55:47,084 INFO Crew execution completed with result: brand_id=None name='Bosch Home Appliances' industry='Home Appliances' main_products=['Kitchen Appliances', 'Laundry Appliances', 'Dishwashers'] sustainability_initiatives=['Circular economy strategy', 'Energy-efficient products', 'Recycling and reducing plastic usage'] plastic_materials_used=['Recycled plastics', 'New plastics from renewable resources'] past_collaborations=['Partnerships for climate protection', 'Participation in environmental protection initiatives'] operational_regions=['Europe', 'North America', 'Asia']
2025-05-21 13:55:47,088 INFO Inside Router after research: {'brand_id': None, 'name': 'Bosch Home Appliances', 'industry': 'Home Appliances', 'main_products': ['Kitchen Appliances', 'Laundry Appliances', 'Dishwashers'], 'sustainability_initiatives': ['Circular economy strategy', 'Energy-efficient products', 'Recycling and reducing plastic usage'], 'plastic_materials_used': ['Recycled plastics', 'New plastics from renewable resources'], 'past_collaborations': ['Partnerships for climate protection', 'Participation in environmental protection initiatives'], 'operational_regions': ['Europe', 'North America', 'Asia']}
2025-05-21 13:55:47,088 INFO Storing Brand Info After research: {'brand_id': None, 'name': 'Bosch Home Appliances', 'industry': 'Home Appliances', 'main_products': ['Kitchen Appliances', 'Laundry Appliances', 'Dishwashers'], 'sustainability_initiatives': ['Circular economy strategy', 'Energy-efficient products', 'Recycling and reducing plastic usage'], 'plastic_materials_used': ['Recycled plastics', 'New plastics from renewable resources'], 'past_collaborations': ['Partnerships for climate protection', 'Participation in environmental protection initiatives'], 'operational_regions': ['Europe', 'North America', 'Asia']}
2025-05-21 13:55:47,108 ERROR Error saving brand to DB: object str can't be used in 'await' expression
2025-05-21 13:55:47,113 INFO Starting BrandAnalystCrew with input: {'brand': 'Bosch Home Appliances', 'location': 'Munich'}
2025-05-21 13:55:47,113 INFO Crew instance created
2025-05-21 13:55:57,664 INFO Crew execution completed with result: brand_id=None name='Bosch Home Appliances' industry='Home Appliances' main_products=['Kitchen Appliances', 'Laundry Machines', 'Heating Systems'] sustainability_initiatives=['Circular economy strategy', 'Climate-neutral technology investment', 'Use, repair, and reuse products', 'Energy efficient appliances', 'Recycling of materials'] plastic_materials_used=['Recyclable plastics in packaging and products', 'Other plastic components in appliances'] past_collaborations=['Collaborations with environmental NGOs for sustainability efforts'] operational_regions=['Europe', 'North America', 'Asia']
2025-05-21 13:55:57,669 INFO Inside Router after research: {'brand_id': None, 'name': 'Bosch Home Appliances', 'industry': 'Home Appliances', 'main_products': ['Kitchen Appliances', 'Laundry Machines', 'Heating Systems'], 'sustainability_initiatives': ['Circular economy strategy', 'Climate-neutral technology investment', 'Use, repair, and reuse products', 'Energy efficient appliances', 'Recycling of materials'], 'plastic_materials_used': ['Recyclable plastics in packaging and products', 'Other plastic components in appliances'], 'past_collaborations': ['Collaborations with environmental NGOs for sustainability efforts'], 'operational_regions': ['Europe', 'North America', 'Asia']}
2025-05-21 13:55:57,669 INFO Storing Brand Info After research: {'brand_id': None, 'name': 'Bosch Home Appliances', 'industry': 'Home Appliances', 'main_products': ['Kitchen Appliances', 'Laundry Machines', 'Heating Systems'], 'sustainability_initiatives': ['Circular economy strategy', 'Climate-neutral technology investment', 'Use, repair, and reuse products', 'Energy efficient appliances', 'Recycling of materials'], 'plastic_materials_used': ['Recyclable plastics in packaging and products', 'Other plastic components in appliances'], 'past_collaborations': ['Collaborations with environmental NGOs for sustainability efforts'], 'operational_regions': ['Europe', 'North America', 'Asia']}
2025-05-21 13:55:57,802 ERROR Error saving brand to DB: object str can't be used in 'await' expression
2025-05-21 13:55:57,806 INFO Starting BrandAnalystCrew with input: {'brand': 'Bosch Home Appliances', 'location': 'Munich'}
2025-05-21 13:55:57,806 INFO Crew instance created
2025-05-21 13:56:05,543 INFO Crew execution completed with result: brand_id=None name='Bosch Home Appliances' industry='Home Appliances' main_products=['Refrigerators', 'Washing Machines', 'Dishwashers', 'Ovens', 'Cooktops'] sustainability_initiatives=['Circular economy strategy', 'Repair and reuse of products', 'Energy efficient appliances', 'Climate-neutral investment of $3.5 billion'] plastic_materials_used=['Recycled plastic materials in products and packaging'] past_collaborations=['Partnerships with organizations aimed at resource conservation and climate protection'] operational_regions=['Global operations with significant presence in Europe, North America, and Asia']
2025-05-21 13:56:05,547 INFO Inside Router after research: {'brand_id': None, 'name': 'Bosch Home Appliances', 'industry': 'Home Appliances', 'main_products': ['Refrigerators', 'Washing Machines', 'Dishwashers', 'Ovens', 'Cooktops'], 'sustainability_initiatives': ['Circular economy strategy', 'Repair and reuse of products', 'Energy efficient appliances', 'Climate-neutral investment of $3.5 billion'], 'plastic_materials_used': ['Recycled plastic materials in products and packaging'], 'past_collaborations': ['Partnerships with organizations aimed at resource conservation and climate protection'], 'operational_regions': ['Global operations with significant presence in Europe, North America, and Asia']}
2025-05-21 13:56:05,547 INFO Storing Brand Info After research: {'brand_id': None, 'name': 'Bosch Home Appliances', 'industry': 'Home Appliances', 'main_products': ['Refrigerators', 'Washing Machines', 'Dishwashers', 'Ovens', 'Cooktops'], 'sustainability_initiatives': ['Circular economy strategy', 'Repair and reuse of products', 'Energy efficient appliances', 'Climate-neutral investment of $3.5 billion'], 'plastic_materials_used': ['Recycled plastic materials in products and packaging'], 'past_collaborations': ['Partnerships with organizations aimed at resource conservation and climate protection'], 'operational_regions': ['Global operations with significant presence in Europe, North America, and Asia']}
2025-05-21 13:56:05,570 ERROR Error saving brand to DB: object str can't be used in 'await' expression
2025-05-21 13:56:05,574 INFO Starting BrandAnalystCrew with input: {'brand': 'Bosch Home Appliances', 'location': 'Munich'}
2025-05-21 13:56:05,574 INFO Crew instance created
2025-05-21 13:56:10,859 INFO Crew execution completed with result: brand_id=None name='Bosch Home Appliances' industry='Home Appliances' main_products=['Kitchen appliances', 'Laundry appliances', 'Dishwashers', 'Refrigerators', 'Small appliances'] sustainability_initiatives=['Circular economy strategy', 'Focus on sustainability in the use phase', 'Climate neutrality investments'] plastic_materials_used=['Recycled plastics', 'Plastic packaging materials'] past_collaborations=['Climate neutral technology collaborations'] operational_regions=['Europe', 'Asia', 'North America']
2025-05-21 13:56:10,863 INFO Inside Router after research: {'brand_id': None, 'name': 'Bosch Home Appliances', 'industry': 'Home Appliances', 'main_products': ['Kitchen appliances', 'Laundry appliances', 'Dishwashers', 'Refrigerators', 'Small appliances'], 'sustainability_initiatives': ['Circular economy strategy', 'Focus on sustainability in the use phase', 'Climate neutrality investments'], 'plastic_materials_used': ['Recycled plastics', 'Plastic packaging materials'], 'past_collaborations': ['Climate neutral technology collaborations'], 'operational_regions': ['Europe', 'Asia', 'North America']}
2025-05-21 13:56:10,863 INFO Storing Brand Info After research: {'brand_id': None, 'name': 'Bosch Home Appliances', 'industry': 'Home Appliances', 'main_products': ['Kitchen appliances', 'Laundry appliances', 'Dishwashers', 'Refrigerators', 'Small appliances'], 'sustainability_initiatives': ['Circular economy strategy', 'Focus on sustainability in the use phase', 'Climate neutrality investments'], 'plastic_materials_used': ['Recycled plastics', 'Plastic packaging materials'], 'past_collaborations': ['Climate neutral technology collaborations'], 'operational_regions': ['Europe', 'Asia', 'North America']}
2025-05-21 13:56:10,882 ERROR Error saving brand to DB: object str can't be used in 'await' expression
2025-05-21 13:56:10,886 INFO Starting BrandAnalystCrew with input: {'brand': 'Bosch Home Appliances', 'location': 'Munich'}
2025-05-21 13:56:10,886 INFO Crew instance created
2025-05-21 13:56:18,653 INFO Crew execution completed with result: brand_id=None name='Bosch Home Appliances' industry='Home Appliances' main_products=['Kitchen Appliances', 'Laundry Appliances', 'Dishwashers'] sustainability_initiatives=['Circular economy strategies', 'Climate protection efforts', 'Energy-efficient appliances', 'Recycling of packaging materials'] plastic_materials_used=['Recycled plastics', 'Biodegradable plastics', 'Polypropylene'] past_collaborations=['Collaboration with environmental organizations for climate initiatives', 'Partnerships with recycling companies'] operational_regions=['Europe', 'North America', 'Asia']
2025-05-21 13:56:18,656 INFO Inside Router after research: {'brand_id': None, 'name': 'Bosch Home Appliances', 'industry': 'Home Appliances', 'main_products': ['Kitchen Appliances', 'Laundry Appliances', 'Dishwashers'], 'sustainability_initiatives': ['Circular economy strategies', 'Climate protection efforts', 'Energy-efficient appliances', 'Recycling of packaging materials'], 'plastic_materials_used': ['Recycled plastics', 'Biodegradable plastics', 'Polypropylene'], 'past_collaborations': ['Collaboration with environmental organizations for climate initiatives', 'Partnerships with recycling companies'], 'operational_regions': ['Europe', 'North America', 'Asia']}
2025-05-21 13:56:18,657 INFO Storing Brand Info After research: {'brand_id': None, 'name': 'Bosch Home Appliances', 'industry': 'Home Appliances', 'main_products': ['Kitchen Appliances', 'Laundry Appliances', 'Dishwashers'], 'sustainability_initiatives': ['Circular economy strategies', 'Climate protection efforts', 'Energy-efficient appliances', 'Recycling of packaging materials'], 'plastic_materials_used': ['Recycled plastics', 'Biodegradable plastics', 'Polypropylene'], 'past_collaborations': ['Collaboration with environmental organizations for climate initiatives', 'Partnerships with recycling companies'], 'operational_regions': ['Europe', 'North America', 'Asia']}
2025-05-21 13:56:18,674 ERROR Error saving brand to DB: object str can't be used in 'await' expression
2025-05-21 13:56:18,678 INFO Starting BrandAnalystCrew with input: {'brand': 'Bosch Home Appliances', 'location': 'Munich'}
2025-05-21 13:56:18,678 INFO Crew instance created
2025-05-21 14:15:43,565 INFO Creating Sustainability Brand Researcher agent
2025-05-21 14:15:43,568 INFO Creating Plastic analyst agent
2025-05-21 14:15:43,590 INFO id='f572999f-a434-4c4c-991f-534f0a54ffab' brand_name='Bosch Home Appliances' plastic_type='PPTV20' location='Munich' brand_results={} plastic_results={} collab_results={} combined_results={} brand_research_needed=False plastic_research_needed=False brand_research_complete=False plastic_research_complete=False brand_saved_to_db=False plastic_saved_to_db=False
2025-05-21 14:15:50,078 INFO Inside Router after plastic research: {'id': 7, 'plastic_id': '6ac87e67-8a1c-5ac4-9ac4-2a646a398217', 'type': 'Polypropylene', 'properties': ['Versatile and durable', 'Lightweight with high chemical resistance', 'Good fatigue resistance', 'Thermal plastic that can withstand high temperatures'], 'applications': ['Packaging materials, such as containers and films', 'Automotive parts', 'Textiles, including carpets and upholstery', 'Medical supplies, like syringes and containers'], 'environmental_impact': 'PP is not biodegradable and poses pollution potential; however, it can be recycled, reducing landfill contributions. Its recycling process generates fewer waste products and emits fewer greenhouse gases than virgin PP production.', 'recycling_potential': 'PP is recyclable, but its recycling rate is low (approximately 3%). The recycling process involves separation, cleaning, melting, and granulating. Challenges in mechanical recycling can lead to loss of material integrity.', 'regional_relevance': None, 'created_at': '2025-05-20T22:31:59.336890', 'similarity_score': 0.776409924030304}
2025-05-21 14:15:50,078 INFO Storing Plastic Info After research: {'id': 7, 'plastic_id': '6ac87e67-8a1c-5ac4-9ac4-2a646a398217', 'type': 'Polypropylene', 'properties': ['Versatile and durable', 'Lightweight with high chemical resistance', 'Good fatigue resistance', 'Thermal plastic that can withstand high temperatures'], 'applications': ['Packaging materials, such as containers and films', 'Automotive parts', 'Textiles, including carpets and upholstery', 'Medical supplies, like syringes and containers'], 'environmental_impact': 'PP is not biodegradable and poses pollution potential; however, it can be recycled, reducing landfill contributions. Its recycling process generates fewer waste products and emits fewer greenhouse gases than virgin PP production.', 'recycling_potential': 'PP is recyclable, but its recycling rate is low (approximately 3%). The recycling process involves separation, cleaning, melting, and granulating. Challenges in mechanical recycling can lead to loss of material integrity.', 'regional_relevance': None, 'created_at': '2025-05-20T22:31:59.336890', 'similarity_score': 0.776409924030304}
2025-05-21 14:15:50,083 INFO Starting crew kickoff with input: {'plastic_type': 'PPTV20', 'location': 'Munich'}
2025-05-21 14:15:50,083 INFO Creating analyze plastic material task
2025-05-21 14:15:50,090 INFO Crew instance created
2025-05-21 14:15:55,547 INFO Crew execution completed with result: plastic_id='PPTV20' type='Polypropylene Terephthalate' properties=['High strength', 'Lightweight', 'Good thermal stability', 'Chemical resistance'] applications=['Bottles', 'Food packaging', 'Textiles', 'Automotive parts'] environmental_impact="PPTV20 is not biodegradable and may contribute to plastic pollution, but it's recyclable under specific conditions." recycling_potential='PPTV20 can be recycled through mechanical recycling or chemical recycling methods.' regional_relevance=None
2025-05-21 14:15:55,687 INFO Inside Router after plastic research: plastic_id='PPTV20' type='Polypropylene Terephthalate' properties=['High strength', 'Lightweight', 'Good thermal stability', 'Chemical resistance'] applications=['Bottles', 'Food packaging', 'Textiles', 'Automotive parts'] environmental_impact="PPTV20 is not biodegradable and may contribute to plastic pollution, but it's recyclable under specific conditions." recycling_potential='PPTV20 can be recycled through mechanical recycling or chemical recycling methods.' regional_relevance=None
2025-05-21 14:15:55,688 INFO Storing Plastic Info After research: plastic_id='PPTV20' type='Polypropylene Terephthalate' properties=['High strength', 'Lightweight', 'Good thermal stability', 'Chemical resistance'] applications=['Bottles', 'Food packaging', 'Textiles', 'Automotive parts'] environmental_impact="PPTV20 is not biodegradable and may contribute to plastic pollution, but it's recyclable under specific conditions." recycling_potential='PPTV20 can be recycled through mechanical recycling or chemical recycling methods.' regional_relevance=None
2025-05-21 14:15:55,691 INFO Starting crew kickoff with input: {'plastic_type': 'PPTV20', 'location': 'Munich'}
2025-05-21 14:15:55,691 INFO Crew instance created
2025-05-21 14:15:59,730 INFO Crew execution completed with result: plastic_id='PPTV20' type='Polymer' properties=['Thermoplastic', 'Chemical resistance', 'Impact resistant', 'Good tensile strength', 'Thermal stability'] applications=['Packaging films', 'Electrical insulation', 'Automotive parts', 'Consumer goods', 'Construction materials'] environmental_impact='PPTV20 is not biodegradable and its production can contribute to pollution; however, it can be recycled.' recycling_potential='PPTV20 is recyclable through mechanical recycling methods, which can reclaim materials, but recycling rates vary based on facilities.' regional_relevance=None
2025-05-21 14:15:59,982 INFO Inside Router after plastic research: plastic_id='PPTV20' type='Polymer' properties=['Thermoplastic', 'Chemical resistance', 'Impact resistant', 'Good tensile strength', 'Thermal stability'] applications=['Packaging films', 'Electrical insulation', 'Automotive parts', 'Consumer goods', 'Construction materials'] environmental_impact='PPTV20 is not biodegradable and its production can contribute to pollution; however, it can be recycled.' recycling_potential='PPTV20 is recyclable through mechanical recycling methods, which can reclaim materials, but recycling rates vary based on facilities.' regional_relevance=None
2025-05-21 14:15:59,983 INFO Storing Plastic Info After research: plastic_id='PPTV20' type='Polymer' properties=['Thermoplastic', 'Chemical resistance', 'Impact resistant', 'Good tensile strength', 'Thermal stability'] applications=['Packaging films', 'Electrical insulation', 'Automotive parts', 'Consumer goods', 'Construction materials'] environmental_impact='PPTV20 is not biodegradable and its production can contribute to pollution; however, it can be recycled.' recycling_potential='PPTV20 is recyclable through mechanical recycling methods, which can reclaim materials, but recycling rates vary based on facilities.' regional_relevance=None
2025-05-21 14:15:59,986 INFO Starting crew kickoff with input: {'plastic_type': 'PPTV20', 'location': 'Munich'}
2025-05-21 14:15:59,986 INFO Crew instance created
2025-05-21 14:16:06,349 INFO Crew execution completed with result: plastic_id='PPTV20' type='Polymer' properties=['Good thermal stability', 'High chemical resistance', 'Mechanical strength', 'Lightweight'] applications=['Transportation components', 'Durable consumer goods', 'Specialty films', 'Automotive parts'] environmental_impact='PPTV20 is not biodegradable and has a potential for pollution if not properly recycled. Its production may have environmental costs associated with fossil fuel use unless sourced from recycled content.' recycling_potential='PPTV20 can be recycled; however, recycling facilities must be capable of processing specific polymer types, and not all regions have the infrastructure in place. Chemical recycling methods can also help in efficiently breaking down this polymer.' regional_relevance=None
2025-05-21 14:16:06,490 INFO Inside Router after plastic research: plastic_id='PPTV20' type='Polymer' properties=['Good thermal stability', 'High chemical resistance', 'Mechanical strength', 'Lightweight'] applications=['Transportation components', 'Durable consumer goods', 'Specialty films', 'Automotive parts'] environmental_impact='PPTV20 is not biodegradable and has a potential for pollution if not properly recycled. Its production may have environmental costs associated with fossil fuel use unless sourced from recycled content.' recycling_potential='PPTV20 can be recycled; however, recycling facilities must be capable of processing specific polymer types, and not all regions have the infrastructure in place. Chemical recycling methods can also help in efficiently breaking down this polymer.' regional_relevance=None
2025-05-21 14:16:06,491 INFO Storing Plastic Info After research: plastic_id='PPTV20' type='Polymer' properties=['Good thermal stability', 'High chemical resistance', 'Mechanical strength', 'Lightweight'] applications=['Transportation components', 'Durable consumer goods', 'Specialty films', 'Automotive parts'] environmental_impact='PPTV20 is not biodegradable and has a potential for pollution if not properly recycled. Its production may have environmental costs associated with fossil fuel use unless sourced from recycled content.' recycling_potential='PPTV20 can be recycled; however, recycling facilities must be capable of processing specific polymer types, and not all regions have the infrastructure in place. Chemical recycling methods can also help in efficiently breaking down this polymer.' regional_relevance=None
2025-05-21 14:16:06,494 INFO Starting crew kickoff with input: {'plastic_type': 'PPTV20', 'location': 'Munich'}
2025-05-21 14:16:06,494 INFO Crew instance created
2025-05-21 14:16:10,576 INFO Crew execution completed with result: plastic_id='PPTV20' type='Polymer' properties=['High tensile strength', 'Good impact resistance', 'Thermal stability', 'Chemical resistance'] applications=['Automotive parts', 'Consumer electronics housing', 'Industrial components'] environmental_impact='PPTV20 is not biodegradable, contributing to long-term waste in landfills. Its production and disposal may generate harmful emissions.' recycling_potential='PPTV20 can be recycled through mechanical methods, but not all facilities accept it. Chemical recycling processes are also emerging but are less common.' regional_relevance=None
2025-05-21 14:16:10,662 INFO Inside Router after plastic research: plastic_id='PPTV20' type='Polymer' properties=['High tensile strength', 'Good impact resistance', 'Thermal stability', 'Chemical resistance'] applications=['Automotive parts', 'Consumer electronics housing', 'Industrial components'] environmental_impact='PPTV20 is not biodegradable, contributing to long-term waste in landfills. Its production and disposal may generate harmful emissions.' recycling_potential='PPTV20 can be recycled through mechanical methods, but not all facilities accept it. Chemical recycling processes are also emerging but are less common.' regional_relevance=None
2025-05-21 14:16:10,662 INFO Storing Plastic Info After research: plastic_id='PPTV20' type='Polymer' properties=['High tensile strength', 'Good impact resistance', 'Thermal stability', 'Chemical resistance'] applications=['Automotive parts', 'Consumer electronics housing', 'Industrial components'] environmental_impact='PPTV20 is not biodegradable, contributing to long-term waste in landfills. Its production and disposal may generate harmful emissions.' recycling_potential='PPTV20 can be recycled through mechanical methods, but not all facilities accept it. Chemical recycling processes are also emerging but are less common.' regional_relevance=None
2025-05-21 14:16:10,665 INFO Starting crew kickoff with input: {'plastic_type': 'PPTV20', 'location': 'Munich'}
2025-05-21 14:16:10,665 INFO Crew instance created
2025-05-21 14:16:18,558 INFO Crew execution completed with result: plastic_id='PPTV20' type='polymer' properties=['Good mechanical strength', 'Water-resistant', 'Chemical resistance', 'Thermoplastic behavior', 'Resistance to UV radiation'] applications=['Packaging materials', 'Automotive parts', 'Consumer goods', 'Electrical insulation', 'Textile coatings'] environmental_impact='PPTV20, like many other synthetic polymers, poses environmental concerns such as microplastic pollution and challenges in biodegradability. Manufacturing and disposal processes may contribute to greenhouse gas emissions and toxic leaching.' recycling_potential='PPTV20 polymers can be recycled through established processes, but the efficiency and effectiveness of recycling may decline with each cycle due to degradation of mechanical properties.' regional_relevance=None
2025-05-21 14:16:18,707 INFO Inside Router after plastic research: plastic_id='PPTV20' type='polymer' properties=['Good mechanical strength', 'Water-resistant', 'Chemical resistance', 'Thermoplastic behavior', 'Resistance to UV radiation'] applications=['Packaging materials', 'Automotive parts', 'Consumer goods', 'Electrical insulation', 'Textile coatings'] environmental_impact='PPTV20, like many other synthetic polymers, poses environmental concerns such as microplastic pollution and challenges in biodegradability. Manufacturing and disposal processes may contribute to greenhouse gas emissions and toxic leaching.' recycling_potential='PPTV20 polymers can be recycled through established processes, but the efficiency and effectiveness of recycling may decline with each cycle due to degradation of mechanical properties.' regional_relevance=None
2025-05-21 14:16:18,707 INFO Storing Plastic Info After research: plastic_id='PPTV20' type='polymer' properties=['Good mechanical strength', 'Water-resistant', 'Chemical resistance', 'Thermoplastic behavior', 'Resistance to UV radiation'] applications=['Packaging materials', 'Automotive parts', 'Consumer goods', 'Electrical insulation', 'Textile coatings'] environmental_impact='PPTV20, like many other synthetic polymers, poses environmental concerns such as microplastic pollution and challenges in biodegradability. Manufacturing and disposal processes may contribute to greenhouse gas emissions and toxic leaching.' recycling_potential='PPTV20 polymers can be recycled through established processes, but the efficiency and effectiveness of recycling may decline with each cycle due to degradation of mechanical properties.' regional_relevance=None
2025-05-21 14:16:18,712 INFO Starting crew kickoff with input: {'plastic_type': 'PPTV20', 'location': 'Munich'}
2025-05-21 14:16:18,712 INFO Crew instance created
2025-05-21 14:22:23,574 INFO Creating Sustainability Brand Researcher agent
2025-05-21 14:22:23,577 INFO Creating Plastic analyst agent
2025-05-21 14:22:23,597 INFO id='9ac3265b-56fa-4695-b29c-1e4da888c624' brand_name='Bosch Home Appliances' plastic_type='PPTV20' location='Munich' brand_results={} plastic_results={} collab_results={} combined_results={} brand_research_needed=False plastic_research_needed=False brand_research_complete=False plastic_research_complete=False brand_saved_to_db=False plastic_saved_to_db=False
2025-05-21 14:22:29,584 INFO Starting crew kickoff with input: {'brand_data': {'id': 5, 'brand_id': '2ea0c444-5b5f-5892-9390-893925b5f047', 'name': 'Bosch Home Appliances', 'industry': 'Home Appliances', 'main_products': ['Refrigerators', 'Dishwashers', 'Ovens', 'Washing Machines', 'Dryers'], 'sustainability_initiatives': ['Circular economy strategy', 'Climate-neutral technology investments', 'Reduction of CO2 emissions', 'Recycling of packaging materials'], 'plastic_materials_used': ['Recycled plastics', 'Bioplastics'], 'past_collaborations': ['BSH Hausgeräte GmbH for sustainability initiatives'], 'operational_regions': ['Europe', 'North America', 'Asia'], 'created_at': '2025-05-21T11:55:28.759982', 'similarity_score': 0.9007589817047119}, 'plastic_data': {'id': 22, 'plastic_id': '40a509d3-58cd-504c-a8ad-2117541e458d', 'type': 'Polypropylene Terephthalate', 'properties': ['High strength', 'Lightweight', 'Good thermal stability', 'Chemical resistance'], 'applications': ['Bottles', 'Food packaging', 'Textiles', 'Automotive parts'], 'environmental_impact': "PPTV20 is not biodegradable and may contribute to plastic pollution, but it's recyclable under specific conditions.", 'recycling_potential': 'PPTV20 can be recycled through mechanical recycling or chemical recycling methods.', 'regional_relevance': None, 'created_at': '2025-05-21T12:15:55.560359', 'similarity_score': 0.8550062775611877}}
2025-05-21 14:22:29,587 INFO Crew instance created
2025-05-21 14:22:42,728 INFO Crew execution completed with result: input_summary={'brand': 'EcoPackables, packaging', 'plastic': 'compostable packaging, environmentally friendly'} top_collaborating_brands=[CollaborationRecommendation(name='Ecologic Brands', industry='Sustainable packaging', rationale="Ecologic Brands creates innovative packaging solutions using recycled materials, aligning with EcoPackables' compostable packaging ethos.", product_concept='Collaboration on a hybrid product line combining compostable and recycled packaging solutions for consumer goods.'), CollaborationRecommendation(name='Better Packaging', industry='Eco-friendly packaging', rationale="Better Packaging partners with brands aiming for sustainability, and their products can complement EcoPackables' compostable offerings.", product_concept='A sustainable packaging kit featuring compostable mailers and recycled protective packaging.'), CollaborationRecommendation(name='Earthpack', industry='Recycled packaging', rationale="Earthpack specializes in affordable recycled packaging, aligning with EcoPackables' mission to provide eco-friendly packaging options.", product_concept='Co-branded packaging solutions that offer both recycled and compostable options for eCommerce businesses.'), CollaborationRecommendation(name='Elevate Packaging', industry='Sustainable packaging', rationale='Elevate Packaging focuses on compostable materials, making them a natural fit to collaborate on creating a wider range of sustainable products.', product_concept='Joint product line of fully compostable bags and labels for food and retail markets.'), CollaborationRecommendation(name='noissue', industry='Custom packaging', rationale="noissue provides sustainable custom packaging that aligns with EcoPackables' compostable products, enhancing customization options.", product_concept='Custom packaging solutions that utilize both compostable materials and eco-friendly inks for brand storytelling.')]
2025-05-21 14:23:45,625 INFO Creating Sustainability Brand Researcher agent
2025-05-21 14:23:45,630 INFO Creating Plastic analyst agent
2025-05-21 14:23:45,652 INFO id='e4a6a45b-7a9e-4d77-958f-7989ccaa85a6' brand_name='BMW' plastic_type='PPTV20' location='Munich' brand_results={} plastic_results={} collab_results={} combined_results={} brand_research_needed=False plastic_research_needed=False brand_research_complete=False plastic_research_complete=False brand_saved_to_db=False plastic_saved_to_db=False
2025-05-21 14:23:50,794 INFO Starting crew kickoff with input: {'brand_data': {'id': 3, 'brand_id': '3208ed61-6a18-539c-9e35-ed27cfe1d9d7', 'name': 'BMW', 'industry': 'Automotive', 'main_products': ['Luxury Vehicles', 'Electric Vehicles', 'Motorcycles'], 'sustainability_initiatives': ['Using ocean plastics for vehicle trim components', 'Aiming for 100% recyclable vehicles by 2030', 'Increasing recycled materials in production to 40% by 2030', 'CO2 emissions reduction projects', 'Sustainable logistics to minimize plastic waste'], 'plastic_materials_used': ['Ocean plastics', 'Thermoplastics with recycled content'], 'past_collaborations': [], 'operational_regions': ['Germany', 'China', 'United States', 'Europe'], 'created_at': '2025-05-21T11:06:50.870314', 'similarity_score': 0.8456289768218994}, 'plastic_data': {'id': 22, 'plastic_id': '40a509d3-58cd-504c-a8ad-2117541e458d', 'type': 'Polypropylene Terephthalate', 'properties': ['High strength', 'Lightweight', 'Good thermal stability', 'Chemical resistance'], 'applications': ['Bottles', 'Food packaging', 'Textiles', 'Automotive parts'], 'environmental_impact': "PPTV20 is not biodegradable and may contribute to plastic pollution, but it's recyclable under specific conditions.", 'recycling_potential': 'PPTV20 can be recycled through mechanical recycling or chemical recycling methods.', 'regional_relevance': None, 'created_at': '2025-05-21T12:15:55.560359', 'similarity_score': 0.8550062775611877}}
2025-05-21 14:23:50,795 INFO Crew instance created
2025-05-21 14:24:06,514 INFO Crew execution completed with result: input_summary={'brand': 'Assumed Fashion Brand - Sustainable Fashion', 'plastic': 'PET - Recyclable'} top_collaborating_brands=[CollaborationRecommendation(name='Good On You', industry='Ethical Clothing', rationale='Good On You ranks brands on their ethical and environmental impact, aligning with sustainability goals.', product_concept='A collection of affordable, stylish clothing made from recycled PET.'), CollaborationRecommendation(name='Patagonia', industry='Outdoor Apparel', rationale='Patagonia is a leader in sustainability, known for their commitment to using recycled materials.', product_concept='A limited edition line of outdoor gear made from recycled PET to promote eco-friendly adventures.'), CollaborationRecommendation(name='Reformation', industry='Fashion', rationale='Reformation focuses on sustainable practices and eco-friendly materials, making them a strong match.', product_concept='A capsule collection featuring dresses that utilize PET fabric.'), CollaborationRecommendation(name='Allbirds', industry='Footwear', rationale='Allbirds emphasizes using natural and recycled materials, complementing a fashion-focused collaboration.', product_concept='Sustainable sneakers made partially from recycled PET, promoting circular fashion.'), CollaborationRecommendation(name='Eileen Fisher', industry='Apparel', rationale='Eileen Fisher has a strong commitment to sustainability and ethical production.', product_concept='An exclusive line of women’s apparel integrating recycled PET fabrics.')]
2025-05-21 14:27:49,780 INFO Creating Sustainability Brand Researcher agent
2025-05-21 14:27:49,784 INFO Creating Plastic analyst agent
2025-05-21 14:27:49,806 INFO id='c52c8c96-d235-45f5-84e2-bc04e3aa10a7' brand_name='BMW' plastic_type='acrylonitrile butadiene styrene' location='Munich' brand_results={} plastic_results={} collab_results={} combined_results={} brand_research_needed=False plastic_research_needed=False brand_research_complete=False plastic_research_complete=False brand_saved_to_db=False plastic_saved_to_db=False
2025-05-21 14:27:56,187 INFO Inside Router after plastic research: {'id': 22, 'plastic_id': '40a509d3-58cd-504c-a8ad-2117541e458d', 'type': 'Polypropylene Terephthalate', 'properties': ['High strength', 'Lightweight', 'Good thermal stability', 'Chemical resistance'], 'applications': ['Bottles', 'Food packaging', 'Textiles', 'Automotive parts'], 'environmental_impact': "PPTV20 is not biodegradable and may contribute to plastic pollution, but it's recyclable under specific conditions.", 'recycling_potential': 'PPTV20 can be recycled through mechanical recycling or chemical recycling methods.', 'regional_relevance': None, 'created_at': '2025-05-21T12:15:55.560359', 'similarity_score': 0.7274996638298035}
2025-05-21 14:27:56,189 INFO Starting crew kickoff with input: {'plastic_type': 'acrylonitrile butadiene styrene', 'location': 'Munich'}
2025-05-21 14:27:56,189 INFO Creating analyze plastic material task
2025-05-21 14:27:56,192 INFO Crew instance created
2025-05-21 14:28:02,193 INFO Crew execution completed with result: plastic_id='ABS' type='Acrylonitrile Butadiene Styrene (ABS)' properties=['High impact resistance', 'Strong and durable', 'Glass transition temperature of approximately 105 °C (221 °F)', 'Thermoplastic nature allows remolding'] applications=['Consumer electronics housings', 'Automotive parts', 'Lego bricks', 'Kitchen appliances', '3D printing materials'] environmental_impact='ABS has a large carbon footprint due to energy-intensive production processes that rely on fossil fuels. It is not biodegradable and contributes to environmental pollution if not recycled properly.' recycling_potential='ABS is recyclable but can be challenging due to its complex composition. Recycling methods include mechanical recycling and reusing post-consumer materials. Recycled ABS is gaining popularity in manufacturing.' regional_relevance=None
2025-05-21 14:28:02,339 INFO Inside Router after plastic research: plastic_id='ABS' type='Acrylonitrile Butadiene Styrene (ABS)' properties=['High impact resistance', 'Strong and durable', 'Glass transition temperature of approximately 105 °C (221 °F)', 'Thermoplastic nature allows remolding'] applications=['Consumer electronics housings', 'Automotive parts', 'Lego bricks', 'Kitchen appliances', '3D printing materials'] environmental_impact='ABS has a large carbon footprint due to energy-intensive production processes that rely on fossil fuels. It is not biodegradable and contributes to environmental pollution if not recycled properly.' recycling_potential='ABS is recyclable but can be challenging due to its complex composition. Recycling methods include mechanical recycling and reusing post-consumer materials. Recycled ABS is gaining popularity in manufacturing.' regional_relevance=None
2025-05-21 14:28:02,339 INFO Storing Plastic Info After research: plastic_id='ABS' type='Acrylonitrile Butadiene Styrene (ABS)' properties=['High impact resistance', 'Strong and durable', 'Glass transition temperature of approximately 105 °C (221 °F)', 'Thermoplastic nature allows remolding'] applications=['Consumer electronics housings', 'Automotive parts', 'Lego bricks', 'Kitchen appliances', '3D printing materials'] environmental_impact='ABS has a large carbon footprint due to energy-intensive production processes that rely on fossil fuels. It is not biodegradable and contributes to environmental pollution if not recycled properly.' recycling_potential='ABS is recyclable but can be challenging due to its complex composition. Recycling methods include mechanical recycling and reusing post-consumer materials. Recycled ABS is gaining popularity in manufacturing.' regional_relevance=None
2025-05-21 14:28:02,342 INFO Starting crew kickoff with input: {'plastic_type': 'acrylonitrile butadiene styrene', 'location': 'Munich'}
2025-05-21 14:28:02,342 INFO Crew instance created
2025-05-21 14:28:07,045 INFO Crew execution completed with result: plastic_id=None type='Acrylonitrile Butadiene Styrene (ABS)' properties=['High impact resistance', 'Strength and durability', 'Glass transition temperature of approximately 105 °C (221 °F)', 'Thermoplastic nature allows it to be melted and reshaped multiple times'] applications=['Toys', 'Automotive parts', 'Consumer electronics', 'Household appliances', 'Kitchenware'] environmental_impact='ABS has a significant carbon footprint due to its energy-intensive production processes, which predominantly rely on fossil fuels. It is not biodegradable and poses pollution risks when discarded improperly.' recycling_potential='ABS is recyclable; however, recycling can be challenging due to its composition. It can be recycled multiple times without significant degradation of mechanical properties.' regional_relevance=None
2025-05-21 14:28:07,337 INFO Inside Router after plastic research: plastic_id=None type='Acrylonitrile Butadiene Styrene (ABS)' properties=['High impact resistance', 'Strength and durability', 'Glass transition temperature of approximately 105 °C (221 °F)', 'Thermoplastic nature allows it to be melted and reshaped multiple times'] applications=['Toys', 'Automotive parts', 'Consumer electronics', 'Household appliances', 'Kitchenware'] environmental_impact='ABS has a significant carbon footprint due to its energy-intensive production processes, which predominantly rely on fossil fuels. It is not biodegradable and poses pollution risks when discarded improperly.' recycling_potential='ABS is recyclable; however, recycling can be challenging due to its composition. It can be recycled multiple times without significant degradation of mechanical properties.' regional_relevance=None
2025-05-21 14:28:07,337 INFO Storing Plastic Info After research: plastic_id=None type='Acrylonitrile Butadiene Styrene (ABS)' properties=['High impact resistance', 'Strength and durability', 'Glass transition temperature of approximately 105 °C (221 °F)', 'Thermoplastic nature allows it to be melted and reshaped multiple times'] applications=['Toys', 'Automotive parts', 'Consumer electronics', 'Household appliances', 'Kitchenware'] environmental_impact='ABS has a significant carbon footprint due to its energy-intensive production processes, which predominantly rely on fossil fuels. It is not biodegradable and poses pollution risks when discarded improperly.' recycling_potential='ABS is recyclable; however, recycling can be challenging due to its composition. It can be recycled multiple times without significant degradation of mechanical properties.' regional_relevance=None
2025-05-21 14:28:07,339 INFO Starting crew kickoff with input: {'plastic_type': 'acrylonitrile butadiene styrene', 'location': 'Munich'}
2025-05-21 14:28:07,340 INFO Crew instance created
2025-05-21 14:28:13,467 INFO Crew execution completed with result: plastic_id='ABS' type='Acrylonitrile Butadiene Styrene' properties=['High impact resistance', 'Good thermal stability', 'Durability and strength', 'Good electrical insulation', 'Glass transition temperature of approximately 105 °C (221 °F)'] applications=['Automotive parts', 'Consumer electronics (e.g., housings for appliances)', 'Toys (e.g., LEGO bricks)', 'Medical devices', '3D printing materials'] environmental_impact='ABS has a large carbon footprint due to energy-intensive production processes that rely on fossil fuels. It is not biodegradable and can contribute to pollution if not properly managed.' recycling_potential='ABS is recyclable, although the recycling process can be challenging. Manufacturers are increasingly using recycled ABS content, and mechanical recycling methods are being developed.' regional_relevance=None
2025-05-21 14:28:13,604 INFO Inside Router after plastic research: plastic_id='ABS' type='Acrylonitrile Butadiene Styrene' properties=['High impact resistance', 'Good thermal stability', 'Durability and strength', 'Good electrical insulation', 'Glass transition temperature of approximately 105 °C (221 °F)'] applications=['Automotive parts', 'Consumer electronics (e.g., housings for appliances)', 'Toys (e.g., LEGO bricks)', 'Medical devices', '3D printing materials'] environmental_impact='ABS has a large carbon footprint due to energy-intensive production processes that rely on fossil fuels. It is not biodegradable and can contribute to pollution if not properly managed.' recycling_potential='ABS is recyclable, although the recycling process can be challenging. Manufacturers are increasingly using recycled ABS content, and mechanical recycling methods are being developed.' regional_relevance=None
2025-05-21 14:28:13,604 INFO Storing Plastic Info After research: plastic_id='ABS' type='Acrylonitrile Butadiene Styrene' properties=['High impact resistance', 'Good thermal stability', 'Durability and strength', 'Good electrical insulation', 'Glass transition temperature of approximately 105 °C (221 °F)'] applications=['Automotive parts', 'Consumer electronics (e.g., housings for appliances)', 'Toys (e.g., LEGO bricks)', 'Medical devices', '3D printing materials'] environmental_impact='ABS has a large carbon footprint due to energy-intensive production processes that rely on fossil fuels. It is not biodegradable and can contribute to pollution if not properly managed.' recycling_potential='ABS is recyclable, although the recycling process can be challenging. Manufacturers are increasingly using recycled ABS content, and mechanical recycling methods are being developed.' regional_relevance=None
2025-05-21 14:28:13,607 INFO Starting crew kickoff with input: {'plastic_type': 'acrylonitrile butadiene styrene', 'location': 'Munich'}
2025-05-21 14:28:13,607 INFO Crew instance created
2025-05-21 14:28:22,919 INFO Crew execution completed with result: plastic_id=None type='Acrylonitrile Butadiene Styrene (ABS)' properties=['High impact resistance', 'Durability', 'Good thermal stability', 'Moderate chemical resistance', 'Easily machinable'] applications=['Toys', 'Electronic housings', 'Automotive parts', 'Kitchen appliances', '3D printing'] environmental_impact='ABS production has a high carbon footprint due to energy-intensive processes that rely on fossil fuels. It is not biodegradable, contributing to plastic pollution in the environment.' recycling_potential='ABS is recyclable but can be challenging to process due to its complex composition. Common methods include mechanical recycling, with the possibility of using recycled ABS in various applications.' regional_relevance=None
2025-05-21 14:28:23,047 INFO Inside Router after plastic research: plastic_id=None type='Acrylonitrile Butadiene Styrene (ABS)' properties=['High impact resistance', 'Durability', 'Good thermal stability', 'Moderate chemical resistance', 'Easily machinable'] applications=['Toys', 'Electronic housings', 'Automotive parts', 'Kitchen appliances', '3D printing'] environmental_impact='ABS production has a high carbon footprint due to energy-intensive processes that rely on fossil fuels. It is not biodegradable, contributing to plastic pollution in the environment.' recycling_potential='ABS is recyclable but can be challenging to process due to its complex composition. Common methods include mechanical recycling, with the possibility of using recycled ABS in various applications.' regional_relevance=None
2025-05-21 14:28:23,047 INFO Storing Plastic Info After research: plastic_id=None type='Acrylonitrile Butadiene Styrene (ABS)' properties=['High impact resistance', 'Durability', 'Good thermal stability', 'Moderate chemical resistance', 'Easily machinable'] applications=['Toys', 'Electronic housings', 'Automotive parts', 'Kitchen appliances', '3D printing'] environmental_impact='ABS production has a high carbon footprint due to energy-intensive processes that rely on fossil fuels. It is not biodegradable, contributing to plastic pollution in the environment.' recycling_potential='ABS is recyclable but can be challenging to process due to its complex composition. Common methods include mechanical recycling, with the possibility of using recycled ABS in various applications.' regional_relevance=None
2025-05-21 14:28:23,050 INFO Starting crew kickoff with input: {'plastic_type': 'acrylonitrile butadiene styrene', 'location': 'Munich'}
2025-05-21 14:28:23,050 INFO Crew instance created
2025-05-21 14:28:28,970 INFO Crew execution completed with result: plastic_id='ABS' type='Acrylonitrile Butadiene Styrene (ABS)' properties=['High impact resistance', 'Good heat resistance', 'Durability', 'Strength', 'Thermoplastic nature allowing remolding'] applications=['Toys', 'Automotive parts', 'Consumer electronics', 'Household appliances', 'Lego bricks'] environmental_impact='ABS is not biodegradable and has a substantial carbon footprint from production. It poses risks of plastic pollution and requires careful disposal.' recycling_potential='ABS is recyclable, though the recycling process can be complex due to impurities. Mechanical recycling is commonly used.' regional_relevance=None
2025-05-21 14:28:29,109 INFO Inside Router after plastic research: plastic_id='ABS' type='Acrylonitrile Butadiene Styrene (ABS)' properties=['High impact resistance', 'Good heat resistance', 'Durability', 'Strength', 'Thermoplastic nature allowing remolding'] applications=['Toys', 'Automotive parts', 'Consumer electronics', 'Household appliances', 'Lego bricks'] environmental_impact='ABS is not biodegradable and has a substantial carbon footprint from production. It poses risks of plastic pollution and requires careful disposal.' recycling_potential='ABS is recyclable, though the recycling process can be complex due to impurities. Mechanical recycling is commonly used.' regional_relevance=None
2025-05-21 14:28:29,109 INFO Storing Plastic Info After research: plastic_id='ABS' type='Acrylonitrile Butadiene Styrene (ABS)' properties=['High impact resistance', 'Good heat resistance', 'Durability', 'Strength', 'Thermoplastic nature allowing remolding'] applications=['Toys', 'Automotive parts', 'Consumer electronics', 'Household appliances', 'Lego bricks'] environmental_impact='ABS is not biodegradable and has a substantial carbon footprint from production. It poses risks of plastic pollution and requires careful disposal.' recycling_potential='ABS is recyclable, though the recycling process can be complex due to impurities. Mechanical recycling is commonly used.' regional_relevance=None
2025-05-21 14:28:29,112 INFO Starting crew kickoff with input: {'plastic_type': 'acrylonitrile butadiene styrene', 'location': 'Munich'}
2025-05-21 14:28:29,112 INFO Crew instance created
2025-05-21 14:41:28,782 INFO Creating Sustainability Brand Researcher agent
2025-05-21 14:41:28,789 INFO Creating Plastic analyst agent
2025-05-21 14:41:28,822 INFO id='8650cb26-7b06-4c25-adc7-7f716c615537' brand_name='BMW' plastic_type='acrylonitrile butadiene styrene' location='Munich' brand_results={} plastic_results={} collab_results={} combined_results={} brand_research_needed=False plastic_research_needed=False brand_research_complete=False plastic_research_complete=False brand_saved_to_db=False plastic_saved_to_db=False
2025-05-21 14:41:35,762 INFO Starting crew kickoff with input: {'brand_data': {'id': 3, 'brand_id': '3208ed61-6a18-539c-9e35-ed27cfe1d9d7', 'name': 'BMW', 'industry': 'Automotive', 'main_products': ['Luxury Vehicles', 'Electric Vehicles', 'Motorcycles'], 'sustainability_initiatives': ['Using ocean plastics for vehicle trim components', 'Aiming for 100% recyclable vehicles by 2030', 'Increasing recycled materials in production to 40% by 2030', 'CO2 emissions reduction projects', 'Sustainable logistics to minimize plastic waste'], 'plastic_materials_used': ['Ocean plastics', 'Thermoplastics with recycled content'], 'past_collaborations': [], 'operational_regions': ['Germany', 'China', 'United States', 'Europe'], 'created_at': '2025-05-21T11:06:50.870314', 'similarity_score': 0.8456289768218994}, 'plastic_data': {'id': 27, 'plastic_id': '90f01e3e-6867-54d6-8805-362bd21c8091', 'type': 'Acrylonitrile Butadiene Styrene (ABS)', 'properties': ['High impact resistance', 'Good heat resistance', 'Durability', 'Strength', 'Thermoplastic nature allowing remolding'], 'applications': ['Toys', 'Automotive parts', 'Consumer electronics', 'Household appliances', 'Lego bricks'], 'environmental_impact': 'ABS is not biodegradable and has a substantial carbon footprint from production. It poses risks of plastic pollution and requires careful disposal.', 'recycling_potential': 'ABS is recyclable, though the recycling process can be complex due to impurities. Mechanical recycling is commonly used.', 'regional_relevance': None, 'created_at': '2025-05-21T12:28:02.205938', 'similarity_score': 0.8261458873748779}}
2025-05-21 14:41:35,774 INFO Crew instance created
2025-05-21 14:41:48,823 INFO Crew execution completed with result: input_summary={'brand': 'Fashion Eco-friendly brands from USA', 'plastic': 'Polyester, made from recycled materials'} top_collaborating_brands=[CollaborationRecommendation(name='Outerknown', industry='Apparel', rationale='Outerknown has a strong commitment to sustainable practices, using eco-friendly materials that align with the use of recycled plastics.', product_concept='A line of activewear made from recycled polyester fibers, promoting sustainability while ensuring high performance.'), CollaborationRecommendation(name='Reformation', industry="Women's Clothing", rationale='Reformation is known for its environmentally friendly practices and could integrate recycled polyester into their fabrication process.', product_concept='A collection of stylish dresses using recycled plastic fabrics that highlight sustainable fashion in high-demand styles.'), CollaborationRecommendation(name='Toad&Co', industry='Outdoor Apparel', rationale='Toad&Co focuses on eco-friendly materials and practices, making them a strong candidate for collaboration utilizing recycled plastics.', product_concept='Durable outdoor gear designed with a blend of recycled polyester for environmental consciousness and performance.'), CollaborationRecommendation(name='Stella McCartney', industry='Luxury Fashion', rationale='Stella McCartney is a pioneer in sustainable fashion and prefers using materials that do not harm the environment, fitting well with recycled plastics.', product_concept='A premium line of luxury handbags crafted from recycled plastics, combining elegance with sustainability.'), CollaborationRecommendation(name='Christy Dawn', industry='Sustainable Dresses', rationale='Christy Dawn creates eco-conscious dresses and could utilize recycled polyester in their unique, vintage-inspired designs.', product_concept='A vintage-style dress range utilizing recycled plastic fabrics, emphasizing sustainable fashion within romantic aesthetics.')]
2025-05-21 14:42:09,633 INFO Creating Sustainability Brand Researcher agent
2025-05-21 14:42:09,640 INFO Creating Plastic analyst agent
2025-05-21 14:42:09,679 INFO id='0522df66-f96e-4c9f-91f3-9575c1819641' brand_name='Toyota' plastic_type='PET' location='Japan' brand_results={} plastic_results={} collab_results={} combined_results={} brand_research_needed=False plastic_research_needed=False brand_research_complete=False plastic_research_complete=False brand_saved_to_db=False plastic_saved_to_db=False
2025-05-21 14:42:14,850 INFO Inside Router after plastic research: {'id': 18, 'plastic_id': 'fc781d3e-c5d5-529d-a273-023c861db790', 'type': 'Polyethylene Terephthalate (PET)', 'properties': ['Strong and lightweight', 'Excellent chemical resistance', 'Good thermal stability', 'Transparent and can be tinted', '100% recyclable'], 'applications': ['Beverage bottles', 'Food containers', 'Textiles (like polyester)', 'Packaging materials', '3D printing filament'], 'environmental_impact': 'PET is durable but takes hundreds of years to decompose, posing risks to marine life and contributing to microplastics pollution. Its production emits greenhouse gases, although recycling can significantly reduce this impact.', 'recycling_potential': 'PET is one of the most recyclable plastics, with mechanical and chemical recycling methods available. Recycled PET can be used to produce new bottles, fibers, and other products with up to 90% reduction in emissions compared to virgin PET.', 'regional_relevance': None, 'created_at': '2025-05-21T11:47:02.205759', 'similarity_score': 0.7973600924015045}
2025-05-21 14:42:14,854 INFO Starting BrandAnalystCrew with input: {'brand': 'Toyota', 'location': 'Japan'}
2025-05-21 14:42:14,854 INFO Creating analyze_target_brand task
2025-05-21 14:42:14,857 INFO Crew instance created
2025-05-21 14:42:22,038 INFO Crew execution completed with result: brand_id=None name='Toyota' industry='Automotive' main_products=['Vehicles', 'Automobiles'] sustainability_initiatives=['Reducing single-use plastics at offices globally', 'Recycling or reusing over 90% of waste generated', 'Implementing a circular economy'] plastic_materials_used=['Recycled plastics', 'Biodegradable materials'] past_collaborations=['Partnering with suppliers to use sustainable materials', 'Collaborations on waste reduction efforts'] operational_regions=['Japan', 'Thailand', 'North America', 'Europe']
2025-05-21 14:42:22,042 INFO Inside Router after research: {'brand_id': None, 'name': 'Toyota', 'industry': 'Automotive', 'main_products': ['Vehicles', 'Automobiles'], 'sustainability_initiatives': ['Reducing single-use plastics at offices globally', 'Recycling or reusing over 90% of waste generated', 'Implementing a circular economy'], 'plastic_materials_used': ['Recycled plastics', 'Biodegradable materials'], 'past_collaborations': ['Partnering with suppliers to use sustainable materials', 'Collaborations on waste reduction efforts'], 'operational_regions': ['Japan', 'Thailand', 'North America', 'Europe']}
2025-05-21 14:42:22,043 INFO Storing Brand Info After research: {'brand_id': None, 'name': 'Toyota', 'industry': 'Automotive', 'main_products': ['Vehicles', 'Automobiles'], 'sustainability_initiatives': ['Reducing single-use plastics at offices globally', 'Recycling or reusing over 90% of waste generated', 'Implementing a circular economy'], 'plastic_materials_used': ['Recycled plastics', 'Biodegradable materials'], 'past_collaborations': ['Partnering with suppliers to use sustainable materials', 'Collaborations on waste reduction efforts'], 'operational_regions': ['Japan', 'Thailand', 'North America', 'Europe']}
2025-05-21 14:42:22,200 ERROR Error saving brand to DB: object str can't be used in 'await' expression
2025-05-21 14:42:22,204 INFO Starting BrandAnalystCrew with input: {'brand': 'Toyota', 'location': 'Japan'}
2025-05-21 14:42:22,205 INFO Crew instance created
2025-05-21 14:42:26,503 INFO Crew execution completed with result: brand_id=None name='Toyota' industry='Automotive' main_products=['Cars', 'Trucks', 'Hybrids', 'Electric Vehicles'] sustainability_initiatives=['Initiatives to Reduce Single-use Plastics at Offices', 'Reducing plastic packaging in supply chain', 'Circular Factory initiatives', 'Environmental sustainability goals and targets'] plastic_materials_used=['Biodegradable materials', 'Recycled plastics'] past_collaborations=['Collaboration with partners to reduce waste and packaging', 'Efforts to use more sustainable materials in vehicle parts'] operational_regions=['Japan', 'North America', 'Europe', 'Thailand']
2025-05-21 14:42:26,507 INFO Inside Router after research: {'brand_id': None, 'name': 'Toyota', 'industry': 'Automotive', 'main_products': ['Cars', 'Trucks', 'Hybrids', 'Electric Vehicles'], 'sustainability_initiatives': ['Initiatives to Reduce Single-use Plastics at Offices', 'Reducing plastic packaging in supply chain', 'Circular Factory initiatives', 'Environmental sustainability goals and targets'], 'plastic_materials_used': ['Biodegradable materials', 'Recycled plastics'], 'past_collaborations': ['Collaboration with partners to reduce waste and packaging', 'Efforts to use more sustainable materials in vehicle parts'], 'operational_regions': ['Japan', 'North America', 'Europe', 'Thailand']}
2025-05-21 14:42:26,507 INFO Storing Brand Info After research: {'brand_id': None, 'name': 'Toyota', 'industry': 'Automotive', 'main_products': ['Cars', 'Trucks', 'Hybrids', 'Electric Vehicles'], 'sustainability_initiatives': ['Initiatives to Reduce Single-use Plastics at Offices', 'Reducing plastic packaging in supply chain', 'Circular Factory initiatives', 'Environmental sustainability goals and targets'], 'plastic_materials_used': ['Biodegradable materials', 'Recycled plastics'], 'past_collaborations': ['Collaboration with partners to reduce waste and packaging', 'Efforts to use more sustainable materials in vehicle parts'], 'operational_regions': ['Japan', 'North America', 'Europe', 'Thailand']}
2025-05-21 14:42:26,535 ERROR Error saving brand to DB: object str can't be used in 'await' expression
2025-05-21 14:42:26,539 INFO Starting BrandAnalystCrew with input: {'brand': 'Toyota', 'location': 'Japan'}
2025-05-21 14:42:26,539 INFO Crew instance created
2025-05-21 14:42:32,950 INFO Crew execution completed with result: brand_id=None name='Toyota' industry='Automotive' main_products=['Vehicles', 'Automobiles', 'Hybrid Cars', 'Electric Vehicles'] sustainability_initiatives=['Reducing single-use plastics at offices globally', 'Circular economy initiatives', 'Partnerships to use sustainable materials'] plastic_materials_used=['Recycled plastics', 'Biodegradable materials in packaging'] past_collaborations=['Collaborations to reduce waste and improve packaging'] operational_regions=['Japan', 'North America', 'Thailand', 'Europe']
2025-05-21 14:42:32,954 INFO Inside Router after research: {'brand_id': None, 'name': 'Toyota', 'industry': 'Automotive', 'main_products': ['Vehicles', 'Automobiles', 'Hybrid Cars', 'Electric Vehicles'], 'sustainability_initiatives': ['Reducing single-use plastics at offices globally', 'Circular economy initiatives', 'Partnerships to use sustainable materials'], 'plastic_materials_used': ['Recycled plastics', 'Biodegradable materials in packaging'], 'past_collaborations': ['Collaborations to reduce waste and improve packaging'], 'operational_regions': ['Japan', 'North America', 'Thailand', 'Europe']}
2025-05-21 14:42:32,955 INFO Storing Brand Info After research: {'brand_id': None, 'name': 'Toyota', 'industry': 'Automotive', 'main_products': ['Vehicles', 'Automobiles', 'Hybrid Cars', 'Electric Vehicles'], 'sustainability_initiatives': ['Reducing single-use plastics at offices globally', 'Circular economy initiatives', 'Partnerships to use sustainable materials'], 'plastic_materials_used': ['Recycled plastics', 'Biodegradable materials in packaging'], 'past_collaborations': ['Collaborations to reduce waste and improve packaging'], 'operational_regions': ['Japan', 'North America', 'Thailand', 'Europe']}
2025-05-21 14:42:32,981 ERROR Error saving brand to DB: object str can't be used in 'await' expression
2025-05-21 14:42:32,985 INFO Starting BrandAnalystCrew with input: {'brand': 'Toyota', 'location': 'Japan'}
2025-05-21 14:42:32,985 INFO Crew instance created
2025-05-21 14:42:38,283 INFO Crew execution completed with result: brand_id=None name='Toyota' industry='Automotive' main_products=['Cars', 'Trucks', 'SUVs', 'Hybrid vehicles'] sustainability_initiatives=['Reducing single-use plastics at offices globally', 'Recycling or reusing over 90% of waste generated', 'Implementing initiatives to build a circular economy'] plastic_materials_used=['Biodegradable materials', 'Recycled plastics'] past_collaborations=['Collaborations with suppliers to use sustainable materials', 'Partnerships to reduce waste and packaging'] operational_regions=['Japan', 'North America', 'Europe', 'Thailand']
2025-05-21 14:42:38,287 INFO Inside Router after research: {'brand_id': None, 'name': 'Toyota', 'industry': 'Automotive', 'main_products': ['Cars', 'Trucks', 'SUVs', 'Hybrid vehicles'], 'sustainability_initiatives': ['Reducing single-use plastics at offices globally', 'Recycling or reusing over 90% of waste generated', 'Implementing initiatives to build a circular economy'], 'plastic_materials_used': ['Biodegradable materials', 'Recycled plastics'], 'past_collaborations': ['Collaborations with suppliers to use sustainable materials', 'Partnerships to reduce waste and packaging'], 'operational_regions': ['Japan', 'North America', 'Europe', 'Thailand']}
2025-05-21 14:42:38,287 INFO Storing Brand Info After research: {'brand_id': None, 'name': 'Toyota', 'industry': 'Automotive', 'main_products': ['Cars', 'Trucks', 'SUVs', 'Hybrid vehicles'], 'sustainability_initiatives': ['Reducing single-use plastics at offices globally', 'Recycling or reusing over 90% of waste generated', 'Implementing initiatives to build a circular economy'], 'plastic_materials_used': ['Biodegradable materials', 'Recycled plastics'], 'past_collaborations': ['Collaborations with suppliers to use sustainable materials', 'Partnerships to reduce waste and packaging'], 'operational_regions': ['Japan', 'North America', 'Europe', 'Thailand']}
2025-05-21 14:42:38,318 ERROR Error saving brand to DB: object str can't be used in 'await' expression
2025-05-21 14:42:38,322 INFO Starting BrandAnalystCrew with input: {'brand': 'Toyota', 'location': 'Japan'}
2025-05-21 14:42:38,322 INFO Crew instance created
2025-05-21 16:28:23,893 INFO Creating Sustainability Brand Researcher agent
2025-05-21 16:28:23,896 INFO Creating Plastic analyst agent
2025-05-21 16:28:23,920 INFO id='37691592-b838-4349-9b0f-e3f00bf28df7' brand_name='BMW' plastic_type='PP' location='Munich' brand_results={} plastic_results={} collab_results={} combined_results={} brand_research_needed=False plastic_research_needed=False brand_research_complete=False plastic_research_complete=False brand_saved_to_db=False plastic_saved_to_db=False
2025-05-21 16:28:26,453 INFO Starting crew kickoff with input: {'brand_data': {'id': 3, 'brand_id': '3208ed61-6a18-539c-9e35-ed27cfe1d9d7', 'name': 'BMW', 'industry': 'Automotive', 'main_products': ['Luxury Vehicles', 'Electric Vehicles', 'Motorcycles'], 'sustainability_initiatives': ['Using ocean plastics for vehicle trim components', 'Aiming for 100% recyclable vehicles by 2030', 'Increasing recycled materials in production to 40% by 2030', 'CO2 emissions reduction projects', 'Sustainable logistics to minimize plastic waste'], 'plastic_materials_used': ['Ocean plastics', 'Thermoplastics with recycled content'], 'past_collaborations': [], 'operational_regions': ['Germany', 'China', 'United States', 'Europe'], 'created_at': '2025-05-21T11:06:50.870314', 'similarity_score': 0.8456289768218994}, 'plastic_data': {'id': 22, 'plastic_id': '40a509d3-58cd-504c-a8ad-2117541e458d', 'type': 'Polypropylene Terephthalate', 'properties': ['High strength', 'Lightweight', 'Good thermal stability', 'Chemical resistance'], 'applications': ['Bottles', 'Food packaging', 'Textiles', 'Automotive parts'], 'environmental_impact': "PPTV20 is not biodegradable and may contribute to plastic pollution, but it's recyclable under specific conditions.", 'recycling_potential': 'PPTV20 can be recycled through mechanical recycling or chemical recycling methods.', 'regional_relevance': None, 'created_at': '2025-05-21T12:15:55.560359', 'similarity_score': 0.815991222858429}}
2025-05-21 16:28:26,466 INFO Crew instance created
2025-05-21 16:28:40,418 INFO Crew execution completed with result: input_summary={'brand': 'Not specified, but targeting the sustainable fashion or materials industry', 'plastic': 'Type and key property not specified, but implies use of eco-friendly or recycled materials'} top_collaborating_brands=[CollaborationRecommendation(name='Everlane', industry='Sustainable Clothing', rationale='Everlane focuses on ethical production and uses sustainable materials. They align well with brands aiming for better environmental practices.', product_concept='A limited edition clothing line made from recycled plastic materials, emphasizing transparency and sustainable sourcing.'), CollaborationRecommendation(name='Patagonia', industry='Outdoor Apparel', rationale='Patagonia is well-known for its commitment to sustainability and could utilize recycled plastics in their product offerings.', product_concept='Outdoor gear designed for conservation efforts, integrating recycled plastics to raise awareness about plastic pollution.'), CollaborationRecommendation(name='Toms', industry='Footwear', rationale='Toms has sustainability goals and a history of using eco-friendly materials, making them a good match for plastic repurposing initiatives.', product_concept='A special line of shoes made from recycled ocean plastics, with proceeds funding ocean cleanup programs.'), CollaborationRecommendation(name="Rothy's", industry='Footwear', rationale="Rothy's specializes in shoes made from recycled materials, aligning perfectly with the concept of using sustainable plastics.", product_concept='A co-branded collection of shoes that directly communicate the importance of recycling and reducing plastic waste.'), CollaborationRecommendation(name='Allbirds', industry='Sustainable Footwear', rationale='Allbirds promotes natural materials and sustainable practices, making them a strong candidate for collaboration on footwear made from recycled plastics.', product_concept='A line of shoes using ocean-recovered plastics, promoting environmental awareness in a stylish way.')]
2025-05-21 16:41:36,413 INFO Creating Sustainability Brand Researcher agent
2025-05-21 16:41:36,417 INFO Creating Plastic analyst agent
2025-05-21 16:41:36,441 INFO id='40c4e178-1a4c-4e02-80c0-f9f044b206b4' brand_name='BMW' plastic_type='PP' location='Munich' brand_results={} plastic_results={} collab_results={} combined_results={} brand_research_needed=False plastic_research_needed=False brand_research_complete=False plastic_research_complete=False brand_saved_to_db=False plastic_saved_to_db=False
2025-05-21 16:41:42,828 INFO Starting crew kickoff with input: {'brand_data': {'id': 3, 'brand_id': '3208ed61-6a18-539c-9e35-ed27cfe1d9d7', 'name': 'BMW', 'industry': 'Automotive', 'main_products': ['Luxury Vehicles', 'Electric Vehicles', 'Motorcycles'], 'sustainability_initiatives': ['Using ocean plastics for vehicle trim components', 'Aiming for 100% recyclable vehicles by 2030', 'Increasing recycled materials in production to 40% by 2030', 'CO2 emissions reduction projects', 'Sustainable logistics to minimize plastic waste'], 'plastic_materials_used': ['Ocean plastics', 'Thermoplastics with recycled content'], 'past_collaborations': [], 'operational_regions': ['Germany', 'China', 'United States', 'Europe'], 'created_at': '2025-05-21T11:06:50.870314', 'similarity_score': 0.8456289768218994}, 'plastic_data': {'id': 22, 'plastic_id': '40a509d3-58cd-504c-a8ad-2117541e458d', 'type': 'Polypropylene Terephthalate', 'properties': ['High strength', 'Lightweight', 'Good thermal stability', 'Chemical resistance'], 'applications': ['Bottles', 'Food packaging', 'Textiles', 'Automotive parts'], 'environmental_impact': "PPTV20 is not biodegradable and may contribute to plastic pollution, but it's recyclable under specific conditions.", 'recycling_potential': 'PPTV20 can be recycled through mechanical recycling or chemical recycling methods.', 'regional_relevance': None, 'created_at': '2025-05-21T12:15:55.560359', 'similarity_score': 0.815991222858429}}
2025-05-21 16:41:42,831 INFO Crew instance created
2025-05-21 16:41:52,442 INFO Crew execution completed with result: input_summary={'brand': 'Various sustainable brands from fashion and beauty industry', 'plastic': 'Recyclable PET plastic known for its strength and lightweight properties'} top_collaborating_brands=[CollaborationRecommendation(name='Patagonia', industry='Outdoor Apparel', rationale='Patagonia focuses on environmentally friendly materials and is known for its recycling initiatives, potentially leveraging recyclable plastics in their product lines.', product_concept='A special line of outdoor gear made from 100% recycled PET plastics.'), CollaborationRecommendation(name='Toms', industry='Footwear', rationale='Toms has a strong commitment to sustainability and social responsibility, and could use recyclable plastics in their shoes.', product_concept='Shoes designed using recycled PET materials, with a portion of proceeds going to plastic cleanup initiatives.'), CollaborationRecommendation(name='Method', industry='Household Cleaning Products', rationale='Method is known for using recycled materials in its packaging, making it a good match for brands that wish to incorporate recyclable plastics.', product_concept='Collaboration on eco-friendly cleaning product containers made from recycled plastics.'), CollaborationRecommendation(name='Allbirds', industry='Sustainable Footwear', rationale='Allbirds emphasizes sustainable materials, possibly using recycled plastics in their products enhances brand alignment.', product_concept='A limited edition shoe line made from recycled PET plastics, marketed towards eco-conscious consumers.'), CollaborationRecommendation(name='Nuun', industry='Hydration Tablets', rationale='Nuun’s packaging focuses on sustainability and could greatly benefit from incorporating recyclable materials.', product_concept='Hydration packaging made from recycled PET, promoting a message of clean hydration and eco-awareness.')]
2025-05-21 16:42:55,481 INFO Creating Sustainability Brand Researcher agent
2025-05-21 16:42:55,487 INFO Creating Plastic analyst agent
2025-05-21 16:42:55,522 INFO id='66e9b710-4f3f-426a-ad52-f3487aa4e11a' brand_name='Royal Royce' plastic_type='PP' location='Munich' brand_results={} plastic_results={} collab_results={} combined_results={} brand_research_needed=False plastic_research_needed=False brand_research_complete=False plastic_research_complete=False brand_saved_to_db=False plastic_saved_to_db=False
2025-05-21 16:43:00,730 INFO Starting BrandAnalystCrew with input: {'brand': 'Royal Royce', 'location': 'Munich'}
2025-05-21 16:43:00,731 INFO Creating analyze_target_brand task
2025-05-21 16:43:00,732 INFO Crew instance created
2025-05-21 16:43:07,472 INFO Crew execution completed with result: brand_id=None name='Rolls-Royce' industry='Automotive and Aerospace' main_products=['Aero Engines', 'Luxury Vehicles'] sustainability_initiatives=['Commitment to reaching net zero by 2050', 'Net zero carbon in operations by 2030', 'Partnership with Goodwood Estate for environmental projects'] plastic_materials_used=['HDPE', 'PET bottles'] past_collaborations=['Goodwood Estate for wildlife projects', 'Projects involving recycling used PET bottles in Thailand'] operational_regions=['Global', 'United Kingdom', 'Thailand']
2025-05-21 16:43:07,475 INFO Starting BrandAnalystCrew with input: {'brand': 'Royal Royce', 'location': 'Munich'}
2025-05-21 16:43:07,475 INFO Crew instance created
2025-05-21 16:43:10,851 INFO Crew execution completed with result: brand_id=None name='Rolls-Royce' industry='Automotive & Aerospace' main_products=['Aero engines', 'Luxury cars', 'Defense systems'] sustainability_initiatives=['Commitment to net zero by 2050', 'Reduction of greenhouse gas emissions by 46% by 2030', 'Partnership with Goodwood Estate for sustainability projects'] plastic_materials_used=['HDPE', 'PET'] past_collaborations=['Goodwood Estate partnership'] operational_regions=['Global', 'United Kingdom', 'Thailand']
2025-05-21 16:43:10,854 INFO Starting BrandAnalystCrew with input: {'brand': 'Royal Royce', 'location': 'Munich'}
2025-05-21 16:43:10,854 INFO Crew instance created
2025-05-21 16:43:14,535 INFO Crew execution completed with result: brand_id=None name='Rolls-Royce' industry='Automotive, Aerospace' main_products=['Luxury automobiles', 'Aero engines', 'Power systems'] sustainability_initiatives=['Commitment to reaching net zero by 2050', 'Net zero carbon in operations by 2030', 'Various sustainability partnerships including with Goodwood Estate'] plastic_materials_used=['HDPE'] past_collaborations=['Goodwood Estate for environmental projects'] operational_regions=['Global operations']
2025-05-21 16:43:14,538 INFO Starting BrandAnalystCrew with input: {'brand': 'Royal Royce', 'location': 'Munich'}
2025-05-21 16:43:14,538 INFO Crew instance created
2025-05-21 16:43:18,981 INFO Crew execution completed with result: brand_id=None name='Rolls-Royce' industry='Aerospace and Automotive' main_products=['Aero Engines', 'Luxury Cars'] sustainability_initiatives=['Net zero by 2050', 'Carbon neutrality by 2030', 'Partnership with Goodwood Estate'] plastic_materials_used=['PET bottles', 'HDPE'] past_collaborations=['Goodwood Estate'] operational_regions=['Global', 'South Thailand']
2025-05-21 16:43:18,984 INFO Starting BrandAnalystCrew with input: {'brand': 'Royal Royce', 'location': 'Munich'}
2025-05-21 16:43:18,984 INFO Crew instance created
2025-05-21 16:44:54,557 INFO Creating Sustainability Brand Researcher agent
2025-05-21 16:44:54,560 INFO Creating Plastic analyst agent
2025-05-21 16:44:54,580 INFO id='ad0ade8c-d469-426e-a243-ffca25f90ffa' brand_name='Bentley' plastic_type='PP' location='Munich' brand_results={} plastic_results={} collab_results={} combined_results={} brand_research_needed=False plastic_research_needed=False brand_research_complete=False plastic_research_complete=False brand_saved_to_db=False plastic_saved_to_db=False
2025-05-21 16:45:00,865 INFO Starting BrandAnalystCrew with input: {'brand': 'Bentley', 'location': 'Munich'}
2025-05-21 16:45:00,865 INFO Creating analyze_target_brand task
2025-05-21 16:45:00,867 INFO Crew instance created
2025-05-21 16:45:05,849 INFO Crew execution completed with result: brand_id=None name='Bentley' industry='Automotive' main_products=['Luxury Cars'] sustainability_initiatives=['Going carbon-neutral by 2030', 'Achieving Net Zero Plastic to Nature status', 'Implementing a Sustainable Plastic Management System'] plastic_materials_used=['Recycled plastics', 'Various sustainable plastics'] past_collaborations=['South Pole for plastic stewardship', 'Environmental Foundation for river clean-ups in Thailand'] operational_regions=['Crewe, England']
2025-05-21 16:45:05,852 INFO Inside Router after research: {'brand_id': None, 'name': 'Bentley', 'industry': 'Automotive', 'main_products': ['Luxury Cars'], 'sustainability_initiatives': ['Going carbon-neutral by 2030', 'Achieving Net Zero Plastic to Nature status', 'Implementing a Sustainable Plastic Management System'], 'plastic_materials_used': ['Recycled plastics', 'Various sustainable plastics'], 'past_collaborations': ['South Pole for plastic stewardship', 'Environmental Foundation for river clean-ups in Thailand'], 'operational_regions': ['Crewe, England']}
2025-05-21 16:45:05,853 INFO Storing Brand Info After research: {'brand_id': None, 'name': 'Bentley', 'industry': 'Automotive', 'main_products': ['Luxury Cars'], 'sustainability_initiatives': ['Going carbon-neutral by 2030', 'Achieving Net Zero Plastic to Nature status', 'Implementing a Sustainable Plastic Management System'], 'plastic_materials_used': ['Recycled plastics', 'Various sustainable plastics'], 'past_collaborations': ['South Pole for plastic stewardship', 'Environmental Foundation for river clean-ups in Thailand'], 'operational_regions': ['Crewe, England']}
2025-05-21 16:45:05,987 ERROR Error saving brand to DB: object str can't be used in 'await' expression
2025-05-21 16:45:05,990 INFO Starting crew kickoff with input: {'brand_data': {'brand_id': None, 'name': 'Bentley', 'industry': 'Automotive', 'main_products': ['Luxury Cars'], 'sustainability_initiatives': ['Going carbon-neutral by 2030', 'Achieving Net Zero Plastic to Nature status', 'Implementing a Sustainable Plastic Management System'], 'plastic_materials_used': ['Recycled plastics', 'Various sustainable plastics'], 'past_collaborations': ['South Pole for plastic stewardship', 'Environmental Foundation for river clean-ups in Thailand'], 'operational_regions': ['Crewe, England']}, 'plastic_data': {'id': 22, 'plastic_id': '40a509d3-58cd-504c-a8ad-2117541e458d', 'type': 'Polypropylene Terephthalate', 'properties': ['High strength', 'Lightweight', 'Good thermal stability', 'Chemical resistance'], 'applications': ['Bottles', 'Food packaging', 'Textiles', 'Automotive parts'], 'environmental_impact': "PPTV20 is not biodegradable and may contribute to plastic pollution, but it's recyclable under specific conditions.", 'recycling_potential': 'PPTV20 can be recycled through mechanical recycling or chemical recycling methods.', 'regional_relevance': None, 'created_at': '2025-05-21T12:15:55.560359', 'similarity_score': 0.815991222858429}}
2025-05-21 16:45:05,991 INFO Crew instance created
2025-05-21 16:45:15,427 INFO Crew execution completed with result: input_summary={'brand': 'Eco-friendly packaging brand - sustainable packaging', 'plastic': 'Biodegradable plastic - compostable property'} top_collaborating_brands=[CollaborationRecommendation(name='Universal Biopack', industry='Food Packaging', rationale='Universal Biopack specializes in producing bamboo and cassava-based biodegradable packaging, aligning perfectly with the sustainable goals of using compostable materials.', product_concept='Collaborate on a line of fully compostable takeaway containers for restaurants.'), CollaborationRecommendation(name='PaperFoam', industry='Eco-friendly packaging', rationale='PaperFoam focuses on creating biodegradable products and shares a commitment to reducing plastic waste through their innovative materials.', product_concept='Develop eco-friendly packaging solutions designed for e-commerce that use biodegradable foams.'), CollaborationRecommendation(name='Notpla', industry='Sustainable food packaging', rationale='Notpla uses seaweed and other natural materials for their packaging, making them an ideal partner to promote biodegradable options.', product_concept='Jointly create a range of single-use food containers that decompose in home compost systems.'), CollaborationRecommendation(name='Kraft Heinz', industry='Consumer Goods', rationale='Kraft Heinz is heavily invested in increasing recycled content in packaging and would benefit from a partnership focusing on biodegradable solutions.', product_concept='Introduce new ranges of condiments in biodegradable pouches that provide convenience without the plastic waste.'), CollaborationRecommendation(name='Patagonia', industry='Outdoor Apparel', rationale='Patagonia has a strong environmental ethos and commitment to sustainable practices, including reducing plastic usage.', product_concept='Design a collection of outdoor gear and apparel with packaging that incorporates innovative biodegradable materials.')]
2025-05-21 16:46:38,234 INFO Creating Sustainability Brand Researcher agent
2025-05-21 16:46:38,237 INFO Creating Plastic analyst agent
2025-05-21 16:46:38,258 INFO id='f66ba72d-c285-4405-b1bf-835a8f138b32' brand_name='BMW' plastic_type='PET' location='Munich' brand_results={} plastic_results={} collab_results={} combined_results={} brand_research_needed=False plastic_research_needed=False brand_research_complete=False plastic_research_complete=False brand_saved_to_db=False plastic_saved_to_db=False
2025-05-21 16:46:44,262 INFO Starting crew kickoff with input: {'plastic_type': 'PET', 'location': 'Munich'}
2025-05-21 16:46:44,262 INFO Creating analyze plastic material task
2025-05-21 16:46:44,265 INFO Crew instance created
2025-05-21 16:46:52,222 INFO Crew execution completed with result: plastic_id=None type='Polyethylene Terephthalate (PET)' properties=['Good mechanical properties', 'Resistance to impact', 'High tensile strength', 'Stable chemical structure'] applications=['Beverage bottles', 'Food packaging', 'Textiles (e.g., polyester fibers)', 'Thermal insulation'] environmental_impact='PET is not biodegradable and can contribute to pollution. Its production and disposal can release harmful chemicals into the environment, affecting ecosystems and human health.' recycling_potential='PET is one of the most widely recycled plastics; it can be nearly infinitely recycled, which helps reduce the need for virgin materials and lowers greenhouse gas emissions by up to 90%.' regional_relevance=None
2025-05-21 16:46:52,225 INFO Inside Router after plastic research: {'plastic_id': None, 'type': 'Polyethylene Terephthalate (PET)', 'properties': ['Good mechanical properties', 'Resistance to impact', 'High tensile strength', 'Stable chemical structure'], 'applications': ['Beverage bottles', 'Food packaging', 'Textiles (e.g., polyester fibers)', 'Thermal insulation'], 'environmental_impact': 'PET is not biodegradable and can contribute to pollution. Its production and disposal can release harmful chemicals into the environment, affecting ecosystems and human health.', 'recycling_potential': 'PET is one of the most widely recycled plastics; it can be nearly infinitely recycled, which helps reduce the need for virgin materials and lowers greenhouse gas emissions by up to 90%.', 'regional_relevance': None}
2025-05-21 16:46:52,226 INFO Storing Plastic Info After research: {'plastic_id': None, 'type': 'Polyethylene Terephthalate (PET)', 'properties': ['Good mechanical properties', 'Resistance to impact', 'High tensile strength', 'Stable chemical structure'], 'applications': ['Beverage bottles', 'Food packaging', 'Textiles (e.g., polyester fibers)', 'Thermal insulation'], 'environmental_impact': 'PET is not biodegradable and can contribute to pollution. Its production and disposal can release harmful chemicals into the environment, affecting ecosystems and human health.', 'recycling_potential': 'PET is one of the most widely recycled plastics; it can be nearly infinitely recycled, which helps reduce the need for virgin materials and lowers greenhouse gas emissions by up to 90%.', 'regional_relevance': None}
2025-05-21 16:46:52,384 INFO Starting crew kickoff with input: {'brand_data': {'id': 3, 'brand_id': '3208ed61-6a18-539c-9e35-ed27cfe1d9d7', 'name': 'BMW', 'industry': 'Automotive', 'main_products': ['Luxury Vehicles', 'Electric Vehicles', 'Motorcycles'], 'sustainability_initiatives': ['Using ocean plastics for vehicle trim components', 'Aiming for 100% recyclable vehicles by 2030', 'Increasing recycled materials in production to 40% by 2030', 'CO2 emissions reduction projects', 'Sustainable logistics to minimize plastic waste'], 'plastic_materials_used': ['Ocean plastics', 'Thermoplastics with recycled content'], 'past_collaborations': [], 'operational_regions': ['Germany', 'China', 'United States', 'Europe'], 'created_at': '2025-05-21T11:06:50.870314', 'similarity_score': 0.8456289768218994}, 'plastic_data': {'plastic_id': None, 'type': 'Polyethylene Terephthalate (PET)', 'properties': ['Good mechanical properties', 'Resistance to impact', 'High tensile strength', 'Stable chemical structure'], 'applications': ['Beverage bottles', 'Food packaging', 'Textiles (e.g., polyester fibers)', 'Thermal insulation'], 'environmental_impact': 'PET is not biodegradable and can contribute to pollution. Its production and disposal can release harmful chemicals into the environment, affecting ecosystems and human health.', 'recycling_potential': 'PET is one of the most widely recycled plastics; it can be nearly infinitely recycled, which helps reduce the need for virgin materials and lowers greenhouse gas emissions by up to 90%.', 'regional_relevance': None}}
2025-05-21 16:46:52,406 INFO Crew instance created
2025-05-21 16:47:01,258 INFO Crew execution completed with result: input_summary={'brand': 'EcoEnclose, Sustainable Packaging', 'plastic': 'PLA, biodegradable'} top_collaborating_brands=[CollaborationRecommendation(name='Noissue', industry='Sustainable Packaging', rationale="Noissue specializes in custom sustainable packaging solutions, aligning well with EcoEnclose's mission. They can create branded eco-friendly packaging using biodegradable materials.", product_concept='Co-branded packaging using compostable materials for e-commerce shipping.'), CollaborationRecommendation(name='Better Packaging', industry='Eco-Friendly Packaging', rationale="Better Packaging offers compostable satchels, complementing EcoEnclose's product line. They share a commitment to reducing plastic waste.", product_concept='Jointly developed completely compostable shipping bags.'), CollaborationRecommendation(name='EcoPackables', industry='Sustainable Apparel Packaging', rationale="EcoPackables focuses on eco-friendly and biodegradable packaging for the apparel industry, which could use EcoEnclose's standards for sustainability.", product_concept='Sustainable garment bags for fashion brands using PLA.'), CollaborationRecommendation(name='Alima Pure', industry='Natural Cosmetics', rationale='Alima Pure integrates sustainable packaging in cosmetics, making them a suitable partner for EcoEnclose to explore biodegradable cosmetics packaging solutions.', product_concept='Limited edition cosmetic packaging using eco-friendly materials.'), CollaborationRecommendation(name='Good Natured Products', industry='Plant-Based Packaging', rationale="Good Natured is focused on plant-based and biodegradable options, offering a synergy with EcoEnclose's biodegradable packaging efforts.", product_concept='Plant-based shipping solutions for perishable goods.')]
2025-05-21 17:01:28,134 INFO Creating Sustainability Brand Researcher agent
2025-05-21 17:01:28,138 INFO Creating Plastic analyst agent
2025-05-21 17:01:28,162 INFO id='99173952-b17f-4579-98d1-09856db0ab6a' brand_name='Royal Royce' plastic_type='Polyurethane (PUR)' location='Munich' brand_results={} plastic_results={} collab_results={} combined_results={} brand_research_needed=False plastic_research_needed=False brand_research_complete=False plastic_research_complete=False brand_saved_to_db=False plastic_saved_to_db=False
2025-05-21 17:01:34,941 INFO Starting BrandAnalystCrew with input: {'brand': 'Royal Royce', 'location': 'Munich'}
2025-05-21 17:01:34,942 INFO Creating analyze_target_brand task
2025-05-21 17:01:34,945 INFO Crew instance created
2025-05-21 17:01:40,345 INFO Crew execution completed with result: brand_id=None name='Rolls-Royce' industry='Automotive and Aerospace' main_products=['Aero engines', 'Luxury vehicles'] sustainability_initiatives=['Net zero by 2050', 'Reduction of greenhouse gas emissions by 46% by 2030'] plastic_materials_used=['HDPE', 'PET'] past_collaborations=['Partnership with Goodwood Estate for wildlife projects'] operational_regions=['Global', 'UK', 'South Thailand']
2025-05-21 17:01:40,348 INFO Inside Router after research: {'brand_id': None, 'name': 'Rolls-Royce', 'industry': 'Automotive and Aerospace', 'main_products': ['Aero engines', 'Luxury vehicles'], 'sustainability_initiatives': ['Net zero by 2050', 'Reduction of greenhouse gas emissions by 46% by 2030'], 'plastic_materials_used': ['HDPE', 'PET'], 'past_collaborations': ['Partnership with Goodwood Estate for wildlife projects'], 'operational_regions': ['Global', 'UK', 'South Thailand']}
2025-05-21 17:01:40,349 INFO Storing Brand Info After research: {'brand_id': None, 'name': 'Rolls-Royce', 'industry': 'Automotive and Aerospace', 'main_products': ['Aero engines', 'Luxury vehicles'], 'sustainability_initiatives': ['Net zero by 2050', 'Reduction of greenhouse gas emissions by 46% by 2030'], 'plastic_materials_used': ['HDPE', 'PET'], 'past_collaborations': ['Partnership with Goodwood Estate for wildlife projects'], 'operational_regions': ['Global', 'UK', 'South Thailand']}
2025-05-21 17:01:40,494 ERROR Error saving brand to DB: object str can't be used in 'await' expression
2025-05-21 17:01:40,497 INFO Starting crew kickoff with input: {'plastic_type': 'Polyurethane (PUR)', 'location': 'Munich'}
2025-05-21 17:01:40,497 INFO Creating analyze plastic material task
2025-05-21 17:01:40,499 INFO Crew instance created
2025-05-21 17:01:46,198 INFO Crew execution completed with result: plastic_id=None type='Polyurethane (PUR)' properties=['Versatile material with varying hardness and flexibility', 'Good chemical resistance', 'Excellent thermal insulation properties', 'Can be rigid or flexible depending on formulation'] applications=['Foam for furniture and bedding', 'Insulation material in buildings and appliances', 'Automotive components', 'Coatings, adhesives, and sealants'] environmental_impact='Polyurethanes have limited biodegradability and can contribute to long-term environmental pollution. However, they emit low amounts of CO2 during production, which reduces overall environmental impact.' recycling_potential='Recyclable through mechanical methods and chemical processes like depolymerization. Recycled PU can be repurposed in various applications, reducing waste.' regional_relevance=None
2025-05-21 17:01:46,202 INFO Inside Router after plastic research: {'plastic_id': None, 'type': 'Polyurethane (PUR)', 'properties': ['Versatile material with varying hardness and flexibility', 'Good chemical resistance', 'Excellent thermal insulation properties', 'Can be rigid or flexible depending on formulation'], 'applications': ['Foam for furniture and bedding', 'Insulation material in buildings and appliances', 'Automotive components', 'Coatings, adhesives, and sealants'], 'environmental_impact': 'Polyurethanes have limited biodegradability and can contribute to long-term environmental pollution. However, they emit low amounts of CO2 during production, which reduces overall environmental impact.', 'recycling_potential': 'Recyclable through mechanical methods and chemical processes like depolymerization. Recycled PU can be repurposed in various applications, reducing waste.', 'regional_relevance': None}
2025-05-21 17:01:46,202 INFO Storing Plastic Info After research: {'plastic_id': None, 'type': 'Polyurethane (PUR)', 'properties': ['Versatile material with varying hardness and flexibility', 'Good chemical resistance', 'Excellent thermal insulation properties', 'Can be rigid or flexible depending on formulation'], 'applications': ['Foam for furniture and bedding', 'Insulation material in buildings and appliances', 'Automotive components', 'Coatings, adhesives, and sealants'], 'environmental_impact': 'Polyurethanes have limited biodegradability and can contribute to long-term environmental pollution. However, they emit low amounts of CO2 during production, which reduces overall environmental impact.', 'recycling_potential': 'Recyclable through mechanical methods and chemical processes like depolymerization. Recycled PU can be repurposed in various applications, reducing waste.', 'regional_relevance': None}
2025-05-21 17:01:46,363 INFO Starting crew kickoff with input: {'brand_data': {'brand_id': None, 'name': 'Rolls-Royce', 'industry': 'Automotive and Aerospace', 'main_products': ['Aero engines', 'Luxury vehicles'], 'sustainability_initiatives': ['Net zero by 2050', 'Reduction of greenhouse gas emissions by 46% by 2030'], 'plastic_materials_used': ['HDPE', 'PET'], 'past_collaborations': ['Partnership with Goodwood Estate for wildlife projects'], 'operational_regions': ['Global', 'UK', 'South Thailand']}, 'plastic_data': {'plastic_id': None, 'type': 'Polyurethane (PUR)', 'properties': ['Versatile material with varying hardness and flexibility', 'Good chemical resistance', 'Excellent thermal insulation properties', 'Can be rigid or flexible depending on formulation'], 'applications': ['Foam for furniture and bedding', 'Insulation material in buildings and appliances', 'Automotive components', 'Coatings, adhesives, and sealants'], 'environmental_impact': 'Polyurethanes have limited biodegradability and can contribute to long-term environmental pollution. However, they emit low amounts of CO2 during production, which reduces overall environmental impact.', 'recycling_potential': 'Recyclable through mechanical methods and chemical processes like depolymerization. Recycled PU can be repurposed in various applications, reducing waste.', 'regional_relevance': None}}
2025-05-21 17:01:46,364 INFO Crew instance created
2025-05-21 17:01:58,755 INFO Crew execution completed with result: input_summary={'brand': 'Nike, Athletic Apparel', 'plastic': 'Recycled polyester, lightweight'} top_collaborating_brands=[CollaborationRecommendation(name='Lego', industry='Toys', rationale='Both brands emphasize creativity and active lifestyle, leveraging youth culture and innovation. This collaboration can tap into nostalgia while promoting sustainability.', product_concept='Limited edition athletic gear made from recycled polyester and Lego bricks, allowing kids to customize their gear with attachable Lego pieces that tell their personal stories.'), CollaborationRecommendation(name='Apple', industry='Technology', rationale='Nike and Apple both prioritize innovation and performance enhancement. Their technologies inspire an active lifestyle, making them a powerful partnership for eco-conscious consumers.', product_concept="Smart running shoes with integrated health tracking using recycled plastics, equipped with an app feature that connects runners' goals to sustainable achievements."), CollaborationRecommendation(name='Patagonia', industry='Outdoor Clothing', rationale='Both brands champion sustainability and environmental awareness. This collaboration would reinforce their shared commitment to protecting the planet while appealing to eco-minded consumers.', product_concept='A line of high-performance outdoor wear made from recycled polyester, featuring embedded QR codes that link to user stories and environmental impact metrics.'), CollaborationRecommendation(name='KitchenAid', industry='Home Appliances', rationale='This partnership transcends typical industry boundaries; both brands focus on craftsmanship. Incorporating food and fitness speaks to a lifestyle choice of health and sustainability.', product_concept='A limited-edition kitchen appliance set (blenders, mixers) made from recycled plastic that also comes with healthy recipe booklets featuring iconic athletes’ favorite meals.'), CollaborationRecommendation(name='Burton', industry='Outdoor Sports', rationale='Connecting snowboarding culture with active wear, this collaboration embodies adventure and lifestyle, appealing to young thrill-seekers and sustainability advocates.', product_concept='A line of snowboarding gear crafted from recycled plastics, featuring designs that incorporate elements from both brands’ identities, promoting eco-conscious winter sports.')]
2025-05-21 17:05:19,844 INFO Creating Sustainability Brand Researcher agent
2025-05-21 17:05:19,850 INFO Creating Plastic analyst agent
2025-05-21 17:05:19,880 INFO id='9126a179-97ae-4c0f-9add-e167aa982159' brand_name='KFC' plastic_type='Polyurethane (PUR)' location='Munich' brand_results={} plastic_results={} collab_results={} combined_results={} brand_research_needed=False plastic_research_needed=False brand_research_complete=False plastic_research_complete=False brand_saved_to_db=False plastic_saved_to_db=False
2025-05-21 17:05:25,070 INFO Starting BrandAnalystCrew with input: {'brand': 'KFC', 'location': 'Munich'}
2025-05-21 17:05:25,070 INFO Creating analyze_target_brand task
2025-05-21 17:05:25,072 INFO Crew instance created
2025-05-21 17:05:32,373 INFO Crew execution completed with result: brand_id=None name='KFC' industry='Fast Food' main_products=['Fried Chicken', 'Burgers', 'Sides'] sustainability_initiatives=['Aims to eliminate non-recoverable or non-reusable plastic packaging by 2025', 'Transitioned to bamboo containers replacing plastic', 'Uses PEFC certified packaging', 'Collects food waste for recycling', 'Converts used cooking oil into biodiesel'] plastic_materials_used=['Plastic packaging', 'Expanded polystyrene (Styrofoam)', 'Plastic cutlery', 'Plastic straws', 'Plastic stirrers'] past_collaborations=['Partnered with suppliers and franchisees for sustainable alternatives', 'Alliance in global pledge for eliminating non-reusable plastic-based packaging'] operational_regions=['Global', 'Austria', 'Canada']
2025-05-21 17:05:32,376 INFO Inside Router after research: {'brand_id': None, 'name': 'KFC', 'industry': 'Fast Food', 'main_products': ['Fried Chicken', 'Burgers', 'Sides'], 'sustainability_initiatives': ['Aims to eliminate non-recoverable or non-reusable plastic packaging by 2025', 'Transitioned to bamboo containers replacing plastic', 'Uses PEFC certified packaging', 'Collects food waste for recycling', 'Converts used cooking oil into biodiesel'], 'plastic_materials_used': ['Plastic packaging', 'Expanded polystyrene (Styrofoam)', 'Plastic cutlery', 'Plastic straws', 'Plastic stirrers'], 'past_collaborations': ['Partnered with suppliers and franchisees for sustainable alternatives', 'Alliance in global pledge for eliminating non-reusable plastic-based packaging'], 'operational_regions': ['Global', 'Austria', 'Canada']}
2025-05-21 17:05:32,377 INFO Storing Brand Info After research: {'brand_id': None, 'name': 'KFC', 'industry': 'Fast Food', 'main_products': ['Fried Chicken', 'Burgers', 'Sides'], 'sustainability_initiatives': ['Aims to eliminate non-recoverable or non-reusable plastic packaging by 2025', 'Transitioned to bamboo containers replacing plastic', 'Uses PEFC certified packaging', 'Collects food waste for recycling', 'Converts used cooking oil into biodiesel'], 'plastic_materials_used': ['Plastic packaging', 'Expanded polystyrene (Styrofoam)', 'Plastic cutlery', 'Plastic straws', 'Plastic stirrers'], 'past_collaborations': ['Partnered with suppliers and franchisees for sustainable alternatives', 'Alliance in global pledge for eliminating non-reusable plastic-based packaging'], 'operational_regions': ['Global', 'Austria', 'Canada']}
2025-05-21 17:05:32,547 ERROR Error saving brand to DB: object str can't be used in 'await' expression
2025-05-21 17:05:32,551 INFO Starting crew kickoff with input: {'plastic_type': 'Polyurethane (PUR)', 'location': 'Munich'}
2025-05-21 17:05:32,552 INFO Creating analyze plastic material task
2025-05-21 17:05:32,554 INFO Crew instance created
2025-05-21 17:05:38,493 INFO Crew execution completed with result: plastic_id=None type='Polyurethane (PUR)' properties=['Polyurethanes are versatile polymers with a wide range of mechanical properties.', 'They can be rigid or flexible depending on their formulation.', 'Common compounds used in their production include isocyanates and polyols.'] applications=['Foams in furniture, mattresses, and insulation.', 'Coatings and adhesives in construction and automotive industries.', 'High-performance elastomers in automotive and other applications.'] environmental_impact='Polyurethanes typically have a low biodegradability and can contribute to pollution if not properly managed. The manufacturing process can emit CO2, although advances have been made to reduce this impact.' recycling_potential='Polyurethanes can be recycled through both mechanical and chemical processes. Mechanical recycling involves grinding the material, whereas chemical recycling can convert it back to its monomeric components. However, the efficiency and accessibility of recycling systems remain limited.' regional_relevance=None
2025-05-21 17:05:38,497 INFO Inside Router after plastic research: {'plastic_id': None, 'type': 'Polyurethane (PUR)', 'properties': ['Polyurethanes are versatile polymers with a wide range of mechanical properties.', 'They can be rigid or flexible depending on their formulation.', 'Common compounds used in their production include isocyanates and polyols.'], 'applications': ['Foams in furniture, mattresses, and insulation.', 'Coatings and adhesives in construction and automotive industries.', 'High-performance elastomers in automotive and other applications.'], 'environmental_impact': 'Polyurethanes typically have a low biodegradability and can contribute to pollution if not properly managed. The manufacturing process can emit CO2, although advances have been made to reduce this impact.', 'recycling_potential': 'Polyurethanes can be recycled through both mechanical and chemical processes. Mechanical recycling involves grinding the material, whereas chemical recycling can convert it back to its monomeric components. However, the efficiency and accessibility of recycling systems remain limited.', 'regional_relevance': None}
2025-05-21 17:05:38,498 INFO Storing Plastic Info After research: {'plastic_id': None, 'type': 'Polyurethane (PUR)', 'properties': ['Polyurethanes are versatile polymers with a wide range of mechanical properties.', 'They can be rigid or flexible depending on their formulation.', 'Common compounds used in their production include isocyanates and polyols.'], 'applications': ['Foams in furniture, mattresses, and insulation.', 'Coatings and adhesives in construction and automotive industries.', 'High-performance elastomers in automotive and other applications.'], 'environmental_impact': 'Polyurethanes typically have a low biodegradability and can contribute to pollution if not properly managed. The manufacturing process can emit CO2, although advances have been made to reduce this impact.', 'recycling_potential': 'Polyurethanes can be recycled through both mechanical and chemical processes. Mechanical recycling involves grinding the material, whereas chemical recycling can convert it back to its monomeric components. However, the efficiency and accessibility of recycling systems remain limited.', 'regional_relevance': None}
2025-05-21 17:05:38,695 INFO Starting crew kickoff with input: {'brand_data': {'brand_id': None, 'name': 'KFC', 'industry': 'Fast Food', 'main_products': ['Fried Chicken', 'Burgers', 'Sides'], 'sustainability_initiatives': ['Aims to eliminate non-recoverable or non-reusable plastic packaging by 2025', 'Transitioned to bamboo containers replacing plastic', 'Uses PEFC certified packaging', 'Collects food waste for recycling', 'Converts used cooking oil into biodiesel'], 'plastic_materials_used': ['Plastic packaging', 'Expanded polystyrene (Styrofoam)', 'Plastic cutlery', 'Plastic straws', 'Plastic stirrers'], 'past_collaborations': ['Partnered with suppliers and franchisees for sustainable alternatives', 'Alliance in global pledge for eliminating non-reusable plastic-based packaging'], 'operational_regions': ['Global', 'Austria', 'Canada']}, 'plastic_data': {'plastic_id': None, 'type': 'Polyurethane (PUR)', 'properties': ['Polyurethanes are versatile polymers with a wide range of mechanical properties.', 'They can be rigid or flexible depending on their formulation.', 'Common compounds used in their production include isocyanates and polyols.'], 'applications': ['Foams in furniture, mattresses, and insulation.', 'Coatings and adhesives in construction and automotive industries.', 'High-performance elastomers in automotive and other applications.'], 'environmental_impact': 'Polyurethanes typically have a low biodegradability and can contribute to pollution if not properly managed. The manufacturing process can emit CO2, although advances have been made to reduce this impact.', 'recycling_potential': 'Polyurethanes can be recycled through both mechanical and chemical processes. Mechanical recycling involves grinding the material, whereas chemical recycling can convert it back to its monomeric components. However, the efficiency and accessibility of recycling systems remain limited.', 'regional_relevance': None}}
2025-05-21 17:05:38,697 INFO Crew instance created
2025-05-21 17:05:52,573 INFO Crew execution completed with result: input_summary={'brand': 'Plastic International Corp - Manufacturing', 'plastic': 'PET - Durable and recyclable'} top_collaborating_brands=[CollaborationRecommendation(name='Barbie', industry='Toys', rationale="Barbie embodies innovation and self-expression, appealing to a younger audience that values sustainability. A joint project with a plastic manufacturer could creatively reinterpret Barbie's impact on culture and play.", product_concept='Launch a limited-edition line of Barbie dolls where each doll represents a different profession in environmental stewardship, using recycled PET for their outfits. These dolls will come with an eco-friendly playset designed from upcycled materials.'), CollaborationRecommendation(name='IKEA', industry='Furniture', rationale='IKEA’s commitment to sustainability aligns with innovative materials. Collaborating with PET fosters designs that speak to modern minimalism and sustainability, appealing to eco-conscious consumers.', product_concept="Create a line of modular children's furniture made from recycled PET that encourages creativity, like customizable blocks that can be rearranged to form different shapes and structures, reinforcing play and learning together."), CollaborationRecommendation(name='Nike', industry='Athletic Apparel', rationale='Nike has a storied legacy in pushing for innovation and sustainable practices within sportswear. PET could inspire a fresh collection that challenges conventional athletic wear and resonates with eco-conscious athletes.', product_concept='Develop a line of high-performance running shoes with components made from upcycled PET, highlighting a ‘Run for Change’ campaign where proceeds go toward environmental initiatives, merging purpose with performance.'), CollaborationRecommendation(name='Fender', industry='Musical Instruments', rationale="Fender's iconic status in music and vibrant designs attract a creative crowd. By utilizing durable and recycled materials, this partnership can bridge music, style, and environmental consciousness.", product_concept='Produce a limited edition electric guitar line with body components crafted from recycled PET pellets, sparking a movement that promotes music with a message of sustainability while appealing to eco-conscious musicians.'), CollaborationRecommendation(name='Lego', industry='Toys', rationale="As a leader in play innovation, Lego promotes creativity in children. A collaboration with a plastics company can strengthen Lego's sustainability narrative while providing a fun product concept.", product_concept='Develop an eco-friendly set of Lego blocks made entirely from recycled PET, aimed at teaching children about recycling, craft, and building practical structures while fostering tactile and imaginative play.')]
2025-05-21 17:07:09,626 INFO Creating Sustainability Brand Researcher agent
2025-05-21 17:07:09,630 INFO Creating Plastic analyst agent
2025-05-21 17:07:09,658 INFO id='dcc29dba-f7ca-415c-a135-ca7910903d71' brand_name='BMW' plastic_type='PPTV20' location='Los Angeles' brand_results={} plastic_results={} collab_results={} combined_results={} brand_research_needed=False plastic_research_needed=False brand_research_complete=False plastic_research_complete=False brand_saved_to_db=False plastic_saved_to_db=False
2025-05-21 17:07:14,875 INFO Starting crew kickoff with input: {'brand_data': {'id': 3, 'brand_id': '3208ed61-6a18-539c-9e35-ed27cfe1d9d7', 'name': 'BMW', 'industry': 'Automotive', 'main_products': ['Luxury Vehicles', 'Electric Vehicles', 'Motorcycles'], 'sustainability_initiatives': ['Using ocean plastics for vehicle trim components', 'Aiming for 100% recyclable vehicles by 2030', 'Increasing recycled materials in production to 40% by 2030', 'CO2 emissions reduction projects', 'Sustainable logistics to minimize plastic waste'], 'plastic_materials_used': ['Ocean plastics', 'Thermoplastics with recycled content'], 'past_collaborations': [], 'operational_regions': ['Germany', 'China', 'United States', 'Europe'], 'created_at': '2025-05-21T11:06:50.870314', 'similarity_score': 0.8456289768218994}, 'plastic_data': {'id': 22, 'plastic_id': '40a509d3-58cd-504c-a8ad-2117541e458d', 'type': 'Polypropylene Terephthalate', 'properties': ['High strength', 'Lightweight', 'Good thermal stability', 'Chemical resistance'], 'applications': ['Bottles', 'Food packaging', 'Textiles', 'Automotive parts'], 'environmental_impact': "PPTV20 is not biodegradable and may contribute to plastic pollution, but it's recyclable under specific conditions.", 'recycling_potential': 'PPTV20 can be recycled through mechanical recycling or chemical recycling methods.', 'regional_relevance': None, 'created_at': '2025-05-21T12:15:55.560359', 'similarity_score': 0.8550062775611877}}
2025-05-21 17:07:14,878 INFO Crew instance created
2025-05-21 17:07:28,888 INFO Crew execution completed with result: input_summary={'brand': 'Patagonia - Outdoor Apparel', 'plastic': 'Recycled PET - lightweight and durable'} top_collaborating_brands=[CollaborationRecommendation(name='LEGO', industry='Toys', rationale='Both brands share a strong commitment to sustainability and innovation, making them well-aligned to inspire a new generation of eco-conscious consumers.', product_concept='LEGO blocks made from 100% recycled PET plastic, allowing children to creatively build sustainable worlds while understanding the importance of recycling.'), CollaborationRecommendation(name='Tesla', industry='Automotive', rationale="Tesla's innovative technology and Patagonia's environmental ethos can merge to redefine how consumers view sustainable innovation in lifestyle products.", product_concept='A limited edition, solar-powered outdoor charging station featuring parts made from recycled Tesla vehicle plastics, targeting outdoor enthusiasts who value energy sustainability.'), CollaborationRecommendation(name='Coca-Cola', industry='Beverages', rationale='Coca-Cola has made strides in sustainable beverage packaging, making it a fitting partner for Patagonia in a venture that promotes environmental responsibility.', product_concept='A co-branded line of stylish, reusable outdoor hydration packs made from upcycled PET bottles, encouraging people to reduce single-use plastic habits during outdoor activities.'), CollaborationRecommendation(name='Sony', industry='Technology', rationale="Sony's entertainment tech innovations and Patagonia's rugged outdoor spirit could create a unique blend of fun and functionality, appealing to adventure lovers.", product_concept='A portable, solar-powered Bluetooth speaker crafted from recycled materials that play ambient nature sounds, designed for outdoor use to enhance the connection with nature.'), CollaborationRecommendation(name='Airbnb', industry='Hospitality', rationale="Airbnb's focus on unique travel experiences and community wellness aligns well with Patagonia's values, presenting an opportunity to inspire responsible travel.", product_concept='Experience packages integrating eco-friendly stays with eco-clothing rental services made from recycled plastics, promoting sustainable tourism without compromising comfort or style.')]
2025-05-21 17:14:28,712 INFO Creating Sustainability Brand Researcher agent
2025-05-21 17:14:28,716 INFO Creating Plastic analyst agent
2025-05-21 17:14:28,742 INFO id='45a2df89-ccb4-402b-9faa-0e22a4963629' brand_name='BMW' plastic_type='PPTV20' location='Los Angeles' brand_results={} plastic_results={} collab_results={} combined_results={} brand_research_needed=False plastic_research_needed=False brand_research_complete=False plastic_research_complete=False brand_saved_to_db=False plastic_saved_to_db=False
2025-05-21 17:14:33,980 INFO Starting crew kickoff with input: {'brand_data': {'id': 3, 'brand_id': '3208ed61-6a18-539c-9e35-ed27cfe1d9d7', 'name': 'BMW', 'industry': 'Automotive', 'main_products': ['Luxury Vehicles', 'Electric Vehicles', 'Motorcycles'], 'sustainability_initiatives': ['Using ocean plastics for vehicle trim components', 'Aiming for 100% recyclable vehicles by 2030', 'Increasing recycled materials in production to 40% by 2030', 'CO2 emissions reduction projects', 'Sustainable logistics to minimize plastic waste'], 'plastic_materials_used': ['Ocean plastics', 'Thermoplastics with recycled content'], 'past_collaborations': [], 'operational_regions': ['Germany', 'China', 'United States', 'Europe'], 'created_at': '2025-05-21T11:06:50.870314', 'similarity_score': 0.8456289768218994}, 'plastic_data': {'id': 22, 'plastic_id': '40a509d3-58cd-504c-a8ad-2117541e458d', 'type': 'Polypropylene Terephthalate', 'properties': ['High strength', 'Lightweight', 'Good thermal stability', 'Chemical resistance'], 'applications': ['Bottles', 'Food packaging', 'Textiles', 'Automotive parts'], 'environmental_impact': "PPTV20 is not biodegradable and may contribute to plastic pollution, but it's recyclable under specific conditions.", 'recycling_potential': 'PPTV20 can be recycled through mechanical recycling or chemical recycling methods.', 'regional_relevance': None, 'created_at': '2025-05-21T12:15:55.560359', 'similarity_score': 0.8550062775611877}}
2025-05-21 17:14:33,982 INFO Crew instance created
2025-05-21 17:15:53,217 ERROR Error in plastic analysis kickoff: Failed to convert text into a Pydantic model due to error: 1 validation error for CollaborationOutput
input_summary
  Field required [type=missing, input_value={'top_collaborating_brand... interests into one.'}]}, input_type=dict]
    For further information visit https://errors.pydantic.dev/2.11/v/missing
2025-05-21 17:15:53,217 ERROR Error in collaboration: Failed to convert text into a Pydantic model due to error: 1 validation error for CollaborationOutput
input_summary
  Field required [type=missing, input_value={'top_collaborating_brand... interests into one.'}]}, input_type=dict]
    For further information visit https://errors.pydantic.dev/2.11/v/missing
2025-05-21 17:18:24,204 INFO Creating Sustainability Brand Researcher agent
2025-05-21 17:18:24,209 INFO Creating Plastic analyst agent
2025-05-21 17:18:24,240 INFO id='a9c4e259-be99-47bc-9b6d-44a0e05455fd' brand_name='Apple' plastic_type='PET' location='Los Angeles' brand_results={} plastic_results={} collab_results={} combined_results={} brand_research_needed=False plastic_research_needed=False brand_research_complete=False plastic_research_complete=False brand_saved_to_db=False plastic_saved_to_db=False
2025-05-21 17:18:29,418 INFO Starting BrandAnalystCrew with input: {'brand': 'Apple', 'location': 'Los Angeles'}
2025-05-21 17:18:29,418 INFO Creating analyze_target_brand task
2025-05-21 17:18:29,421 INFO Crew instance created
2025-05-21 17:18:35,835 INFO Crew execution completed with result: brand_id=None name='Apple' industry='Technology' main_products=['Smartphones', 'Tablets', 'Computers', 'Wearables'] sustainability_initiatives=['Carbon neutral across global corporate operations', 'Commitment to be carbon neutral in the manufacturing supply chain and product life cycle by 2030', 'Transition to 100% recycled materials for certain product components'] plastic_materials_used=['Plastic packaging', 'Plastics in supply chain operations'] past_collaborations=['Exponential Roadmap initiative', 'Partnerships with suppliers committed to renewable energy'] operational_regions=['Global', 'Manufacturing suppliers in multiple regions (China, India, etc.)']
2025-05-21 17:18:35,839 INFO Inside Router after research: {'brand_id': None, 'name': 'Apple', 'industry': 'Technology', 'main_products': ['Smartphones', 'Tablets', 'Computers', 'Wearables'], 'sustainability_initiatives': ['Carbon neutral across global corporate operations', 'Commitment to be carbon neutral in the manufacturing supply chain and product life cycle by 2030', 'Transition to 100% recycled materials for certain product components'], 'plastic_materials_used': ['Plastic packaging', 'Plastics in supply chain operations'], 'past_collaborations': ['Exponential Roadmap initiative', 'Partnerships with suppliers committed to renewable energy'], 'operational_regions': ['Global', 'Manufacturing suppliers in multiple regions (China, India, etc.)']}
2025-05-21 17:18:35,839 INFO Storing Brand Info After research: {'brand_id': None, 'name': 'Apple', 'industry': 'Technology', 'main_products': ['Smartphones', 'Tablets', 'Computers', 'Wearables'], 'sustainability_initiatives': ['Carbon neutral across global corporate operations', 'Commitment to be carbon neutral in the manufacturing supply chain and product life cycle by 2030', 'Transition to 100% recycled materials for certain product components'], 'plastic_materials_used': ['Plastic packaging', 'Plastics in supply chain operations'], 'past_collaborations': ['Exponential Roadmap initiative', 'Partnerships with suppliers committed to renewable energy'], 'operational_regions': ['Global', 'Manufacturing suppliers in multiple regions (China, India, etc.)']}
2025-05-21 17:18:36,005 ERROR Error saving brand to DB: object str can't be used in 'await' expression
2025-05-21 17:18:36,010 INFO Starting crew kickoff with input: {'brand_data': {'brand_id': None, 'name': 'Apple', 'industry': 'Technology', 'main_products': ['Smartphones', 'Tablets', 'Computers', 'Wearables'], 'sustainability_initiatives': ['Carbon neutral across global corporate operations', 'Commitment to be carbon neutral in the manufacturing supply chain and product life cycle by 2030', 'Transition to 100% recycled materials for certain product components'], 'plastic_materials_used': ['Plastic packaging', 'Plastics in supply chain operations'], 'past_collaborations': ['Exponential Roadmap initiative', 'Partnerships with suppliers committed to renewable energy'], 'operational_regions': ['Global', 'Manufacturing suppliers in multiple regions (China, India, etc.)']}, 'plastic_data': {'id': 18, 'plastic_id': 'fc781d3e-c5d5-529d-a273-023c861db790', 'type': 'Polyethylene Terephthalate (PET)', 'properties': ['Good mechanical properties', 'Resistance to impact', 'High tensile strength', 'Stable chemical structure'], 'applications': ['Beverage bottles', 'Food packaging', 'Textiles (e.g., polyester fibers)', 'Thermal insulation'], 'environmental_impact': 'PET is not biodegradable and can contribute to pollution. Its production and disposal can release harmful chemicals into the environment, affecting ecosystems and human health.', 'recycling_potential': 'PET is one of the most widely recycled plastics; it can be nearly infinitely recycled, which helps reduce the need for virgin materials and lowers greenhouse gas emissions by up to 90%.', 'regional_relevance': None, 'created_at': '2025-05-21T11:47:02.205759', 'similarity_score': 0.8036322295665741}}
2025-05-21 17:18:36,012 INFO Crew instance created
2025-05-21 17:18:48,329 INFO Crew execution completed with result: input_summary={'brand': 'Nike, Sportswear', 'plastic': 'Recycled PET, lightweight and durable'} top_collaborating_brands=[CollaborationRecommendation(name='LEGO', industry='Toys', rationale="LEGO is all about creativity and building, resonating emotionally with both children and adults. Their commitment to innovation aligns well with Nike's drive for performance and design.", product_concept='A line of customizable sports gear for kids, made from recycled PET, featuring LEGO-inspired designs that can be altered using brick-like attachments, allowing kids to express their creativity on the field.'), CollaborationRecommendation(name='Kodak', industry='Photography', rationale="Kodak has a nostalgia factor paired with innovation in imagery. Collaborating with Nike can connect emotional memories of 'capturing moments' while engaging in sports.", product_concept='Nike-branded EcoLens camera devices, made from recycled PET, which allow athletes to capture and share their sporting achievements instantly, promoting a blend of active lifestyle and creativity in photography.'), CollaborationRecommendation(name='Patagonia', industry='Outdoor Apparel', rationale="Patagonia's deep-rooted sustainability ethos complements Nike's efforts in using sustainable materials, and they both target active consumers who care about the planet.", product_concept='Co-branded eco-friendly hiking gear that combines athletic functionality with outdoor adventure, sourced entirely from recycled materials, allowing consumers to explore nature responsibly.'), CollaborationRecommendation(name='Anker', industry='Tech/Accessories', rationale="Anker's focus on portable charging solutions resonates well with active and tech-savvy consumers. This collaboration can blend Nike's sports focus with technology.", product_concept="Sports-centric phone cases made from recycled PET that incorporate Anker's power banks for athletes on-the-go, allowing seamless charging while engaging in outdoor activities."), CollaborationRecommendation(name='Duolingo', industry='Education/Apps', rationale='Duolingo focuses on making learning engaging and accessible, while Nike promotes an active lifestyle. Together, they can inspire young consumers to learn while they play sports.', product_concept='A mobile app that rewards kids with Nike gear made from recycled PET. As they learn new languages through sports-related exercises, they earn points for exclusive, eco-friendly gear.')]
2025-05-22 15:32:48,336 INFO Creating Sustainability Brand Researcher agent
2025-05-22 15:32:48,343 INFO Creating Plastic analyst agent
2025-05-22 15:33:57,278 INFO Creating Sustainability Brand Researcher agent
2025-05-22 15:33:57,285 INFO Creating Plastic analyst agent
2025-05-22 15:33:57,335 INFO id='9237535e-98ac-40cc-8bb5-6ad805759c17' brand_name='BMW' plastic_type='PP' location='Munich' brand_results={} plastic_results={} collab_results={} combined_results={} brand_research_needed=False plastic_research_needed=False brand_research_complete=False plastic_research_complete=False brand_saved_to_db=False plastic_saved_to_db=False
2025-05-22 15:34:05,290 INFO Starting crew kickoff with input: {'brand_data': {'id': 3, 'brand_id': '3208ed61-6a18-539c-9e35-ed27cfe1d9d7', 'name': 'BMW', 'industry': 'Automotive', 'main_products': ['Luxury Vehicles', 'Electric Vehicles', 'Motorcycles'], 'sustainability_initiatives': ['Using ocean plastics for vehicle trim components', 'Aiming for 100% recyclable vehicles by 2030', 'Increasing recycled materials in production to 40% by 2030', 'CO2 emissions reduction projects', 'Sustainable logistics to minimize plastic waste'], 'plastic_materials_used': ['Ocean plastics', 'Thermoplastics with recycled content'], 'past_collaborations': [], 'operational_regions': ['Germany', 'China', 'United States', 'Europe'], 'created_at': '2025-05-21T11:06:50.870314', 'similarity_score': 0.8456289768218994}, 'plastic_data': {'id': 22, 'plastic_id': '40a509d3-58cd-504c-a8ad-2117541e458d', 'type': 'Polypropylene Terephthalate', 'properties': ['High strength', 'Lightweight', 'Good thermal stability', 'Chemical resistance'], 'applications': ['Bottles', 'Food packaging', 'Textiles', 'Automotive parts'], 'environmental_impact': "PPTV20 is not biodegradable and may contribute to plastic pollution, but it's recyclable under specific conditions.", 'recycling_potential': 'PPTV20 can be recycled through mechanical recycling or chemical recycling methods.', 'regional_relevance': None, 'created_at': '2025-05-21T12:15:55.560359', 'similarity_score': 0.815991222858429}}
2025-05-22 15:34:05,307 INFO Crew instance created
2025-05-22 15:34:16,682 INFO Crew execution completed with result: input_summary={'brand': 'Lego, Toy Industry', 'plastic': 'Recycled ABS, durable'} top_collaborating_brands=[CollaborationRecommendation(name='Patagonia', industry='Outdoor Apparel', rationale='Both brands emphasize creativity and sustainability; Lego focuses on imaginative play while Patagonia champions environmental responsibility, making them a strong emotional and ethical pairing.', product_concept='A line of upcycled Lego bricks that can be embedded in durable outdoor jackets, allowing children to personalize their outerwear with their creative designs, encouraging outdoor play.'), CollaborationRecommendation(name='Samsung', industry='Technology', rationale="Combining Lego's love for building with Samsung's tech innovation creates a unique opportunity to engage youth in STEAM education through playful learning.", product_concept='An interactive smart Lego block kit featuring educational programs that connect with a smartphone app for augmented reality experiences, with the blocks made from recycled plastic.'), CollaborationRecommendation(name='Moleskine', industry='Stationery', rationale='Both Lego and Moleskine play into the creativity and artistic expression of their consumers, making this collaboration a wonderful homage to creativity that extends beyond conventional toys.', product_concept='A special edition Moleskine notebook with Lego-compatible covers, allowing users to design their own covers using upcycled Lego pieces — a blend of creativity and notes.'), CollaborationRecommendation(name='Starbucks', industry='Food and Beverage', rationale='Starbucks and Lego share a commitment to create enriching experiences, whether in a café or through play, grounding their collaboration in emotional bonding around community moments.', product_concept='Collectible Lego coffee cups made from recycled materials that snap together to create unique play structures, fostering a fun experience while enjoying coffee at home or on-the-go.'), CollaborationRecommendation(name='LEGO', industry='Film', rationale='Both brands create imaginative worlds, inviting families to engage in storytelling and creativity. The focus on building narratives resonates well with both Lego and film audiences.', product_concept='An interactive LEGO film-making kit that uses animated scenes, with bricks made from recycled plastics to promote sustainability, allowing children to construct their own movie sets and narrative.')]
2025-05-22 15:34:30,947 INFO Creating Sustainability Brand Researcher agent
2025-05-22 15:34:30,954 INFO Creating Plastic analyst agent
2025-05-22 15:39:29,350 INFO Creating Sustainability Brand Researcher agent
2025-05-22 15:39:29,355 INFO Creating Plastic analyst agent
2025-05-22 15:39:29,378 INFO id='77bb70de-b6b1-456e-9b2c-8f334ea64aea' source_brand='BMW' source_plastic='PP' source_location='Munich' target_brand='Fiat' source_brand_results={} target_brand_results={} plastic_results={} product_ideas=[] product_pitches=[] product_images=[] source_brand_research_needed=False target_brand_research_needed=False source_brand_research_complete=False target_brand_research_complete=False plastic_research_needed=False plastic_research_complete=False collaboration_complete=False source_brand_saved_to_db=False target_brand_saved_to_db=False plastic_saved_to_db=False
2025-05-22 16:16:41,340 INFO Creating Sustainability Brand Researcher agent
2025-05-22 16:16:41,346 INFO Creating Plastic analyst agent
2025-05-22 16:16:41,370 INFO id='cf8bab78-507e-4b83-b712-cad1cb60dc79' brand_name='Logitech' plastic_type='PP' location='Munich' brand_results={} plastic_results={} collab_results={} combined_results={} brand_research_needed=False plastic_research_needed=False brand_research_complete=False plastic_research_complete=False brand_saved_to_db=False plastic_saved_to_db=False
2025-05-22 16:16:46,577 INFO Starting BrandAnalystCrew with input: {'brand': 'Logitech', 'location': 'Munich'}
2025-05-22 16:16:46,577 INFO Creating analyze_target_brand task
2025-05-22 16:16:46,580 INFO Crew instance created
2025-05-22 16:16:50,354 INFO Crew execution completed with result: brand_id=None name='Logitech' industry='Consumer Electronics' main_products=['Computer peripherals', 'Gaming accessories', 'Video collaboration devices'] sustainability_initiatives=['Using post-consumer recycled plastics', 'Development of new recycled plastic resins', 'Sustainable packaging initiatives'] plastic_materials_used=['Next-life plastics', 'Post-consumer recycled plastic'] past_collaborations=[] operational_regions=['China']
2025-05-22 16:16:50,357 INFO Inside Router after research: {'brand_id': None, 'name': 'Logitech', 'industry': 'Consumer Electronics', 'main_products': ['Computer peripherals', 'Gaming accessories', 'Video collaboration devices'], 'sustainability_initiatives': ['Using post-consumer recycled plastics', 'Development of new recycled plastic resins', 'Sustainable packaging initiatives'], 'plastic_materials_used': ['Next-life plastics', 'Post-consumer recycled plastic'], 'past_collaborations': [], 'operational_regions': ['China']}
2025-05-22 16:16:50,357 INFO Storing Brand Info After research: {'brand_id': None, 'name': 'Logitech', 'industry': 'Consumer Electronics', 'main_products': ['Computer peripherals', 'Gaming accessories', 'Video collaboration devices'], 'sustainability_initiatives': ['Using post-consumer recycled plastics', 'Development of new recycled plastic resins', 'Sustainable packaging initiatives'], 'plastic_materials_used': ['Next-life plastics', 'Post-consumer recycled plastic'], 'past_collaborations': [], 'operational_regions': ['China']}
2025-05-22 16:16:50,560 ERROR Error saving brand to DB: object str can't be used in 'await' expression
2025-05-22 16:16:50,563 INFO Starting crew kickoff with input: {'brand_data': {'brand_id': None, 'name': 'Logitech', 'industry': 'Consumer Electronics', 'main_products': ['Computer peripherals', 'Gaming accessories', 'Video collaboration devices'], 'sustainability_initiatives': ['Using post-consumer recycled plastics', 'Development of new recycled plastic resins', 'Sustainable packaging initiatives'], 'plastic_materials_used': ['Next-life plastics', 'Post-consumer recycled plastic'], 'past_collaborations': [], 'operational_regions': ['China']}, 'plastic_data': {'id': 22, 'plastic_id': '40a509d3-58cd-504c-a8ad-2117541e458d', 'type': 'Polypropylene Terephthalate', 'properties': ['High strength', 'Lightweight', 'Good thermal stability', 'Chemical resistance'], 'applications': ['Bottles', 'Food packaging', 'Textiles', 'Automotive parts'], 'environmental_impact': "PPTV20 is not biodegradable and may contribute to plastic pollution, but it's recyclable under specific conditions.", 'recycling_potential': 'PPTV20 can be recycled through mechanical recycling or chemical recycling methods.', 'regional_relevance': None, 'created_at': '2025-05-21T12:15:55.560359', 'similarity_score': 0.815991222858429}}
2025-05-22 16:16:50,565 INFO Crew instance created
2025-05-22 16:18:26,829 ERROR Error in plastic analysis kickoff: Failed to convert text into a Pydantic model due to error: 1 validation error for CollaborationOutput
input_summary
  Field required [type=missing, input_value={'top_collaborating_brand...ecyclable materials."}]}, input_type=dict]
    For further information visit https://errors.pydantic.dev/2.11/v/missing
2025-05-22 16:18:26,830 ERROR Error in collaboration: Failed to convert text into a Pydantic model due to error: 1 validation error for CollaborationOutput
input_summary
  Field required [type=missing, input_value={'top_collaborating_brand...ecyclable materials."}]}, input_type=dict]
    For further information visit https://errors.pydantic.dev/2.11/v/missing
2025-05-22 16:20:23,809 INFO Creating Sustainability Brand Researcher agent
2025-05-22 16:20:23,813 INFO Creating Plastic analyst agent
2025-05-22 16:20:23,835 INFO id='11bffd2e-0630-4ba6-baae-2733552448ff' brand_name='Logitech' plastic_type='PP' location='Munich' brand_results={} plastic_results={} collab_results={} combined_results={} brand_research_needed=False plastic_research_needed=False brand_research_complete=False plastic_research_complete=False brand_saved_to_db=False plastic_saved_to_db=False
2025-05-22 16:20:28,988 INFO Starting crew kickoff with input: {'brand_data': {'id': 13, 'brand_id': '65960bba-3019-5b07-b234-3f30fbc98736', 'name': 'Logitech', 'industry': 'Consumer Electronics', 'main_products': ['Computer peripherals', 'Gaming accessories', 'Video collaboration devices'], 'sustainability_initiatives': ['Using post-consumer recycled plastics', 'Development of new recycled plastic resins', 'Sustainable packaging initiatives'], 'plastic_materials_used': ['Next-life plastics', 'Post-consumer recycled plastic'], 'past_collaborations': [], 'operational_regions': ['China'], 'created_at': '2025-05-22T14:16:50.404481', 'similarity_score': 0.8246146738529205}, 'plastic_data': {'id': 22, 'plastic_id': '40a509d3-58cd-504c-a8ad-2117541e458d', 'type': 'Polypropylene Terephthalate', 'properties': ['High strength', 'Lightweight', 'Good thermal stability', 'Chemical resistance'], 'applications': ['Bottles', 'Food packaging', 'Textiles', 'Automotive parts'], 'environmental_impact': "PPTV20 is not biodegradable and may contribute to plastic pollution, but it's recyclable under specific conditions.", 'recycling_potential': 'PPTV20 can be recycled through mechanical recycling or chemical recycling methods.', 'regional_relevance': None, 'created_at': '2025-05-21T12:15:55.560359', 'similarity_score': 0.815991222858429}}
2025-05-22 16:20:28,990 INFO Crew instance created
2025-05-22 16:20:40,466 INFO Crew execution completed with result: input_summary={'brand': 'Nike - Sportswear', 'plastic': 'Recycled PET - Durable and lightweight'} top_collaborating_brands=[CollaborationRecommendation(name='LEGO', industry='Toys', rationale="LEGO embodies creativity and imagination, resonating with Nike's ethos of inspiring athleticism and self-expression. Both brands encourage playful innovation.", product_concept='A line of customizable sports shoes where the uppers are made from recycled PET plastic. The shoes will feature LEGO-compatible attachment points, allowing consumers to personalize them with colorful LEGO pieces.'), CollaborationRecommendation(name='GoPro', industry='Technology', rationale="GoPro's adventurous spirit aligns with Nike's focus on performance and exploration. This collaboration would meld cutting-edge technology with athleticism, aiming to inspire a new generation of adventurers.", product_concept='A rugged, water-resistant waist pack made from recycled PET plastic, equipped with a built-in slot for a GoPro camera. This product encourages users to capture their athletic adventures while promoting sustainable practices.'), CollaborationRecommendation(name='Patagonia', industry='Outdoor Apparel', rationale="Patagonia is known for its commitment to sustainability, paralleling Nike's own goals. This partnership promotes environmental consciousness blended with active living.", product_concept='A collaborative collection of outdoor gear and footwear made entirely from recycled materials, designed for athletes who are environmentally conscious, featuring messaging around adventure and conservancy.'), CollaborationRecommendation(name='IKEA', industry='Home Goods', rationale="IKEA's innovative approach to sustainability and functional design makes it a perfect match for Nike, aiming to reshape the home environment for athletes and enthusiasts.", product_concept='An ergonomic indoor training mat made from recycled PET plastic that doubles as a minimalist home decor item, promoting both fitness and aesthetics, with customizable designs that empower self-expression in home workout spaces.'), CollaborationRecommendation(name='Tranquillo', industry='Fashion', rationale="Tranquillo's emphasis on ethical fashion complements Nike's brand ethos of sustainability and active lifestyle, calling for a fresher approach to combining fashionable apparel with athletic wear.", product_concept='A capsule collection of activewear combining recycled PET plastic and organic cotton, designed to be fashionable yet functional, contributing to a stylish, eco-conscious lifestyle for modern athletes.')]
2025-05-22 18:37:30,552 INFO Creating Sustainability Brand Researcher agent
2025-05-22 18:37:30,556 INFO Creating Plastic analyst agent
2025-05-22 18:37:30,580 INFO id='0364a708-88b2-4198-9a6c-d57c8aa9f002' brand_name='Logitech' plastic_type='PP' location='Munich' brand_results={} plastic_results={} collab_results={} combined_results={} brand_research_needed=False plastic_research_needed=False brand_research_complete=False plastic_research_complete=False brand_saved_to_db=False plastic_saved_to_db=False
2025-05-22 18:37:36,884 INFO Starting crew kickoff with input: {'brand_data': {'id': 13, 'brand_id': '65960bba-3019-5b07-b234-3f30fbc98736', 'name': 'Logitech', 'industry': 'Consumer Electronics', 'main_products': ['Computer peripherals', 'Gaming accessories', 'Video collaboration devices'], 'sustainability_initiatives': ['Using post-consumer recycled plastics', 'Development of new recycled plastic resins', 'Sustainable packaging initiatives'], 'plastic_materials_used': ['Next-life plastics', 'Post-consumer recycled plastic'], 'past_collaborations': [], 'operational_regions': ['China'], 'created_at': '2025-05-22T14:16:50.404481', 'similarity_score': 0.8246146738529205}, 'plastic_data': {'id': 22, 'plastic_id': '40a509d3-58cd-504c-a8ad-2117541e458d', 'type': 'Polypropylene Terephthalate', 'properties': ['High strength', 'Lightweight', 'Good thermal stability', 'Chemical resistance'], 'applications': ['Bottles', 'Food packaging', 'Textiles', 'Automotive parts'], 'environmental_impact': "PPTV20 is not biodegradable and may contribute to plastic pollution, but it's recyclable under specific conditions.", 'recycling_potential': 'PPTV20 can be recycled through mechanical recycling or chemical recycling methods.', 'regional_relevance': None, 'created_at': '2025-05-21T12:15:55.560359', 'similarity_score': 0.815991222858429}}
2025-05-22 18:37:36,887 INFO Crew instance created
2025-05-22 18:37:50,881 INFO Crew execution completed with result: input_summary={'brand': 'Logitech, Consumer Electronics', 'plastic': 'Polypropylene Terephthalate, High strength'} top_collaborating_brands=[CollaborationRecommendation(name='LEGO', industry='Toys', rationale="LEGO is a beloved brand known for fostering creativity and building. Their focus on sustainability and the joy of shared experiences aligns perfectly with Logitech's dedication to innovation in technology and gaming.", product_concept="A customizable LEGO-powered gaming set featuring Logitech's gaming peripherals made from recycled polypropylene. Gamers can build their ideal gaming environment while accessing eco-friendly tech."), CollaborationRecommendation(name='Patagonia', industry='Outdoor Apparel', rationale='Patagonia is a leader in sustainable apparel and has a strong environmental ethos. Combining their commitment to sustainability with Logitech’s tech innovations could create a powerful narrative around outdoor adventure and tech.', product_concept='A line of rugged outdoor wear equipped with integrated Logitech tech devices (like solar-powered chargers) that use plastic waste, highlighting both outdoor exploration and tech resilience.'), CollaborationRecommendation(name='Fender', industry='Musical Instruments', rationale='Fender is an iconic music brand that resonates emotionally with creativity and self-expression. Merging music with tech could create new avenues for engaging customers.', product_concept='A series of musical instrument accessories crafted from recycled polypropylene, such as customizable guitar picks or innovative tech-enabled guitar stands that enhance the play experience.'), CollaborationRecommendation(name='Dr. Martens', industry='Footwear', rationale="Dr. Martens symbolizes rebellion and self-expression with a sustainable core that echoes Logitech's aim for using recycled materials, targeting a youth demographic that values individuality.", product_concept='A limited edition line of Dr. Martens made with soles created from recycled Logitech product plastics, embodying a fusion of style, sustainability, and tech culture.'), CollaborationRecommendation(name='Monster Energy', industry='Beverages', rationale='Monster Energy is closely associated with extreme sports and gaming culture. Partnering with Logitech can create a unique, multi-sensory experience that taps into the adrenaline-fueled lifestyle.', product_concept='An exclusive gaming drink with limited edition cans made from recycled polypropylene, designed with interactive QR codes linked to Logitech’s gaming community, creating a cross-experience between product and digital engagement.')]
2025-05-22 18:38:50,696 INFO Creating Sustainability Brand Researcher agent
2025-05-22 18:38:50,702 INFO Creating Plastic analyst agent
2025-05-22 18:38:50,729 INFO id='2b974da4-f1ec-4af0-a54d-5d5ed6c5888f' brand_name='BMW' plastic_type='PET' location='Munich' brand_results={} plastic_results={} collab_results={} combined_results={} brand_research_needed=False plastic_research_needed=False brand_research_complete=False plastic_research_complete=False brand_saved_to_db=False plastic_saved_to_db=False
2025-05-22 18:38:55,885 INFO Starting crew kickoff with input: {'brand_data': {'id': 3, 'brand_id': '3208ed61-6a18-539c-9e35-ed27cfe1d9d7', 'name': 'BMW', 'industry': 'Automotive', 'main_products': ['Luxury Vehicles', 'Electric Vehicles', 'Motorcycles'], 'sustainability_initiatives': ['Using ocean plastics for vehicle trim components', 'Aiming for 100% recyclable vehicles by 2030', 'Increasing recycled materials in production to 40% by 2030', 'CO2 emissions reduction projects', 'Sustainable logistics to minimize plastic waste'], 'plastic_materials_used': ['Ocean plastics', 'Thermoplastics with recycled content'], 'past_collaborations': [], 'operational_regions': ['Germany', 'China', 'United States', 'Europe'], 'created_at': '2025-05-21T11:06:50.870314', 'similarity_score': 0.8456289768218994}, 'plastic_data': {'id': 18, 'plastic_id': 'fc781d3e-c5d5-529d-a273-023c861db790', 'type': 'Polyethylene Terephthalate (PET)', 'properties': ['Good mechanical properties', 'Resistance to impact', 'High tensile strength', 'Stable chemical structure'], 'applications': ['Beverage bottles', 'Food packaging', 'Textiles (e.g., polyester fibers)', 'Thermal insulation'], 'environmental_impact': 'PET is not biodegradable and can contribute to pollution. Its production and disposal can release harmful chemicals into the environment, affecting ecosystems and human health.', 'recycling_potential': 'PET is one of the most widely recycled plastics; it can be nearly infinitely recycled, which helps reduce the need for virgin materials and lowers greenhouse gas emissions by up to 90%.', 'regional_relevance': None, 'created_at': '2025-05-21T11:47:02.205759', 'similarity_score': 0.8036322295665741}}
2025-05-22 18:38:55,887 INFO Crew instance created
2025-05-22 18:39:06,180 INFO Crew execution completed with result: input_summary={'brand': 'BMW, Automotive', 'plastic': 'Polyethylene Terephthalate (PET), Good mechanical properties'} top_collaborating_brands=[CollaborationRecommendation(name='LEGO', industry='Toys', rationale="LEGO embodies creativity and sustainability. Their commitment to using sustainable materials aligns with BMW's focus on eco-friendly practices.", product_concept='A limited-edition LEGO set that allows users to build iconic BMW models using pieces made from recycled PET plastics, symbolizing the blend of creativity with environmental responsibility.'), CollaborationRecommendation(name='Patagonia', industry='Outdoor Apparel', rationale="Patagonia's ethos of environmental activism resonates with BMW's sustainability initiatives, creating a meaningful collaboration that highlights both brands' dedication to the planet.", product_concept="An eco-friendly apparel line featuring jackets made from recycled PET, where each purchase contributes to ocean cleanup efforts that tie back to BMW's ocean plastics initiative."), CollaborationRecommendation(name='Fender', industry='Musical Instruments', rationale="Fender's rich heritage in music and craftsmanship parallels BMW's dedication to engineering and design excellence, appealing to a shared demographic of creatives and innovators.", product_concept='A special edition electric guitar featuring components crafted from recycled PET, which includes a sound that evokes the thrill of driving a BMW, bridging the worlds of automotive and music.'), CollaborationRecommendation(name='Lush Cosmetics', industry='Beauty', rationale="Lush is known for its commitment to sustainability and ethical sourcing, syncing well with BMW's strategic goals of reducing their environmental footprint.", product_concept="A luxurious series of bath bombs packaged in reusable, ocean-plastic containers inspired by BMW's design, promoting a self-care experience that supports ocean conservation."), CollaborationRecommendation(name='National Geographic', industry='Media/Publishing', rationale="National Geographic's mission to educate about the wonders of the natural world aligns perfectly with BMW's commitment to sustainability and innovation.", product_concept='An educational campaign featuring vehicles made from recycled PET, coupled with a documentary series that showcases ocean preservation, merging nature with automotive innovation.')]
2025-05-22 18:39:58,397 INFO Creating Sustainability Brand Researcher agent
2025-05-22 18:39:58,401 INFO Creating Plastic analyst agent
2025-05-22 18:39:58,424 INFO id='602421f4-c966-4b8c-af99-c4f65ac38157' brand_name='Ducati' plastic_type='Polyvinyl Chloride (PVC)' location='Munich' brand_results={} plastic_results={} collab_results={} combined_results={} brand_research_needed=False plastic_research_needed=False brand_research_complete=False plastic_research_complete=False brand_saved_to_db=False plastic_saved_to_db=False
2025-05-22 18:40:03,583 INFO Starting BrandAnalystCrew with input: {'brand': 'Ducati', 'location': 'Munich'}
2025-05-22 18:40:03,584 INFO Creating analyze_target_brand task
2025-05-22 18:40:03,586 INFO Crew instance created
2025-05-22 18:40:08,180 INFO Crew execution completed with result: brand_id=None name='Ducati' industry='Motorcycles' main_products=['Motorcycles', 'Parts and accessories'] sustainability_initiatives=['Environmental and Sustainable Development Policy', 'Zero Plastic Waste project', 'World Ducati Week sustainability practices'] plastic_materials_used=['Recyclable plastics in motorcycles', 'Compostable tableware at events'] past_collaborations=['Summertrade for compostable tableware'] operational_regions=['Bologna, Italy']
2025-05-22 18:40:08,183 INFO Inside Router after research: {'brand_id': None, 'name': 'Ducati', 'industry': 'Motorcycles', 'main_products': ['Motorcycles', 'Parts and accessories'], 'sustainability_initiatives': ['Environmental and Sustainable Development Policy', 'Zero Plastic Waste project', 'World Ducati Week sustainability practices'], 'plastic_materials_used': ['Recyclable plastics in motorcycles', 'Compostable tableware at events'], 'past_collaborations': ['Summertrade for compostable tableware'], 'operational_regions': ['Bologna, Italy']}
2025-05-22 18:40:08,183 INFO Storing Brand Info After research: {'brand_id': None, 'name': 'Ducati', 'industry': 'Motorcycles', 'main_products': ['Motorcycles', 'Parts and accessories'], 'sustainability_initiatives': ['Environmental and Sustainable Development Policy', 'Zero Plastic Waste project', 'World Ducati Week sustainability practices'], 'plastic_materials_used': ['Recyclable plastics in motorcycles', 'Compostable tableware at events'], 'past_collaborations': ['Summertrade for compostable tableware'], 'operational_regions': ['Bologna, Italy']}
2025-05-22 18:40:08,321 ERROR Error saving brand to DB: object str can't be used in 'await' expression
2025-05-22 18:40:08,325 INFO Starting crew kickoff with input: {'plastic_type': 'Polyvinyl Chloride (PVC)', 'location': 'Munich'}
2025-05-22 18:40:08,325 INFO Creating analyze plastic material task
2025-05-22 18:40:08,327 INFO Crew instance created
2025-05-22 18:40:14,235 INFO Crew execution completed with result: plastic_id=None type='Polyvinyl Chloride (PVC)' properties=['PVC is a synthetic polymer formed from the polymerization of vinyl chloride monomers.', 'It is known for its durability, lightweight nature, and resistance to moisture and chemicals.', 'PVC has a low thermal stability but can be processed into rigid or flexible forms.'] applications=['Building materials (pipes, siding, windows)', 'Electrical cable insulation', 'Household products (flooring, wall coverings, containers)', 'Medical devices (IV bags, tubing)'] environmental_impact='PVC can release harmful chemicals during production and disposal. It is not biodegradable and poses risks for pollution and health when incinerated.' recycling_potential='PVC is technically recyclable, with methods available for mechanical and chemical recycling. However, it has one of the lowest recycling rates among plastics due to contamination and the complexity of its additives.' regional_relevance=None
2025-05-22 18:40:14,239 INFO Inside Router after plastic research: {'plastic_id': None, 'type': 'Polyvinyl Chloride (PVC)', 'properties': ['PVC is a synthetic polymer formed from the polymerization of vinyl chloride monomers.', 'It is known for its durability, lightweight nature, and resistance to moisture and chemicals.', 'PVC has a low thermal stability but can be processed into rigid or flexible forms.'], 'applications': ['Building materials (pipes, siding, windows)', 'Electrical cable insulation', 'Household products (flooring, wall coverings, containers)', 'Medical devices (IV bags, tubing)'], 'environmental_impact': 'PVC can release harmful chemicals during production and disposal. It is not biodegradable and poses risks for pollution and health when incinerated.', 'recycling_potential': 'PVC is technically recyclable, with methods available for mechanical and chemical recycling. However, it has one of the lowest recycling rates among plastics due to contamination and the complexity of its additives.', 'regional_relevance': None}
2025-05-22 18:40:14,239 INFO Storing Plastic Info After research: {'plastic_id': None, 'type': 'Polyvinyl Chloride (PVC)', 'properties': ['PVC is a synthetic polymer formed from the polymerization of vinyl chloride monomers.', 'It is known for its durability, lightweight nature, and resistance to moisture and chemicals.', 'PVC has a low thermal stability but can be processed into rigid or flexible forms.'], 'applications': ['Building materials (pipes, siding, windows)', 'Electrical cable insulation', 'Household products (flooring, wall coverings, containers)', 'Medical devices (IV bags, tubing)'], 'environmental_impact': 'PVC can release harmful chemicals during production and disposal. It is not biodegradable and poses risks for pollution and health when incinerated.', 'recycling_potential': 'PVC is technically recyclable, with methods available for mechanical and chemical recycling. However, it has one of the lowest recycling rates among plastics due to contamination and the complexity of its additives.', 'regional_relevance': None}
2025-05-22 18:40:14,438 INFO Starting crew kickoff with input: {'brand_data': {'brand_id': None, 'name': 'Ducati', 'industry': 'Motorcycles', 'main_products': ['Motorcycles', 'Parts and accessories'], 'sustainability_initiatives': ['Environmental and Sustainable Development Policy', 'Zero Plastic Waste project', 'World Ducati Week sustainability practices'], 'plastic_materials_used': ['Recyclable plastics in motorcycles', 'Compostable tableware at events'], 'past_collaborations': ['Summertrade for compostable tableware'], 'operational_regions': ['Bologna, Italy']}, 'plastic_data': {'plastic_id': None, 'type': 'Polyvinyl Chloride (PVC)', 'properties': ['PVC is a synthetic polymer formed from the polymerization of vinyl chloride monomers.', 'It is known for its durability, lightweight nature, and resistance to moisture and chemicals.', 'PVC has a low thermal stability but can be processed into rigid or flexible forms.'], 'applications': ['Building materials (pipes, siding, windows)', 'Electrical cable insulation', 'Household products (flooring, wall coverings, containers)', 'Medical devices (IV bags, tubing)'], 'environmental_impact': 'PVC can release harmful chemicals during production and disposal. It is not biodegradable and poses risks for pollution and health when incinerated.', 'recycling_potential': 'PVC is technically recyclable, with methods available for mechanical and chemical recycling. However, it has one of the lowest recycling rates among plastics due to contamination and the complexity of its additives.', 'regional_relevance': None}}
2025-05-22 18:40:14,439 INFO Crew instance created
2025-05-22 18:40:25,991 INFO Crew execution completed with result: input_summary={'brand': 'Ducati, Motorcycles', 'plastic': 'Polyvinyl Chloride (PVC), known for durability and lightweight nature'} top_collaborating_brands=[CollaborationRecommendation(name='Lego', industry='Toys', rationale="Lego symbolizes creative construction and imagination, much like Ducati's pursuit of innovation in motorcycle design. Both brands appeal to enthusiasts seeking quality and performance.", product_concept='Lego Ducati motorcycle kits made from recycled PVC that kids can build and customize, bridging the worlds of engineering and play.'), CollaborationRecommendation(name='Nike', industry='Sportswear', rationale="Nike's commitment to performance aligns with Ducati's focus on speed and adrenaline. Both brands foster a community of passionate fans, uniting sports and style.", product_concept="A limited edition line of lightweight, performance-driven motorcycle gear crafted from durable PVC materials, designed with Nike's iconic design ethos."), CollaborationRecommendation(name='Patagonia', industry='Outdoor Apparel', rationale='Patagonia emphasizes sustainability and environmental ethics, mirroring Ducati’s memorable Zero Plastic Waste project. Both brands value authenticity and the outdoors.', product_concept='A joint eco-friendly line of riding jackets made from recycled PVC, featuring integrated compartments for personal items and designed for motorcycling adventures in nature.'), CollaborationRecommendation(name='Tesla', industry='Automotive Tech', rationale='Tesla’s innovation in electric vehicles parallels Ducati’s focus on advanced technology in motorcycles. Both brands cater to forward-thinking consumers seeking cutting-edge solutions.', product_concept='A partnership to create electric mini motorcycles for kids, utilizing PVC for a lightweight yet durable design, promoting sustainable fun in urban environments.'), CollaborationRecommendation(name='Gorilla Glue', industry='Household Products', rationale='Gorilla Glue represents strength and versatility in bonding, elements that resonate with Ducati’s performance standards. This partnership will underscore DIY repair culture.', product_concept='A co-branded motorcycle maintenance toolkit that includes bonding solutions for PVC parts, encouraging users to repair and enhance their Ducati while promoting sustainability.')]
2025-05-22 18:45:31,391 INFO Creating Sustainability Brand Researcher agent
2025-05-22 18:45:31,397 INFO Creating Plastic analyst agent
2025-05-22 18:45:31,426 INFO id='05a2a8dc-1c82-4db5-a3f7-5bb1e7a4badb' brand_name='IGLU' plastic_type='PC/ABS' location='Munich' brand_results={} plastic_results={} collab_results={} combined_results={} brand_research_needed=False plastic_research_needed=False brand_research_complete=False plastic_research_complete=False brand_saved_to_db=False plastic_saved_to_db=False
2025-05-22 18:45:36,647 INFO Starting BrandAnalystCrew with input: {'brand': 'IGLU', 'location': 'Munich'}
2025-05-22 18:45:36,648 INFO Creating analyze_target_brand task
2025-05-22 18:45:36,649 INFO Crew instance created
2025-05-22 18:45:55,058 INFO Crew execution completed with result: brand_id=None name='EcoWear' industry='Fashion' main_products=['Clothing', 'Footwear', 'Accessories'] sustainability_initiatives=['Use of organic materials', 'Zero waste production', 'Carbon offset programs'] plastic_materials_used=['Recycled polyester', 'Bio-based plastics'] past_collaborations=['Local artists', 'Sustainable brands'] operational_regions=['North America', 'Europe', 'Asia']
2025-05-22 18:45:55,062 INFO Inside Router after research: {'brand_id': None, 'name': 'EcoWear', 'industry': 'Fashion', 'main_products': ['Clothing', 'Footwear', 'Accessories'], 'sustainability_initiatives': ['Use of organic materials', 'Zero waste production', 'Carbon offset programs'], 'plastic_materials_used': ['Recycled polyester', 'Bio-based plastics'], 'past_collaborations': ['Local artists', 'Sustainable brands'], 'operational_regions': ['North America', 'Europe', 'Asia']}
2025-05-22 18:45:55,062 INFO Storing Brand Info After research: {'brand_id': None, 'name': 'EcoWear', 'industry': 'Fashion', 'main_products': ['Clothing', 'Footwear', 'Accessories'], 'sustainability_initiatives': ['Use of organic materials', 'Zero waste production', 'Carbon offset programs'], 'plastic_materials_used': ['Recycled polyester', 'Bio-based plastics'], 'past_collaborations': ['Local artists', 'Sustainable brands'], 'operational_regions': ['North America', 'Europe', 'Asia']}
2025-05-22 18:45:55,198 ERROR Error saving brand to DB: object str can't be used in 'await' expression
2025-05-22 18:45:55,201 INFO Starting crew kickoff with input: {'brand_data': {'brand_id': None, 'name': 'EcoWear', 'industry': 'Fashion', 'main_products': ['Clothing', 'Footwear', 'Accessories'], 'sustainability_initiatives': ['Use of organic materials', 'Zero waste production', 'Carbon offset programs'], 'plastic_materials_used': ['Recycled polyester', 'Bio-based plastics'], 'past_collaborations': ['Local artists', 'Sustainable brands'], 'operational_regions': ['North America', 'Europe', 'Asia']}, 'plastic_data': {'id': 38, 'plastic_id': 'a6b6e4c0-99b9-5d38-84b8-cf608660ca9e', 'type': 'Polycarbonate/Acrylonitrile Butadiene Styrene', 'properties': ['Good mechanical strength', 'Impact resistance', 'Heat-resistance up to 100°C', 'Excellent processing characteristics', 'Non-halo flame retardancy'], 'applications': ['Automotive interiors', 'Consumer electronics housings', 'Telecommunication equipment', 'Household appliances', 'Toys and sports equipment'], 'environmental_impact': 'Derived from non-renewable petrochemical sources, contributing to carbon emissions. However, it can be recycled, which helps mitigate its environmental footprint.', 'recycling_potential': 'PC ABS is recyclable, with various methods includes mechanical recycling and downcycling into lower-quality materials.', 'regional_relevance': None, 'created_at': '2025-05-21T13:44:10.823825', 'similarity_score': 0.8390050530433655}}
2025-05-22 18:45:55,202 INFO Crew instance created
2025-05-22 18:46:07,316 INFO Crew execution completed with result: input_summary={'brand': 'EcoWear, Fashion', 'plastic': 'Polycarbonate/Acrylonitrile Butadiene Styrene, Good mechanical strength'} top_collaborating_brands=[CollaborationRecommendation(name='Green Toys', industry='Toys', rationale="Green Toys is known for creating eco-friendly and non-toxic playsets. Their mission aligns well with EcoWear's sustainability ethos, and both brands target environmentally conscious consumers.", product_concept="A line of children's fashion accessories, such as handbags and hats, made from recycled polycarbonate materials sourced from Green Toys. Each product could come with playful designs inspired by classic toys, fostering nostalgia while promoting eco-friendly practices."), CollaborationRecommendation(name='Casper', industry='Home Goods', rationale='Casper specializes in innovative sleep solutions and focuses on creating products that enhance quality of life. A collaboration could tap into the theme of rest and relaxation in combination with EcoWear’s sustainable practices.', product_concept="Eco-friendly bedding and sleepwear made from recycled plastics that feature unique designs inspired by childhood dreams and toys. This collaboration would appeal to parents seeking both aesthetic and sustainability for their children's bedrooms."), CollaborationRecommendation(name='LEGO', industry='Toys', rationale="LEGO has a strong cultural resonance and is widely recognized for its creativity and ingenuity. A partnership could engage both brands' audiences in playful and sustainable ways.", product_concept='Fashionable clothing and footwear featuring patterns of iconic LEGO bricks, crafted from recycled polycarbonate that showcases strength and versatility. This line would inspire imaginative play and encourage kids to express their creativity through fashion.'), CollaborationRecommendation(name='Tumblr', industry='Social Media/Tech', rationale='Tumblr encourages creative expression and connects communities around various interests, including art and fashion. A partnership could blend the digital world with physical products that resonate with younger audiences.', product_concept='Fashion items like bags or jackets that integrate digital content, allowing users to add their own designs via augmented reality (AR) technology, using recycled polycarbonate for durability. This combination enhances personal expression while promoting eco-friendly practices.'), CollaborationRecommendation(name='BrewDog', industry='Beverages', rationale='BrewDog is known for its strong brand voice and commitment to sustainability. Collaborating could merge casual wear with a lifestyle centered around quality and sustainability.', product_concept='A limited edition line of BrewDog-themed apparel and accessories made from recycled plastic materials, featuring creative beer illustrations that promote both brands. This product line would appeal primarily to environmentally conscious consumers who enjoy craft beer.')]
2025-05-22 18:47:15,590 INFO Creating Sustainability Brand Researcher agent
2025-05-22 18:47:15,595 INFO Creating Plastic analyst agent
2025-05-22 18:47:15,621 INFO id='abe4acde-9d2c-4e9a-84eb-6140e3101b98' brand_name='Bugatti' plastic_type='PC/ABS' location='Munich' brand_results={} plastic_results={} collab_results={} combined_results={} brand_research_needed=False plastic_research_needed=False brand_research_complete=False plastic_research_complete=False brand_saved_to_db=False plastic_saved_to_db=False
2025-05-22 18:47:20,782 INFO Starting BrandAnalystCrew with input: {'brand': 'Bugatti', 'location': 'Munich'}
2025-05-22 18:47:20,782 INFO Creating analyze_target_brand task
2025-05-22 18:47:20,784 INFO Crew instance created
2025-05-22 18:47:26,366 INFO Crew execution completed with result: brand_id=None name='Bugatti' industry='Automotive' main_products=['Luxury sports cars'] sustainability_initiatives=['Planted 9,125 new trees in the past year'] plastic_materials_used=[] past_collaborations=[] operational_regions=['Europe']
2025-05-22 18:47:26,369 INFO Inside Router after research: {'brand_id': None, 'name': 'Bugatti', 'industry': 'Automotive', 'main_products': ['Luxury sports cars'], 'sustainability_initiatives': ['Planted 9,125 new trees in the past year'], 'plastic_materials_used': [], 'past_collaborations': [], 'operational_regions': ['Europe']}
2025-05-22 18:47:26,369 INFO Storing Brand Info After research: {'brand_id': None, 'name': 'Bugatti', 'industry': 'Automotive', 'main_products': ['Luxury sports cars'], 'sustainability_initiatives': ['Planted 9,125 new trees in the past year'], 'plastic_materials_used': [], 'past_collaborations': [], 'operational_regions': ['Europe']}
2025-05-22 18:47:26,495 ERROR Error saving brand to DB: object str can't be used in 'await' expression
2025-05-22 18:47:26,498 INFO Starting crew kickoff with input: {'brand_data': {'brand_id': None, 'name': 'Bugatti', 'industry': 'Automotive', 'main_products': ['Luxury sports cars'], 'sustainability_initiatives': ['Planted 9,125 new trees in the past year'], 'plastic_materials_used': [], 'past_collaborations': [], 'operational_regions': ['Europe']}, 'plastic_data': {'id': 38, 'plastic_id': 'a6b6e4c0-99b9-5d38-84b8-cf608660ca9e', 'type': 'Polycarbonate/Acrylonitrile Butadiene Styrene', 'properties': ['Good mechanical strength', 'Impact resistance', 'Heat-resistance up to 100°C', 'Excellent processing characteristics', 'Non-halo flame retardancy'], 'applications': ['Automotive interiors', 'Consumer electronics housings', 'Telecommunication equipment', 'Household appliances', 'Toys and sports equipment'], 'environmental_impact': 'Derived from non-renewable petrochemical sources, contributing to carbon emissions. However, it can be recycled, which helps mitigate its environmental footprint.', 'recycling_potential': 'PC ABS is recyclable, with various methods includes mechanical recycling and downcycling into lower-quality materials.', 'regional_relevance': None, 'created_at': '2025-05-21T13:44:10.823825', 'similarity_score': 0.8390050530433655}}
2025-05-22 18:47:26,500 INFO Crew instance created
2025-05-22 18:47:36,196 INFO Crew execution completed with result: input_summary={'brand': 'Bugatti, Automotive', 'plastic': 'Polycarbonate/Acrylonitrile Butadiene Styrene, Good mechanical strength'} top_collaborating_brands=[CollaborationRecommendation(name='Lego', industry='Toys', rationale="Lego embodies creativity and engineering excellence, aligning with Bugatti's commitment to precision and luxury. Both brands inspire innovation and playfulness.", product_concept='A Bugatti-inspired Lego set made from recycled PC ABS, allowing consumers to build iconic designs at home. Each set could promote both engineering skills and sustainable practices.'), CollaborationRecommendation(name='Patagonia', industry='Outdoor Apparel', rationale="Patagonia’s ethos of sustainability pairs well with Bugatti's art of high-performance engineering, creating an emotional connection between luxury and environmental responsibility.", product_concept='A limited-edition line of luxury outdoor gear made with recycled Bugatti components, showcasing a blend of automotive aesthetics and eco-friendly design.'), CollaborationRecommendation(name='Bose', industry='Consumer Electronics', rationale="Bose’s focus on sound quality and immersive experiences resonates with Bugatti's luxury appeal, creating a high-tech niche that elevates both brands.", product_concept='High-performance earbuds encased in designer housings crafted from recycled Bugatti materials, offering consumers a luxurious sound experience that’s both stylish and sustainable.'), CollaborationRecommendation(name='Barbie', industry='Fashion Dolls', rationale='Barbie’s timeless appeal and diverse narratives blend well with Bugatti’s elegance, creating a celebration of both luxury and imaginative play.', product_concept='A collector’s edition Barbie dressed in couture inspired by Bugatti designs, complete with a mini Bugatti car made from recycled plastic, celebrating dreams of luxury and play.'), CollaborationRecommendation(name='Gorillaz', industry='Music and Entertainment', rationale='The eclectic nature of Gorillaz aligns with Bugatti’s innovative spirit, allowing for storytelling through music and automotive design.', product_concept='An interactive digital album where each track is inspired by a different Bugatti model, featuring collectible vinyl cases made from upcycled automotive materials, merging music, art, and design.')]
2025-05-22 18:48:54,674 INFO Creating Sustainability Brand Researcher agent
2025-05-22 18:48:54,678 INFO Creating Plastic analyst agent
2025-05-22 18:48:54,703 INFO id='4b67e4c2-1203-4ced-98ec-70165079fe5d' brand_name='Webasto' plastic_type='PC/ABS' location='Munich' brand_results={} plastic_results={} collab_results={} combined_results={} brand_research_needed=False plastic_research_needed=False brand_research_complete=False plastic_research_complete=False brand_saved_to_db=False plastic_saved_to_db=False
2025-05-22 18:48:59,858 INFO Starting BrandAnalystCrew with input: {'brand': 'Webasto', 'location': 'Munich'}
2025-05-22 18:48:59,859 INFO Creating analyze_target_brand task
2025-05-22 18:48:59,861 INFO Crew instance created
2025-05-22 18:49:19,118 INFO Crew execution completed with result: brand_id=None name='EcoWave' industry='Plastic Recycling' main_products=['Recycled Plastic Pellets', 'Eco-Friendly Packaging'] sustainability_initiatives=['Community Clean-Up Campaigns', 'Plastic Waste Education Programs'] plastic_materials_used=['PET', 'HDPE', 'PP'] past_collaborations=['Local Municipalities', 'Plastic Waste NGOs'] operational_regions=['North America', 'Europe']
2025-05-22 18:49:19,121 INFO Inside Router after research: {'brand_id': None, 'name': 'EcoWave', 'industry': 'Plastic Recycling', 'main_products': ['Recycled Plastic Pellets', 'Eco-Friendly Packaging'], 'sustainability_initiatives': ['Community Clean-Up Campaigns', 'Plastic Waste Education Programs'], 'plastic_materials_used': ['PET', 'HDPE', 'PP'], 'past_collaborations': ['Local Municipalities', 'Plastic Waste NGOs'], 'operational_regions': ['North America', 'Europe']}
2025-05-22 18:49:19,121 INFO Storing Brand Info After research: {'brand_id': None, 'name': 'EcoWave', 'industry': 'Plastic Recycling', 'main_products': ['Recycled Plastic Pellets', 'Eco-Friendly Packaging'], 'sustainability_initiatives': ['Community Clean-Up Campaigns', 'Plastic Waste Education Programs'], 'plastic_materials_used': ['PET', 'HDPE', 'PP'], 'past_collaborations': ['Local Municipalities', 'Plastic Waste NGOs'], 'operational_regions': ['North America', 'Europe']}
2025-05-22 18:49:19,267 ERROR Error saving brand to DB: object str can't be used in 'await' expression
2025-05-22 18:49:19,270 INFO Starting crew kickoff with input: {'brand_data': {'brand_id': None, 'name': 'EcoWave', 'industry': 'Plastic Recycling', 'main_products': ['Recycled Plastic Pellets', 'Eco-Friendly Packaging'], 'sustainability_initiatives': ['Community Clean-Up Campaigns', 'Plastic Waste Education Programs'], 'plastic_materials_used': ['PET', 'HDPE', 'PP'], 'past_collaborations': ['Local Municipalities', 'Plastic Waste NGOs'], 'operational_regions': ['North America', 'Europe']}, 'plastic_data': {'id': 38, 'plastic_id': 'a6b6e4c0-99b9-5d38-84b8-cf608660ca9e', 'type': 'Polycarbonate/Acrylonitrile Butadiene Styrene', 'properties': ['Good mechanical strength', 'Impact resistance', 'Heat-resistance up to 100°C', 'Excellent processing characteristics', 'Non-halo flame retardancy'], 'applications': ['Automotive interiors', 'Consumer electronics housings', 'Telecommunication equipment', 'Household appliances', 'Toys and sports equipment'], 'environmental_impact': 'Derived from non-renewable petrochemical sources, contributing to carbon emissions. However, it can be recycled, which helps mitigate its environmental footprint.', 'recycling_potential': 'PC ABS is recyclable, with various methods includes mechanical recycling and downcycling into lower-quality materials.', 'regional_relevance': None, 'created_at': '2025-05-21T13:44:10.823825', 'similarity_score': 0.8390050530433655}}
2025-05-22 18:49:19,272 INFO Crew instance created
2025-05-22 18:49:31,607 INFO Crew execution completed with result: input_summary={'brand': 'EcoWave, Plastic Recycling', 'plastic': 'Polycarbonate/Acrylonitrile Butadiene Styrene, good mechanical strength'} top_collaborating_brands=[CollaborationRecommendation(name='Mattel', industry='Toys', rationale="Mattel, known for its playful and imaginative products like Barbie and Hot Wheels, aligns perfectly with EcoWave's commitment to social impact and sustainability. Both brands share a vision of creating a better future for children and playfulness infused with purpose.", product_concept='Eco-Friendly Hot Wheels: A series of toy cars made from recycled polycarbonate, showcasing vibrant colors and designs, each inspired by a real-world ecosystem. This line will educate children about environmental protection while maintaining the fun and excitement of traditional Hot Wheels.'), CollaborationRecommendation(name='Apple', industry='Technology', rationale="Apple is a leading tech brand that values innovation, design, and sustainability. Collaborating with EcoWave highlights Apple's commitment to reducing its environmental impact and introducing more recyclable materials into its products.", product_concept="EcoWave iPhone Cases: Sleek and durable phone cases made from recycled polycarbonate, integrating designs that represent various natural landscapes. The cases could feature educational elements that tell the story of our planet's ecosystems, connecting consumers emotionally to sustainability."), CollaborationRecommendation(name='LEGO', industry='Toys', rationale="LEGO's philosophy of creativity and construction blends perfectly with EcoWave's sustainability message. This partnership could help LEGO further its mission to become more sustainable while appealing to eco-conscious families.", product_concept='Nature Blocks: A special edition LEGO set crafted from recycled polycarbonate shapes designed to encourage outdoor play and education about nature. Each set can represent a different biomes, inviting kids to build and learn simultaneously about their environments.'), CollaborationRecommendation(name='Lululemon', industry='Athletic Apparel', rationale='Lululemon emphasizes conscious living and emotional well-being. Partnering with EcoWave can create a unique intersection of fitness, wellness, and sustainability.', product_concept='EcoYoga Mat: A premium yoga mat made from recycled polycarbonate fibers, offering excellent durability and support. Each mat will feature inspirational motifs that encourage mindfulness and eco-conscious living during yoga practice.'), CollaborationRecommendation(name='Patagonia', industry='Outdoor Apparel', rationale='Patagonia’s strong ethos of environmental activism and commitment to sustainable practices aligns seamlessly with EcoWave’s mission. This partnership can resonate well with consumers who prioritize eco-friendliness.', product_concept='Eco-Hiking Gear: A line of durable outdoor gear (backpacks, jackets) made using recycled polycarbonate materials, designed for adventure seekers. Each product will tell a story about environmental conservation and initiatives supported by both brands.')]
2025-05-22 18:50:33,249 INFO Creating Sustainability Brand Researcher agent
2025-05-22 18:50:33,254 INFO Creating Plastic analyst agent
2025-05-22 18:50:33,278 INFO id='81346ceb-7a5d-410f-97ca-cdd770d5d6eb' brand_name='Webasto' plastic_type='PC/ABS' location='Munich' brand_results={} plastic_results={} collab_results={} combined_results={} brand_research_needed=False plastic_research_needed=False brand_research_complete=False plastic_research_complete=False brand_saved_to_db=False plastic_saved_to_db=False
2025-05-22 18:50:38,484 INFO Starting BrandAnalystCrew with input: {'brand': 'Webasto', 'location': 'Munich'}
2025-05-22 18:50:38,484 INFO Creating analyze_target_brand task
2025-05-22 18:50:38,486 INFO Crew instance created
2025-05-22 18:50:44,796 INFO Crew execution completed with result: brand_id=None name='Webasto' industry='Automotive' main_products=['Roof systems', 'Heating systems'] sustainability_initiatives=['Climate-friendly mobility', 'Innovative drive technologies'] plastic_materials_used=['Polypropylene', 'Polyethylene'] past_collaborations=['Collaborations with automotive manufacturers for sustainable solutions'] operational_regions=['Germany', 'Europe', 'North America', 'Asia']
2025-05-22 18:50:44,799 INFO Inside Router after research: {'brand_id': None, 'name': 'Webasto', 'industry': 'Automotive', 'main_products': ['Roof systems', 'Heating systems'], 'sustainability_initiatives': ['Climate-friendly mobility', 'Innovative drive technologies'], 'plastic_materials_used': ['Polypropylene', 'Polyethylene'], 'past_collaborations': ['Collaborations with automotive manufacturers for sustainable solutions'], 'operational_regions': ['Germany', 'Europe', 'North America', 'Asia']}
2025-05-22 18:50:44,800 INFO Storing Brand Info After research: {'brand_id': None, 'name': 'Webasto', 'industry': 'Automotive', 'main_products': ['Roof systems', 'Heating systems'], 'sustainability_initiatives': ['Climate-friendly mobility', 'Innovative drive technologies'], 'plastic_materials_used': ['Polypropylene', 'Polyethylene'], 'past_collaborations': ['Collaborations with automotive manufacturers for sustainable solutions'], 'operational_regions': ['Germany', 'Europe', 'North America', 'Asia']}
2025-05-22 18:50:44,936 ERROR Error saving brand to DB: object str can't be used in 'await' expression
2025-05-22 18:50:44,940 INFO Starting crew kickoff with input: {'brand_data': {'brand_id': None, 'name': 'Webasto', 'industry': 'Automotive', 'main_products': ['Roof systems', 'Heating systems'], 'sustainability_initiatives': ['Climate-friendly mobility', 'Innovative drive technologies'], 'plastic_materials_used': ['Polypropylene', 'Polyethylene'], 'past_collaborations': ['Collaborations with automotive manufacturers for sustainable solutions'], 'operational_regions': ['Germany', 'Europe', 'North America', 'Asia']}, 'plastic_data': {'id': 38, 'plastic_id': 'a6b6e4c0-99b9-5d38-84b8-cf608660ca9e', 'type': 'Polycarbonate/Acrylonitrile Butadiene Styrene', 'properties': ['Good mechanical strength', 'Impact resistance', 'Heat-resistance up to 100°C', 'Excellent processing characteristics', 'Non-halo flame retardancy'], 'applications': ['Automotive interiors', 'Consumer electronics housings', 'Telecommunication equipment', 'Household appliances', 'Toys and sports equipment'], 'environmental_impact': 'Derived from non-renewable petrochemical sources, contributing to carbon emissions. However, it can be recycled, which helps mitigate its environmental footprint.', 'recycling_potential': 'PC ABS is recyclable, with various methods includes mechanical recycling and downcycling into lower-quality materials.', 'regional_relevance': None, 'created_at': '2025-05-21T13:44:10.823825', 'similarity_score': 0.8390050530433655}}
2025-05-22 18:50:44,942 INFO Crew instance created
2025-05-22 18:50:54,141 INFO Crew execution completed with result: input_summary={'brand': 'Webasto, Automotive', 'plastic': 'Polycarbonate/Acrylonitrile Butadiene Styrene, Good mechanical strength'} top_collaborating_brands=[CollaborationRecommendation(name='Lego', industry='Toys', rationale="Lego’s emphasis on creativity and building aligns perfectly with Webasto's vision of innovative and sustainable automotive solutions. Both brands share a strong commitment to inspiring the next generation, making a partnership not only strategic but also emotionally resonate with families.", product_concept='A line of vehicle roof systems that integrate Lego-style building elements, allowing children to customize their own car tops using special polycarbonate components. This product would encourage imaginative play while emphasizing sustainability.'), CollaborationRecommendation(name='Patagonia', industry='Outdoor Apparel', rationale="Patagonia's ethos of environmental sustainability matches well with Webasto's commitment to climate-friendly mobility. Both brands appeal to eco-conscious consumers looking for products that support their values.", product_concept='A limited edition line of eco-friendly backpack roof carriers made from recycled polycarbonate, designed for outdoor enthusiasts. Each backpack could incorporate modular features that symbolize exploration and adventure.'), CollaborationRecommendation(name='Dyson', industry='Home Appliances', rationale="Dyson’s reputation for innovation and design aligns with Webasto's advanced technology in heating systems. By merging cutting-edge engineering, the collaboration can pioneer smart solutions for automotive interiors.", product_concept='A smart automotive heating system designed to integrate with Dyson’s air purification technology, utilizing recycled polycarbonate for a sleek, efficient, and stylish implementation in vehicles, focusing on creating a comfortable driving environment.'), CollaborationRecommendation(name='LEGO Education', industry='Educational Toys', rationale='LEGO Education focuses on learning through play, while Webasto innovates in mobility solutions. This partnership can engage children in learning about engineering and sustainable practices in a fun, interactive way.', product_concept='An interactive vehicle building kit that teaches kids about automotive systems and environmental sustainability, featuring polycarbonate pieces that can be incorporated into Webasto’s actual roof designs.'), CollaborationRecommendation(name='IKEA', industry='Furniture', rationale='IKEA promotes design that enhances everyday life and aligns with sustainability, which complements Webasto’s initiatives in creating comfortable and climate-friendly automotive solutions.', product_concept="A series of innovative vehicle interiors inspired by IKEA's modular furniture systems, using polycarbonate for lightweight, sustainable design. This collaboration could create customizable storage solutions in cars that reflect personal style while being functional and eco-friendly.")]
2025-05-22 18:52:18,639 INFO Creating Sustainability Brand Researcher agent
2025-05-22 18:52:18,645 INFO Creating Plastic analyst agent
2025-05-22 18:52:18,667 INFO id='365ad9ee-63d5-4dca-89c1-a1b0af64c945' brand_name='Netflix' plastic_type='PP' location='Hongkong' brand_results={} plastic_results={} collab_results={} combined_results={} brand_research_needed=False plastic_research_needed=False brand_research_complete=False plastic_research_complete=False brand_saved_to_db=False plastic_saved_to_db=False
2025-05-22 18:52:23,805 INFO Starting BrandAnalystCrew with input: {'brand': 'Netflix', 'location': 'Hongkong'}
2025-05-22 18:52:23,805 INFO Creating analyze_target_brand task
2025-05-22 18:52:23,807 INFO Crew instance created
2025-05-22 18:52:29,534 INFO Crew execution completed with result: brand_id='1' name='Netflix' industry='Entertainment' main_products=['Streaming Services'] sustainability_initiatives=['Achieved carbon neutrality across operations', 'Commitment to halve carbon emissions by 2030', 'Investment in renewable energy solutions'] plastic_materials_used=['Single-use plastics in production environments'] past_collaborations=['Collaboration with Disney on Sustainable Production initiatives'] operational_regions=['Global operations including North America, Europe, Asia']
2025-05-22 18:52:29,537 INFO Inside Router after research: {'brand_id': '1', 'name': 'Netflix', 'industry': 'Entertainment', 'main_products': ['Streaming Services'], 'sustainability_initiatives': ['Achieved carbon neutrality across operations', 'Commitment to halve carbon emissions by 2030', 'Investment in renewable energy solutions'], 'plastic_materials_used': ['Single-use plastics in production environments'], 'past_collaborations': ['Collaboration with Disney on Sustainable Production initiatives'], 'operational_regions': ['Global operations including North America, Europe, Asia']}
2025-05-22 18:52:29,537 INFO Storing Brand Info After research: {'brand_id': '1', 'name': 'Netflix', 'industry': 'Entertainment', 'main_products': ['Streaming Services'], 'sustainability_initiatives': ['Achieved carbon neutrality across operations', 'Commitment to halve carbon emissions by 2030', 'Investment in renewable energy solutions'], 'plastic_materials_used': ['Single-use plastics in production environments'], 'past_collaborations': ['Collaboration with Disney on Sustainable Production initiatives'], 'operational_regions': ['Global operations including North America, Europe, Asia']}
2025-05-22 18:52:29,639 ERROR Error saving brand to DB: object NoneType can't be used in 'await' expression
2025-05-22 18:52:29,642 INFO Starting crew kickoff with input: {'brand_data': {'brand_id': '1', 'name': 'Netflix', 'industry': 'Entertainment', 'main_products': ['Streaming Services'], 'sustainability_initiatives': ['Achieved carbon neutrality across operations', 'Commitment to halve carbon emissions by 2030', 'Investment in renewable energy solutions'], 'plastic_materials_used': ['Single-use plastics in production environments'], 'past_collaborations': ['Collaboration with Disney on Sustainable Production initiatives'], 'operational_regions': ['Global operations including North America, Europe, Asia']}, 'plastic_data': {'id': 22, 'plastic_id': '40a509d3-58cd-504c-a8ad-2117541e458d', 'type': 'Polypropylene Terephthalate', 'properties': ['High strength', 'Lightweight', 'Good thermal stability', 'Chemical resistance'], 'applications': ['Bottles', 'Food packaging', 'Textiles', 'Automotive parts'], 'environmental_impact': "PPTV20 is not biodegradable and may contribute to plastic pollution, but it's recyclable under specific conditions.", 'recycling_potential': 'PPTV20 can be recycled through mechanical recycling or chemical recycling methods.', 'regional_relevance': None, 'created_at': '2025-05-21T12:15:55.560359', 'similarity_score': 0.815991222858429}}
2025-05-22 18:52:29,643 INFO Crew instance created
2025-05-22 18:53:32,256 INFO Creating Sustainability Brand Researcher agent
2025-05-22 18:53:32,261 INFO Creating Plastic analyst agent
2025-05-22 18:53:32,301 INFO id='87d78c3e-63bc-452d-b186-c8de66edc4bb' brand_name='Netflix' plastic_type='PP' location='Hongkong' brand_results={} plastic_results={} collab_results={} combined_results={} brand_research_needed=False plastic_research_needed=False brand_research_complete=False plastic_research_complete=False brand_saved_to_db=False plastic_saved_to_db=False
2025-05-22 18:53:37,463 INFO Starting BrandAnalystCrew with input: {'brand': 'Netflix', 'location': 'Hongkong'}
2025-05-22 18:53:37,464 INFO Creating analyze_target_brand task
2025-05-22 18:53:37,466 INFO Crew instance created
2025-05-22 18:53:42,588 INFO Crew execution completed with result: brand_id=None name='Netflix' industry='Entertainment' main_products=['Streaming Services', 'Original Content Production'] sustainability_initiatives=['Achieved carbon neutrality across its operations', 'Committed to halving carbon emissions by 2030', 'Investments to offset remaining emissions'] plastic_materials_used=['Single-use plastics (in production settings)'] past_collaborations=['Collaboration with Disney on Clean Mobile Power Initiative'] operational_regions=['Global']
2025-05-22 18:53:42,591 INFO Inside Router after research: {'brand_id': None, 'name': 'Netflix', 'industry': 'Entertainment', 'main_products': ['Streaming Services', 'Original Content Production'], 'sustainability_initiatives': ['Achieved carbon neutrality across its operations', 'Committed to halving carbon emissions by 2030', 'Investments to offset remaining emissions'], 'plastic_materials_used': ['Single-use plastics (in production settings)'], 'past_collaborations': ['Collaboration with Disney on Clean Mobile Power Initiative'], 'operational_regions': ['Global']}
2025-05-22 18:53:42,592 INFO Storing Brand Info After research: {'brand_id': None, 'name': 'Netflix', 'industry': 'Entertainment', 'main_products': ['Streaming Services', 'Original Content Production'], 'sustainability_initiatives': ['Achieved carbon neutrality across its operations', 'Committed to halving carbon emissions by 2030', 'Investments to offset remaining emissions'], 'plastic_materials_used': ['Single-use plastics (in production settings)'], 'past_collaborations': ['Collaboration with Disney on Clean Mobile Power Initiative'], 'operational_regions': ['Global']}
2025-05-22 18:53:42,733 ERROR Error saving brand to DB: object str can't be used in 'await' expression
2025-05-22 18:53:42,736 INFO Starting crew kickoff with input: {'brand_data': {'brand_id': None, 'name': 'Netflix', 'industry': 'Entertainment', 'main_products': ['Streaming Services', 'Original Content Production'], 'sustainability_initiatives': ['Achieved carbon neutrality across its operations', 'Committed to halving carbon emissions by 2030', 'Investments to offset remaining emissions'], 'plastic_materials_used': ['Single-use plastics (in production settings)'], 'past_collaborations': ['Collaboration with Disney on Clean Mobile Power Initiative'], 'operational_regions': ['Global']}, 'plastic_data': {'id': 22, 'plastic_id': '40a509d3-58cd-504c-a8ad-2117541e458d', 'type': 'Polypropylene Terephthalate', 'properties': ['High strength', 'Lightweight', 'Good thermal stability', 'Chemical resistance'], 'applications': ['Bottles', 'Food packaging', 'Textiles', 'Automotive parts'], 'environmental_impact': "PPTV20 is not biodegradable and may contribute to plastic pollution, but it's recyclable under specific conditions.", 'recycling_potential': 'PPTV20 can be recycled through mechanical recycling or chemical recycling methods.', 'regional_relevance': None, 'created_at': '2025-05-21T12:15:55.560359', 'similarity_score': 0.815991222858429}}
2025-05-22 18:53:42,738 INFO Crew instance created
2025-05-22 18:53:52,211 INFO Crew execution completed with result: input_summary={'brand': 'Netflix, Entertainment', 'plastic': 'Polypropylene Terephthalate, High strength'} top_collaborating_brands=[CollaborationRecommendation(name='Lego', industry='Toys', rationale="Lego fosters creativity and storytelling through building, aligning with Netflix's narrative strengths.", product_concept='A special edition Lego set that uses recycled PPTV20 to build iconic Netflix scenes, with mini-figures of favorite characters.'), CollaborationRecommendation(name='IKEA', industry='Furniture', rationale='IKEA focuses on sustainable design and functionality, much like Netflix aims for engaging user experiences.', product_concept='A modular furniture line made from recycled PPTV20 designed for cozy home theaters, allowing users to arrange their space for binge-watching sessions.'), CollaborationRecommendation(name='Patagonia', industry='Outdoor Apparel', rationale='Both brands prioritize sustainability and emotional storytelling, aligning their eco-conscious missions.', product_concept='A vibrant line of recycled outdoor jackets made from PPTV20, featuring designs inspired by popular Netflix adventure series, emphasizing exploration and nature.'), CollaborationRecommendation(name='Gatorade', industry='Beverages', rationale="Gatorade's focus on performance aligns with Netflix's need for engagement during sports and action content.", product_concept='Limited edition bottles made from recycled PPTV20, promoting hydration during Netflix sports events, featuring themes from popular sports documentaries.'), CollaborationRecommendation(name='Disney', industry='Media & Entertainment', rationale='A similar audience and shared cultural resonance create a foundational partnership, enhancing nostalgia and family-friendly themes.', product_concept="An interactive app experience through recycled PPTV20-embedded tech toys, allowing children to explore Disney’s animated worlds while connected to Netflix's content offerings.")]
2025-05-22 18:54:11,029 ERROR Error in plastic analysis kickoff: Failed to convert text into a Pydantic model due to error: 1 validation error for CollaborationOutput
input_summary
  Field required [type=missing, input_value={'top_collaborating_brand...heir own narratives.'}]}, input_type=dict]
    For further information visit https://errors.pydantic.dev/2.11/v/missing
2025-05-22 18:54:11,029 ERROR Error in collaboration: Failed to convert text into a Pydantic model due to error: 1 validation error for CollaborationOutput
input_summary
  Field required [type=missing, input_value={'top_collaborating_brand...heir own narratives.'}]}, input_type=dict]
    For further information visit https://errors.pydantic.dev/2.11/v/missing
2025-05-22 18:54:44,085 INFO Creating Sustainability Brand Researcher agent
2025-05-22 18:54:44,089 INFO Creating Plastic analyst agent
2025-05-22 18:54:44,109 INFO id='92c5cc57-529c-4ec1-885a-18b3655740b7' brand_name='STAEDLER' plastic_type='PP' location='Duesseldorf' brand_results={} plastic_results={} collab_results={} combined_results={} brand_research_needed=False plastic_research_needed=False brand_research_complete=False plastic_research_complete=False brand_saved_to_db=False plastic_saved_to_db=False
2025-05-22 18:54:49,258 INFO Starting BrandAnalystCrew with input: {'brand': 'STAEDLER', 'location': 'Duesseldorf'}
2025-05-22 18:54:49,259 INFO Creating analyze_target_brand task
2025-05-22 18:54:49,261 INFO Crew instance created
2025-05-22 18:54:53,859 INFO Crew execution completed with result: brand_id=None name='STAEDLER' industry='Stationery and Office Supplies' main_products=['Pencils', 'Markers', 'Highlighters', 'Erasers', 'Office supplies'] sustainability_initiatives=['Resource efficiency', 'Circular economy practices', 'Use of renewable materials'] plastic_materials_used=['Plastic for casing and components of writing instruments'] past_collaborations=['Collaboration with everwave to combat plastic pollution'] operational_regions=['Global operations with primary bases in Europe including Germany']
2025-05-22 18:54:53,862 INFO Inside Router after research: {'brand_id': None, 'name': 'STAEDLER', 'industry': 'Stationery and Office Supplies', 'main_products': ['Pencils', 'Markers', 'Highlighters', 'Erasers', 'Office supplies'], 'sustainability_initiatives': ['Resource efficiency', 'Circular economy practices', 'Use of renewable materials'], 'plastic_materials_used': ['Plastic for casing and components of writing instruments'], 'past_collaborations': ['Collaboration with everwave to combat plastic pollution'], 'operational_regions': ['Global operations with primary bases in Europe including Germany']}
2025-05-22 18:54:53,863 INFO Storing Brand Info After research: {'brand_id': None, 'name': 'STAEDLER', 'industry': 'Stationery and Office Supplies', 'main_products': ['Pencils', 'Markers', 'Highlighters', 'Erasers', 'Office supplies'], 'sustainability_initiatives': ['Resource efficiency', 'Circular economy practices', 'Use of renewable materials'], 'plastic_materials_used': ['Plastic for casing and components of writing instruments'], 'past_collaborations': ['Collaboration with everwave to combat plastic pollution'], 'operational_regions': ['Global operations with primary bases in Europe including Germany']}
2025-05-22 18:54:53,998 ERROR Error saving brand to DB: object str can't be used in 'await' expression
2025-05-22 18:54:54,001 INFO Starting crew kickoff with input: {'brand_data': {'brand_id': None, 'name': 'STAEDLER', 'industry': 'Stationery and Office Supplies', 'main_products': ['Pencils', 'Markers', 'Highlighters', 'Erasers', 'Office supplies'], 'sustainability_initiatives': ['Resource efficiency', 'Circular economy practices', 'Use of renewable materials'], 'plastic_materials_used': ['Plastic for casing and components of writing instruments'], 'past_collaborations': ['Collaboration with everwave to combat plastic pollution'], 'operational_regions': ['Global operations with primary bases in Europe including Germany']}, 'plastic_data': {'id': 22, 'plastic_id': '40a509d3-58cd-504c-a8ad-2117541e458d', 'type': 'Polypropylene Terephthalate', 'properties': ['High strength', 'Lightweight', 'Good thermal stability', 'Chemical resistance'], 'applications': ['Bottles', 'Food packaging', 'Textiles', 'Automotive parts'], 'environmental_impact': "PPTV20 is not biodegradable and may contribute to plastic pollution, but it's recyclable under specific conditions.", 'recycling_potential': 'PPTV20 can be recycled through mechanical recycling or chemical recycling methods.', 'regional_relevance': None, 'created_at': '2025-05-21T12:15:55.560359', 'similarity_score': 0.815991222858429}}
2025-05-22 18:54:54,003 INFO Crew instance created
2025-05-22 18:55:05,433 INFO Crew execution completed with result: input_summary={'brand': 'STAEDLER, Stationery and Office Supplies', 'plastic': 'Polypropylene Terephthalate, lightweight'} top_collaborating_brands=[CollaborationRecommendation(name='LEGO', industry='Toys', rationale="LEGO's focus on creative construction resonates with STAEDLER's stationery, providing a foundation for imaginative play and learning, while also aligning on sustainability initiatives.", product_concept="A special edition LEGO set that incorporates STAEDLER's colorful highlighters as building tools, encouraging children to create vibrant designs that can be drawn upon or modified over time."), CollaborationRecommendation(name='Patagonia', industry='Outdoor Apparel', rationale='Both brands share strong commitments to sustainability and environmental stewardship, making them perfect partners for an innovative approach to product design.', product_concept='A collaborative line of recycled outdoor stationery items, such as notebooks and writing tools, encased in durable, recycled PET polyester fabric, symbolically tying outdoor adventure with creativity.'), CollaborationRecommendation(name='Bose', industry='Sound Technology', rationale="Bose's emphasis on immersive experiences aligns well with STAEDLER's oil-based ink pens, appealing to consumers seeking both sensory and creative satisfaction.", product_concept="A cohesive product launch of audio notebooks that feature integrated soundscapes. As users write with STAEDLER's pens, they can enjoy customized sound experiences, enhancing the writing experience."), CollaborationRecommendation(name='Nike', industry='Athletic Wear', rationale="Combining art and athleticism presents a unique opportunity to inspire creativity through movement. Nike's focus on self-expression dovetails with STAEDLER's stationery products.", product_concept='A limited edition line of sneakers that feature a writable surface made from recycled PET, allowing kids to doodle and express themselves through art, which can be easily wiped clean for the next creative inspiration.'), CollaborationRecommendation(name='GoPro', industry='Adventure Electronics', rationale='Both brands appeal to outdoor adventurers; combining STAEDLER’s creativity with GoPro’s visual storytelling makes for enriching experiences.', product_concept="A set of action adventure notebooks designed for outdoor enthusiasts, featuring rugged, waterproof pages made from upcycled plastics. They can use STAEDLER's writing instruments to document their adventures alongside their GoPro footage.")]
2025-05-22 18:55:35,571 INFO Creating Sustainability Brand Researcher agent
2025-05-22 18:55:35,576 INFO Creating Plastic analyst agent
2025-05-22 18:55:35,598 INFO id='5b2abbd4-2e8f-4967-9313-01c211e93211' brand_name='BIONADE' plastic_type='PP' location='Duesseldorf' brand_results={} plastic_results={} collab_results={} combined_results={} brand_research_needed=False plastic_research_needed=False brand_research_complete=False plastic_research_complete=False brand_saved_to_db=False plastic_saved_to_db=False
2025-05-22 18:55:40,834 INFO Starting BrandAnalystCrew with input: {'brand': 'BIONADE', 'location': 'Duesseldorf'}
2025-05-22 18:55:40,834 INFO Creating analyze_target_brand task
2025-05-22 18:55:40,836 INFO Crew instance created
2025-05-22 18:55:45,475 INFO Crew execution completed with result: brand_id=None name='BIONADE' industry='Beverage' main_products=['Organic soft drinks', 'Fermented beverages'] sustainability_initiatives=['Use of organic ingredients', 'Efforts to reduce plastic waste'] plastic_materials_used=['Recyclable PET bottles'] past_collaborations=['Partnerships with local farmers for organic sourcing'] operational_regions=['Germany', 'Europe']
2025-05-22 18:55:45,478 INFO Inside Router after research: {'brand_id': None, 'name': 'BIONADE', 'industry': 'Beverage', 'main_products': ['Organic soft drinks', 'Fermented beverages'], 'sustainability_initiatives': ['Use of organic ingredients', 'Efforts to reduce plastic waste'], 'plastic_materials_used': ['Recyclable PET bottles'], 'past_collaborations': ['Partnerships with local farmers for organic sourcing'], 'operational_regions': ['Germany', 'Europe']}
2025-05-22 18:55:45,479 INFO Storing Brand Info After research: {'brand_id': None, 'name': 'BIONADE', 'industry': 'Beverage', 'main_products': ['Organic soft drinks', 'Fermented beverages'], 'sustainability_initiatives': ['Use of organic ingredients', 'Efforts to reduce plastic waste'], 'plastic_materials_used': ['Recyclable PET bottles'], 'past_collaborations': ['Partnerships with local farmers for organic sourcing'], 'operational_regions': ['Germany', 'Europe']}
2025-05-22 18:55:45,618 ERROR Error saving brand to DB: object str can't be used in 'await' expression
2025-05-22 18:55:45,621 INFO Starting crew kickoff with input: {'brand_data': {'brand_id': None, 'name': 'BIONADE', 'industry': 'Beverage', 'main_products': ['Organic soft drinks', 'Fermented beverages'], 'sustainability_initiatives': ['Use of organic ingredients', 'Efforts to reduce plastic waste'], 'plastic_materials_used': ['Recyclable PET bottles'], 'past_collaborations': ['Partnerships with local farmers for organic sourcing'], 'operational_regions': ['Germany', 'Europe']}, 'plastic_data': {'id': 22, 'plastic_id': '40a509d3-58cd-504c-a8ad-2117541e458d', 'type': 'Polypropylene Terephthalate', 'properties': ['High strength', 'Lightweight', 'Good thermal stability', 'Chemical resistance'], 'applications': ['Bottles', 'Food packaging', 'Textiles', 'Automotive parts'], 'environmental_impact': "PPTV20 is not biodegradable and may contribute to plastic pollution, but it's recyclable under specific conditions.", 'recycling_potential': 'PPTV20 can be recycled through mechanical recycling or chemical recycling methods.', 'regional_relevance': None, 'created_at': '2025-05-21T12:15:55.560359', 'similarity_score': 0.815991222858429}}
2025-05-22 18:55:45,623 INFO Crew instance created
2025-05-22 18:55:55,300 INFO Crew execution completed with result: input_summary={'brand': 'BIONADE, Beverage', 'plastic': 'Polypropylene Terephthalate, High strength'} top_collaborating_brands=[CollaborationRecommendation(name='LEGO', industry='Toys', rationale="LEGO's commitment to sustainability and innovative play aligns impeccably with BIONADE’s organic ethos. Both brands evoke a sense of imagination rooted in quality.", product_concept='BIONADE-inspired LEGO sets where children can build their own sustainable brewery and create imaginary recipes using organic building blocks, packaged in recycled PET bottles.'), CollaborationRecommendation(name='Adidas', industry='Sporting Goods/Fashion', rationale='Adidas leads in eco-innovation with a focus on performance and sustainability, much like BIONADE in beverages. Both resonate with an active lifestyle and conscious choices.', product_concept='A limited edition shoe line made from recycled BIONADE bottles where every pair tells the story of sustainability in sports. Each purchase includes a voucher for a BIONADE drink.'), CollaborationRecommendation(name='Patagonia', industry='Outdoor Apparel', rationale="Patagonia's dedication to the environment and responsible sourcing mirrors BIONADE’s organic approach. Both brands appeal to eco-conscious consumers who value authenticity.", product_concept="An outdoor picnic set that includes reusable containers made from recycled PET, perfectly combining BIONADE’s beverages with Patagonia's commitment to nature, sold together for outdoor enthusiasts."), CollaborationRecommendation(name='Canva', industry='Digital Design', rationale="Canva empowers creativity and personal expression, paralleling BIONADE's imaginative beverage offerings. Both brands engage their communities through creative storytelling.", product_concept='A series of customizable, label designs for BIONADE bottled drinks inspired by user-generated artwork on Canva, creating a fun and engaging experience that highlights personal touch.'), CollaborationRecommendation(name='Guitar Center', industry='Music Retail', rationale='Guitar Center serves musicians looking for unique experiences, akin to BIONADE’s innovative beverages. Both brands attract a culturally rich audience that values creativity.', product_concept='A special edition series of BIONADE products with artistic short stories and music themes, where each flavor corresponds to a musical genre, promoting live events and creative expression.')]
2025-05-22 18:56:42,373 INFO Creating Sustainability Brand Researcher agent
2025-05-22 18:56:42,378 INFO Creating Plastic analyst agent
2025-05-22 18:56:42,421 INFO id='b8ab8108-370c-429e-aeda-f8ad4e8dbec9' brand_name='Digital Product School' plastic_type='PP' location='Duesseldorf' brand_results={} plastic_results={} collab_results={} combined_results={} brand_research_needed=False plastic_research_needed=False brand_research_complete=False plastic_research_complete=False brand_saved_to_db=False plastic_saved_to_db=False
2025-05-22 18:56:47,597 INFO Starting BrandAnalystCrew with input: {'brand': 'Digital Product School', 'location': 'Duesseldorf'}
2025-05-22 18:56:47,597 INFO Creating analyze_target_brand task
2025-05-22 18:56:47,598 INFO Crew instance created
2025-05-22 18:56:53,566 INFO Crew execution completed with result: brand_id=None name='Digital Product School' industry='Education / Technology' main_products=['Digital product training programs', 'Innovation workshops', 'Startup support'] sustainability_initiatives=['Use of recyclable materials', 'Focus on sustainability in digital product development'] plastic_materials_used=[] past_collaborations=['Sustainability and circular economy initiatives'] operational_regions=['Düsseldorf', 'Germany']
2025-05-22 18:56:53,569 INFO Inside Router after research: {'brand_id': None, 'name': 'Digital Product School', 'industry': 'Education / Technology', 'main_products': ['Digital product training programs', 'Innovation workshops', 'Startup support'], 'sustainability_initiatives': ['Use of recyclable materials', 'Focus on sustainability in digital product development'], 'plastic_materials_used': [], 'past_collaborations': ['Sustainability and circular economy initiatives'], 'operational_regions': ['Düsseldorf', 'Germany']}
2025-05-22 18:56:53,570 INFO Storing Brand Info After research: {'brand_id': None, 'name': 'Digital Product School', 'industry': 'Education / Technology', 'main_products': ['Digital product training programs', 'Innovation workshops', 'Startup support'], 'sustainability_initiatives': ['Use of recyclable materials', 'Focus on sustainability in digital product development'], 'plastic_materials_used': [], 'past_collaborations': ['Sustainability and circular economy initiatives'], 'operational_regions': ['Düsseldorf', 'Germany']}
2025-05-22 18:56:53,710 ERROR Error saving brand to DB: object str can't be used in 'await' expression
2025-05-22 18:56:53,713 INFO Starting crew kickoff with input: {'brand_data': {'brand_id': None, 'name': 'Digital Product School', 'industry': 'Education / Technology', 'main_products': ['Digital product training programs', 'Innovation workshops', 'Startup support'], 'sustainability_initiatives': ['Use of recyclable materials', 'Focus on sustainability in digital product development'], 'plastic_materials_used': [], 'past_collaborations': ['Sustainability and circular economy initiatives'], 'operational_regions': ['Düsseldorf', 'Germany']}, 'plastic_data': {'id': 22, 'plastic_id': '40a509d3-58cd-504c-a8ad-2117541e458d', 'type': 'Polypropylene Terephthalate', 'properties': ['High strength', 'Lightweight', 'Good thermal stability', 'Chemical resistance'], 'applications': ['Bottles', 'Food packaging', 'Textiles', 'Automotive parts'], 'environmental_impact': "PPTV20 is not biodegradable and may contribute to plastic pollution, but it's recyclable under specific conditions.", 'recycling_potential': 'PPTV20 can be recycled through mechanical recycling or chemical recycling methods.', 'regional_relevance': None, 'created_at': '2025-05-21T12:15:55.560359', 'similarity_score': 0.815991222858429}}
2025-05-22 18:56:53,715 INFO Crew instance created
2025-05-22 18:57:05,853 INFO Crew execution completed with result: input_summary={'brand': 'Digital Product School, Education / Technology', 'plastic': 'Polypropylene Terephthalate, High strength'} top_collaborating_brands=[CollaborationRecommendation(name='Lego', industry='Toys', rationale="Lego has a rich history of sustainability initiatives and appeals to creativity in both children and adults, aligning well with Digital Product School's focus on innovation and training.", product_concept='A series of LEGO kits made from recycled Polypropylene Terephthalate that allow users to build their own digital product prototypes, combining physical modeling with digital learning.'), CollaborationRecommendation(name='Patagonia', industry='Outdoor Apparel', rationale="Patagonia's commitment to sustainability resonates with Digital Product School's innovative approach while emphasizing environmental consciousness.", product_concept='A limited edition line of durable outdoor gear made from recycled Polypropylene Terephthalate featuring QR codes stitched into fabric that link to sustainability courses offered by Digital Product School.'), CollaborationRecommendation(name='Bose', industry='Audio Technology', rationale='Bose represents cutting-edge technology and emotional connection through sound, which complements the Digital Product School’s focus on tech innovations.', product_concept='Portable sound systems made from recycled Polypropylene Terephthalate that provide workshops on sound design for digital products, merging auditory aesthetics with education.'), CollaborationRecommendation(name='Coca-Cola', industry='Beverages', rationale="Coca-Cola's heavy focus on recycling and circular economies aligns with Digital Product School's values and mission, creating a powerful partnership.", product_concept='An interactive beverage packaging experience utilizing recycled Polypropylene Terephthalate, with integrated digital product development tools and sustainability education apps in each packaging.'), CollaborationRecommendation(name='LEGO Education', industry='Education / Toys', rationale="LEGO Education aims to blend playful learning practices with digital skills - a perfect synergy with Digital Product School's mission in digital product training.", product_concept='Specialized educational kits that incorporate Polypropylene Terephthalate elements, tailored to teach digital product development via hands-on activities that enhance both creativity and technical skills.')]
2025-05-22 18:58:09,355 INFO Creating Sustainability Brand Researcher agent
2025-05-22 18:58:09,361 INFO Creating Plastic analyst agent
2025-05-22 18:58:09,388 INFO id='a5da4797-80ed-41eb-8b38-af7299c814ed' brand_name='Rockstart Games' plastic_type='PP' location='Duesseldorf' brand_results={} plastic_results={} collab_results={} combined_results={} brand_research_needed=False plastic_research_needed=False brand_research_complete=False plastic_research_complete=False brand_saved_to_db=False plastic_saved_to_db=False
2025-05-22 18:58:14,553 INFO Starting BrandAnalystCrew with input: {'brand': 'Rockstart Games', 'location': 'Duesseldorf'}
2025-05-22 18:58:14,553 INFO Creating analyze_target_brand task
2025-05-22 18:58:14,554 INFO Crew instance created
2025-05-22 18:58:26,614 INFO Crew execution completed with result: brand_id='rockstar-games' name='Rockstar Games' industry='Gaming' main_products=['Video Games', 'Interactive Entertainment'] sustainability_initiatives=['Integrating sustainability considerations across operations'] plastic_materials_used=[] past_collaborations=[] operational_regions=[]
2025-05-22 18:58:26,617 INFO Inside Router after research: {'brand_id': 'rockstar-games', 'name': 'Rockstar Games', 'industry': 'Gaming', 'main_products': ['Video Games', 'Interactive Entertainment'], 'sustainability_initiatives': ['Integrating sustainability considerations across operations'], 'plastic_materials_used': [], 'past_collaborations': [], 'operational_regions': []}
2025-05-22 18:58:26,617 INFO Storing Brand Info After research: {'brand_id': 'rockstar-games', 'name': 'Rockstar Games', 'industry': 'Gaming', 'main_products': ['Video Games', 'Interactive Entertainment'], 'sustainability_initiatives': ['Integrating sustainability considerations across operations'], 'plastic_materials_used': [], 'past_collaborations': [], 'operational_regions': []}
2025-05-22 18:58:26,733 ERROR Error saving brand to DB: object NoneType can't be used in 'await' expression
2025-05-22 18:58:26,736 INFO Starting crew kickoff with input: {'brand_data': {'brand_id': 'rockstar-games', 'name': 'Rockstar Games', 'industry': 'Gaming', 'main_products': ['Video Games', 'Interactive Entertainment'], 'sustainability_initiatives': ['Integrating sustainability considerations across operations'], 'plastic_materials_used': [], 'past_collaborations': [], 'operational_regions': []}, 'plastic_data': {'id': 22, 'plastic_id': '40a509d3-58cd-504c-a8ad-2117541e458d', 'type': 'Polypropylene Terephthalate', 'properties': ['High strength', 'Lightweight', 'Good thermal stability', 'Chemical resistance'], 'applications': ['Bottles', 'Food packaging', 'Textiles', 'Automotive parts'], 'environmental_impact': "PPTV20 is not biodegradable and may contribute to plastic pollution, but it's recyclable under specific conditions.", 'recycling_potential': 'PPTV20 can be recycled through mechanical recycling or chemical recycling methods.', 'regional_relevance': None, 'created_at': '2025-05-21T12:15:55.560359', 'similarity_score': 0.815991222858429}}
2025-05-22 18:58:26,738 INFO Crew instance created
2025-05-22 18:58:36,891 INFO Crew execution completed with result: input_summary={'brand': 'Rockstar Games - Gaming', 'plastic': 'Polypropylene Terephthalate - High strength'} top_collaborating_brands=[CollaborationRecommendation(name='LEGO', industry='Toys', rationale="LEGO is renowned for creativity and building narratives through play, aligning perfectly with Rockstar's immersive game worlds. The collaboration can amplify both brands' dedication to innovation and emotional storytelling.", product_concept='A line of customizable LEGO sets inspired by iconic scenes from Rockstar games, where each set includes mini-figures made from upcycled PPT, connecting the gaming and building experience story.'), CollaborationRecommendation(name='Patagonia', industry='Outdoor Apparel', rationale="Patagonia's commitment to sustainability and environmental storytelling resonates with Rockstar's edgy and forward-thinking image. Both brands aspire to push boundaries while caring for the planet.", product_concept='An exclusive line of outdoor adventure gear, such as backpacks made from recycled PPT, featuring designs and prints inspired by scenic locations from Rockstar games, symbolizing adventure and responsibility.'), CollaborationRecommendation(name='Fender', industry='Musical Instruments', rationale="Fender guitars often feature in Rockstar's game soundtracks, embodying the spirit of rebellion and creativity found in both music and gaming. This collaboration can elevate the experience of players and musicians alike.", product_concept="Signature guitars wrapped in recycled PPT materials featuring graphics of in-game soundtracks, attaching storytelling to the instruments that resonate with Rockstar's narrative-driven gameplay."), CollaborationRecommendation(name='Nike', industry='Athletic Apparel', rationale='Nike and Rockstar can connect over the dynamic culture of gaming and sports, merging their platforms to appeal to active gamers who blend gaming with lifestyle. This partnership can tap into the lifestyle aspirations of their audiences.', product_concept='A limited-edition line of sneakers made from recycled PPT, inspired by game characters or locations, integrating augmented reality features that unlock exclusive in-game content when scanned through a mobile app.'), CollaborationRecommendation(name='Aesop', industry='Skincare', rationale='Aesop’s emphasis on high-quality ingredients and storytelling through product formulations offers a unique angle for collaborative design with Rockstar Games, focusing on self-care for gamers.', product_concept='A luxury skincare line packaged in stylish, reusable containers made from recycled PPT, themed around game aesthetics, encouraging gamers to pamper themselves after immersive sessions while promoting sustainability.')]
2025-05-22 19:00:18,914 INFO Creating Sustainability Brand Researcher agent
2025-05-22 19:00:18,919 INFO Creating Plastic analyst agent
2025-05-22 19:00:18,944 INFO id='d3a7cbea-5383-492c-983f-e52bdfe4f278' brand_name='Nike' plastic_type='PET' location='India' brand_results={} plastic_results={} collab_results={} combined_results={} brand_research_needed=False plastic_research_needed=False brand_research_complete=False plastic_research_complete=False brand_saved_to_db=False plastic_saved_to_db=False
2025-05-22 19:00:24,088 INFO Starting BrandAnalystCrew with input: {'brand': 'Nike', 'location': 'India'}
2025-05-22 19:00:24,088 INFO Creating analyze_target_brand task
2025-05-22 19:00:24,090 INFO Crew instance created
2025-05-22 19:00:42,984 INFO Crew execution completed with result: brand_id=None name='Recycled Co.' industry=None main_products=['Recycled Apparel', 'Recycled Footwear', 'Recycled Accessories'] sustainability_initiatives=['Carbon Neutral Shipping', 'Plastic Waste Reduction', 'Eco-friendly Packaging'] plastic_materials_used=['rPET', 'bio-based plastics'] past_collaborations=['EcoFashion Week', 'Recycled Fashion Challenge'] operational_regions=['North America', 'Europe']
2025-05-22 19:00:42,987 INFO Inside Router after research: {'brand_id': None, 'name': 'Recycled Co.', 'industry': None, 'main_products': ['Recycled Apparel', 'Recycled Footwear', 'Recycled Accessories'], 'sustainability_initiatives': ['Carbon Neutral Shipping', 'Plastic Waste Reduction', 'Eco-friendly Packaging'], 'plastic_materials_used': ['rPET', 'bio-based plastics'], 'past_collaborations': ['EcoFashion Week', 'Recycled Fashion Challenge'], 'operational_regions': ['North America', 'Europe']}
2025-05-22 19:00:42,987 INFO Storing Brand Info After research: {'brand_id': None, 'name': 'Recycled Co.', 'industry': None, 'main_products': ['Recycled Apparel', 'Recycled Footwear', 'Recycled Accessories'], 'sustainability_initiatives': ['Carbon Neutral Shipping', 'Plastic Waste Reduction', 'Eco-friendly Packaging'], 'plastic_materials_used': ['rPET', 'bio-based plastics'], 'past_collaborations': ['EcoFashion Week', 'Recycled Fashion Challenge'], 'operational_regions': ['North America', 'Europe']}
2025-05-22 19:00:43,113 ERROR Error saving brand to DB: object str can't be used in 'await' expression
2025-05-22 19:00:43,116 INFO Starting crew kickoff with input: {'brand_data': {'brand_id': None, 'name': 'Recycled Co.', 'industry': None, 'main_products': ['Recycled Apparel', 'Recycled Footwear', 'Recycled Accessories'], 'sustainability_initiatives': ['Carbon Neutral Shipping', 'Plastic Waste Reduction', 'Eco-friendly Packaging'], 'plastic_materials_used': ['rPET', 'bio-based plastics'], 'past_collaborations': ['EcoFashion Week', 'Recycled Fashion Challenge'], 'operational_regions': ['North America', 'Europe']}, 'plastic_data': {'id': 18, 'plastic_id': 'fc781d3e-c5d5-529d-a273-023c861db790', 'type': 'Polyethylene Terephthalate (PET)', 'properties': ['Good mechanical properties', 'Resistance to impact', 'High tensile strength', 'Stable chemical structure'], 'applications': ['Beverage bottles', 'Food packaging', 'Textiles (e.g., polyester fibers)', 'Thermal insulation'], 'environmental_impact': 'PET is not biodegradable and can contribute to pollution. Its production and disposal can release harmful chemicals into the environment, affecting ecosystems and human health.', 'recycling_potential': 'PET is one of the most widely recycled plastics; it can be nearly infinitely recycled, which helps reduce the need for virgin materials and lowers greenhouse gas emissions by up to 90%.', 'regional_relevance': None, 'created_at': '2025-05-21T11:47:02.205759', 'similarity_score': 0.8036322295665741}}
2025-05-22 19:00:43,118 INFO Crew instance created
2025-05-22 19:00:52,467 INFO Crew execution completed with result: input_summary={'brand': 'Recycled Co. - Recycled Apparel and Accessories', 'plastic': 'Polyethylene Terephthalate (PET) - Good mechanical properties'} top_collaborating_brands=[CollaborationRecommendation(name='LEGO', industry='Toys', rationale="Both brands champion creativity and sustainability, aligning LEGO's playful innovation with Recycled Co.'s eco-conscious focus.", product_concept='LEGO bricks made from rPET, featuring a line of fashion accessories that kids can build and wear, bridging play and sustainable fashion.'), CollaborationRecommendation(name='Nike', industry='Sportswear', rationale="Nike's commitment to innovation in material use and sustainability pairs well with Recycled Co.'s upcycled products, appealing to an active, environmentally-aware audience.", product_concept='A limited-edition line of sneakers and apparel made from rPET, each pair featuring unique designs inspired by upcycled plastic pollution.'), CollaborationRecommendation(name='Apple', industry='Technology', rationale="Apple's pursuit of sustainability through eco-friendly products complements Recycled Co.'s approach, enhancing emotional connectivity among eco-conscious tech users.", product_concept='Stylish, tech-savvy bags made from rPET to carry Apple devices, featuring special compartments for charging accessories and designed with a sleek, modern aesthetic.'), CollaborationRecommendation(name='Chanel', industry='Luxury Fashion', rationale='Chanel’s heritage of elegance combined with a progressive stance on sustainability presents a unique match for a high-end eco-friendly collection from Recycled Co.', product_concept="A capsule collection featuring upscale recycled handbags and accessories that narrate the story of the material's journey, emphasizing luxury with a purpose."), CollaborationRecommendation(name='Bose', industry='Audio Technology', rationale="Bose's focus on creating immersive audio experiences aligns with Recycled Co.’s goal of enhancing lifestyles through sustainable choices.", product_concept='Headphones crafted with rPET, featuring sound quality that resonates with the commitment to environmental responsibility, complete with packaging made from recycled materials.')]
2025-05-22 19:01:13,761 INFO Creating Sustainability Brand Researcher agent
2025-05-22 19:01:13,765 INFO Creating Plastic analyst agent
2025-05-22 19:01:13,785 INFO id='b61f176a-8190-4736-8f0b-13f3de7b00e1' brand_name='Nike' plastic_type='PET' location='India' brand_results={} plastic_results={} collab_results={} combined_results={} brand_research_needed=False plastic_research_needed=False brand_research_complete=False plastic_research_complete=False brand_saved_to_db=False plastic_saved_to_db=False
2025-05-22 19:01:18,968 INFO Starting BrandAnalystCrew with input: {'brand': 'Nike', 'location': 'India'}
2025-05-22 19:01:18,968 INFO Creating analyze_target_brand task
2025-05-22 19:01:18,970 INFO Crew instance created
2025-05-22 19:01:23,699 INFO Crew execution completed with result: brand_id=None name='Nike' industry='Sportswear' main_products=['Footwear', 'Apparel', 'Equipment'] sustainability_initiatives=['Move to Zero', 'Nike Grind', 'Circular economy practices', 'Reduction of waste through recycling'] plastic_materials_used=['Recycled polyester from plastic bottles', 'Thermoplastics from shoes'] past_collaborations=['Collaborations with environmental organizations to promote sustainability'] operational_regions=['Global', 'North America', 'Europe', 'Asia']
2025-05-22 19:01:23,702 INFO Inside Router after research: {'brand_id': None, 'name': 'Nike', 'industry': 'Sportswear', 'main_products': ['Footwear', 'Apparel', 'Equipment'], 'sustainability_initiatives': ['Move to Zero', 'Nike Grind', 'Circular economy practices', 'Reduction of waste through recycling'], 'plastic_materials_used': ['Recycled polyester from plastic bottles', 'Thermoplastics from shoes'], 'past_collaborations': ['Collaborations with environmental organizations to promote sustainability'], 'operational_regions': ['Global', 'North America', 'Europe', 'Asia']}
2025-05-22 19:01:23,703 INFO Storing Brand Info After research: {'brand_id': None, 'name': 'Nike', 'industry': 'Sportswear', 'main_products': ['Footwear', 'Apparel', 'Equipment'], 'sustainability_initiatives': ['Move to Zero', 'Nike Grind', 'Circular economy practices', 'Reduction of waste through recycling'], 'plastic_materials_used': ['Recycled polyester from plastic bottles', 'Thermoplastics from shoes'], 'past_collaborations': ['Collaborations with environmental organizations to promote sustainability'], 'operational_regions': ['Global', 'North America', 'Europe', 'Asia']}
2025-05-22 19:01:23,860 ERROR Error saving brand to DB: object str can't be used in 'await' expression
2025-05-22 19:01:23,863 INFO Starting crew kickoff with input: {'brand_data': {'brand_id': None, 'name': 'Nike', 'industry': 'Sportswear', 'main_products': ['Footwear', 'Apparel', 'Equipment'], 'sustainability_initiatives': ['Move to Zero', 'Nike Grind', 'Circular economy practices', 'Reduction of waste through recycling'], 'plastic_materials_used': ['Recycled polyester from plastic bottles', 'Thermoplastics from shoes'], 'past_collaborations': ['Collaborations with environmental organizations to promote sustainability'], 'operational_regions': ['Global', 'North America', 'Europe', 'Asia']}, 'plastic_data': {'id': 18, 'plastic_id': 'fc781d3e-c5d5-529d-a273-023c861db790', 'type': 'Polyethylene Terephthalate (PET)', 'properties': ['Good mechanical properties', 'Resistance to impact', 'High tensile strength', 'Stable chemical structure'], 'applications': ['Beverage bottles', 'Food packaging', 'Textiles (e.g., polyester fibers)', 'Thermal insulation'], 'environmental_impact': 'PET is not biodegradable and can contribute to pollution. Its production and disposal can release harmful chemicals into the environment, affecting ecosystems and human health.', 'recycling_potential': 'PET is one of the most widely recycled plastics; it can be nearly infinitely recycled, which helps reduce the need for virgin materials and lowers greenhouse gas emissions by up to 90%.', 'regional_relevance': None, 'created_at': '2025-05-21T11:47:02.205759', 'similarity_score': 0.8036322295665741}}
2025-05-22 19:01:23,865 INFO Crew instance created
2025-05-22 19:01:35,785 INFO Crew execution completed with result: input_summary={'brand': 'Nike, Sportswear', 'plastic': 'Polyethylene Terephthalate (PET), Good mechanical properties'} top_collaborating_brands=[CollaborationRecommendation(name='Lego', industry='Toys', rationale="Lego promotes creativity and sustainability through its building block philosophy, making it a charming counterpart to Nike's innovative spirit. Both brands value creating something out of nothing and encourage children to imagine and build their own worlds.", product_concept='A line of Lego kits that feature buildable sports equipment, such as mini sneakers and sports gear made from recycled PET, allowing children to construct their own sports scenes while learning about sustainability.'), CollaborationRecommendation(name='Patagonia', industry='Outdoor Apparel', rationale="Patagonia embodies the ethos of sustainability and environmental stewardship, aligning perfectly with Nike's Move to Zero initiative. Both brands appeal to conscious consumers who value the environment and ethical practices.", product_concept='A collaborative collection of outdoor gear built using recycled PET fabric, designed for durability and functionality, like a backpack that converts into a picnic blanket made from collected plastic bottles, showcasing the lifecycle of materials.'), CollaborationRecommendation(name='Sony', industry='Technology', rationale='Sony is synonymous with innovation and entertainment. A partnership with Nike could explore the intersection of technology and sports, combining their narratives of pushing boundaries.', product_concept='An interactive fitness app that uses augmented reality to let users visualize the impact of recycling PET to create performance gear, allowing users to earn rewards like Nike footwear made from the very PET bottles they recycle.'), CollaborationRecommendation(name='LEGO', industry='Toys', rationale='LEGO captures imagination and creativity, while also emphasizing sustainability in their products. Both Nike and LEGO operate within the youth culture sector and can seamlessly align their branding to inspire future generations.', product_concept='Limited edition Lego sets designed to create sports-themed worlds, where kids can build their own stadiums, athletes, and gear, made from recycled PET plastic elements, promoting environmental awareness through play.'), CollaborationRecommendation(name='IKEA', industry='Furniture & Home Goods', rationale="IKEA is known for its focus on affordable design and sustainability. This collaboration can bridge the home and active lifestyle markets, tapping into consumers' interests in creating both functional and stylish living spaces.", product_concept='A range of home workout products, such as yoga mats and resistance bands, crafted from recycled PET, which come with an option for sustainable living tips that inspire consumers to integrate fitness into their home environment.')]
2025-05-22 19:03:45,110 INFO Creating Sustainability Brand Researcher agent
2025-05-22 19:03:45,113 INFO Creating Plastic analyst agent
2025-05-22 19:03:45,134 INFO id='13020827-4101-49ac-9d76-f8078cba3495' brand_name='So iLL' plastic_type='PET' location='Canada' brand_results={} plastic_results={} collab_results={} combined_results={} brand_research_needed=False plastic_research_needed=False brand_research_complete=False plastic_research_complete=False brand_saved_to_db=False plastic_saved_to_db=False
2025-05-22 19:03:50,286 INFO Starting BrandAnalystCrew with input: {'brand': 'So iLL', 'location': 'Canada'}
2025-05-22 19:03:50,286 INFO Creating analyze_target_brand task
2025-05-22 19:03:50,287 INFO Crew instance created
2025-05-22 19:03:54,132 INFO Crew execution completed with result: brand_id=None name='So iLL' industry=None main_products=[] sustainability_initiatives=[] plastic_materials_used=[] past_collaborations=[] operational_regions=[]
2025-05-22 19:03:54,135 INFO Inside Router after research: {'brand_id': None, 'name': 'So iLL', 'industry': None, 'main_products': [], 'sustainability_initiatives': [], 'plastic_materials_used': [], 'past_collaborations': [], 'operational_regions': []}
2025-05-22 19:03:54,135 INFO Storing Brand Info After research: {'brand_id': None, 'name': 'So iLL', 'industry': None, 'main_products': [], 'sustainability_initiatives': [], 'plastic_materials_used': [], 'past_collaborations': [], 'operational_regions': []}
2025-05-22 19:03:54,263 ERROR Error saving brand to DB: object str can't be used in 'await' expression
2025-05-22 19:03:54,266 INFO Starting crew kickoff with input: {'brand_data': {'brand_id': None, 'name': 'So iLL', 'industry': None, 'main_products': [], 'sustainability_initiatives': [], 'plastic_materials_used': [], 'past_collaborations': [], 'operational_regions': []}, 'plastic_data': {'id': 18, 'plastic_id': 'fc781d3e-c5d5-529d-a273-023c861db790', 'type': 'Polyethylene Terephthalate (PET)', 'properties': ['Good mechanical properties', 'Resistance to impact', 'High tensile strength', 'Stable chemical structure'], 'applications': ['Beverage bottles', 'Food packaging', 'Textiles (e.g., polyester fibers)', 'Thermal insulation'], 'environmental_impact': 'PET is not biodegradable and can contribute to pollution. Its production and disposal can release harmful chemicals into the environment, affecting ecosystems and human health.', 'recycling_potential': 'PET is one of the most widely recycled plastics; it can be nearly infinitely recycled, which helps reduce the need for virgin materials and lowers greenhouse gas emissions by up to 90%.', 'regional_relevance': None, 'created_at': '2025-05-21T11:47:02.205759', 'similarity_score': 0.8036322295665741}}
2025-05-22 19:03:54,267 INFO Crew instance created
2025-05-22 19:04:04,680 INFO Crew execution completed with result: input_summary={'brand': 'So iLL', 'plastic': 'Polyethylene Terephthalate (PET) - Good mechanical properties'} top_collaborating_brands=[CollaborationRecommendation(name='Lego', industry='Toys', rationale="Lego is a brand that emphasizes creativity and sustainability, aligning with So iLL's community-focused and innovative approach. The collaboration can tell a story of building a better future through play.", product_concept='Limited edition climbing holds designed to look like iconic Lego structures, made from upcycled PET material. Each set could come with a small Lego mini-figure designed to inspire youth climbers.'), CollaborationRecommendation(name='Adidas', industry='Sportswear', rationale="Adidas is committed to using recycled materials in its products, aligning seamlessly with So iLL's ethos of sustainability while appealing to active lifestyle enthusiasts.", product_concept="A co-branded line of climbing shoes made partially from recycled PET bottles, featuring designs inspired by climbers' community stories. This will promote both performance and sustainable practices in athletic wear."), CollaborationRecommendation(name='Aesop', industry='Skincare', rationale="Aesop's commitment to natural ingredients and sustainable packaging resonates with the environmentally conscious customer base of So iLL, creating a unique intersection of wellness and climbing.", product_concept='A limited edition skincare kit for climbers featuring post-climb recovery products in travel-sized bottles made from recycled PET, with personalized stories about the importance of self-care and wellness in the climbing community.'), CollaborationRecommendation(name='Nikon', industry='Photography', rationale="Nikon's focus on capturing life’s moments correlates with climbers’ desire to document their adventures. This partnership can merge creativity in photography with sustainable Practices from So iLL.", product_concept='A special series of rugged, portable camera bags made from recycled PET, promoting both adventure and environmental responsibility, along with a photography contest showcasing the beauty of climbing spots captured by Nikon users.'), CollaborationRecommendation(name='VinylMePlease', industry='Music', rationale='VinylMePlease transforms the nostalgia of music into a collectible experience. This collaboration could connect climbers and music lovers, emphasizing community and shareable moments.', product_concept='A limited edition vinyl record made from recycled PET, featuring curated climbing-themed playlists. Each purchase includes a monthly climbing event ticket and a community bonding opportunity over music and climbing.')]
2025-05-22 19:07:41,593 INFO Creating Sustainability Brand Researcher agent
2025-05-22 19:07:41,598 INFO Creating Plastic analyst agent
2025-05-22 19:07:41,626 INFO id='7c070b8b-3655-48d7-a1dc-d9f344bb2774' brand_name='muji' plastic_type='PP' location='japan' brand_results={} plastic_results={} collab_results={} combined_results={} brand_research_needed=False plastic_research_needed=False brand_research_complete=False plastic_research_complete=False brand_saved_to_db=False plastic_saved_to_db=False
2025-05-22 19:07:46,802 INFO Starting BrandAnalystCrew with input: {'brand': 'muji', 'location': 'japan'}
2025-05-22 19:07:46,803 INFO Creating analyze_target_brand task
2025-05-22 19:07:46,804 INFO Crew instance created
2025-05-22 19:07:51,684 INFO Crew execution completed with result: brand_id=None name='Muji' industry='Retail' main_products=['Household goods', 'Furniture', 'Clothing', 'Stationery'] sustainability_initiatives=['Reduce, reuse, recycle', 'Plastic recycling initiatives', 'Collaboration with Gogoro on recycling programs'] plastic_materials_used=['Polypropylene (PP) plastic', 'Recycled plastics'] past_collaborations=['Gogoro on electric scooters', 'Recycling for Good initiative'] operational_regions=['Japan', 'Taiwan', 'International']
2025-05-22 19:07:51,689 INFO Inside Router after research: {'brand_id': None, 'name': 'Muji', 'industry': 'Retail', 'main_products': ['Household goods', 'Furniture', 'Clothing', 'Stationery'], 'sustainability_initiatives': ['Reduce, reuse, recycle', 'Plastic recycling initiatives', 'Collaboration with Gogoro on recycling programs'], 'plastic_materials_used': ['Polypropylene (PP) plastic', 'Recycled plastics'], 'past_collaborations': ['Gogoro on electric scooters', 'Recycling for Good initiative'], 'operational_regions': ['Japan', 'Taiwan', 'International']}
2025-05-22 19:07:51,689 INFO Storing Brand Info After research: {'brand_id': None, 'name': 'Muji', 'industry': 'Retail', 'main_products': ['Household goods', 'Furniture', 'Clothing', 'Stationery'], 'sustainability_initiatives': ['Reduce, reuse, recycle', 'Plastic recycling initiatives', 'Collaboration with Gogoro on recycling programs'], 'plastic_materials_used': ['Polypropylene (PP) plastic', 'Recycled plastics'], 'past_collaborations': ['Gogoro on electric scooters', 'Recycling for Good initiative'], 'operational_regions': ['Japan', 'Taiwan', 'International']}
2025-05-22 19:07:51,849 ERROR Error saving brand to DB: object str can't be used in 'await' expression
2025-05-22 19:07:51,852 INFO Starting crew kickoff with input: {'brand_data': {'brand_id': None, 'name': 'Muji', 'industry': 'Retail', 'main_products': ['Household goods', 'Furniture', 'Clothing', 'Stationery'], 'sustainability_initiatives': ['Reduce, reuse, recycle', 'Plastic recycling initiatives', 'Collaboration with Gogoro on recycling programs'], 'plastic_materials_used': ['Polypropylene (PP) plastic', 'Recycled plastics'], 'past_collaborations': ['Gogoro on electric scooters', 'Recycling for Good initiative'], 'operational_regions': ['Japan', 'Taiwan', 'International']}, 'plastic_data': {'id': 22, 'plastic_id': '40a509d3-58cd-504c-a8ad-2117541e458d', 'type': 'Polypropylene Terephthalate', 'properties': ['High strength', 'Lightweight', 'Good thermal stability', 'Chemical resistance'], 'applications': ['Bottles', 'Food packaging', 'Textiles', 'Automotive parts'], 'environmental_impact': "PPTV20 is not biodegradable and may contribute to plastic pollution, but it's recyclable under specific conditions.", 'recycling_potential': 'PPTV20 can be recycled through mechanical recycling or chemical recycling methods.', 'regional_relevance': None, 'created_at': '2025-05-21T12:15:55.560359', 'similarity_score': 0.815991222858429}}
2025-05-22 19:07:51,855 INFO Crew instance created
2025-05-22 19:08:03,997 INFO Crew execution completed with result: input_summary={'brand': 'Muji, Retail', 'plastic': 'Polypropylene Terephthalate, High strength'} top_collaborating_brands=[CollaborationRecommendation(name='Lego', industry='Toys', rationale="Both brands focus on thoughtful design and sustainability, with Lego pioneering eco-friendly materials. A collaboration would merge functional play with Muji's minimalist ethos.", product_concept="A limited-edition line of Lego sets designed with Muji's aesthetic using recycled PPT plastics, featuring modular structures that emphasize environmental themes."), CollaborationRecommendation(name='Fjällräven', industry='Outdoor Apparel', rationale="Fjällräven's focus on outdoor adventure and sustainability aligns with Muji's practical design philosophy, creating an emotionally resonant narrative of exploration and conservation.", product_concept='A line of lightweight backpacks and outdoor gear made from recycled PPT plastics, featuring an interactive app that educates users about responsible environmental practices while hiking.'), CollaborationRecommendation(name='Bang & Olufsen', industry='Audio Technology', rationale="Bang & Olufsen embodies luxury and craftsmanship, complementing Muji's minimalist design ethos. This collaboration could create an aspirational yet functional narrative.", product_concept='Stylish, high-end portable speakers crafted from upcycled PPT plastics, integrating Muji’s simplicity with B&O’s premium sound, marketed towards environmentally conscious audiophiles.'), CollaborationRecommendation(name='Herman Miller', industry='Furniture', rationale="Herman Miller’s legacy in ergonomic and iconic furniture design matches well with Muji's functional aesthetics. The collaboration would emphasize sustainable living spaces.", product_concept="A limited series of office chairs made from recycled PPT plastics, designed with Muji's minimalist flair, promoting sustainable work-from-home productivity."), CollaborationRecommendation(name='ViacomCBS', industry='Entertainment', rationale='With a vast library of nostalgic characters and stories, ViacomCBS can create a cultural phenomenon through innovative products that speak to adults and children alike.', product_concept='A collection of collectible figurines of iconic characters made from recycled PPT plastics, reimagined with a Muji-inspired aesthetic to resonate with fans of all ages, fostering a sense of nostalgia.')]
2025-05-22 19:09:38,549 INFO Creating Sustainability Brand Researcher agent
2025-05-22 19:09:38,553 INFO Creating Plastic analyst agent
2025-05-22 19:09:38,591 INFO id='c5aa88ec-d557-431d-ac1d-b571830f3ca6' brand_name='dopper' plastic_type='PP' location='netherlands' brand_results={} plastic_results={} collab_results={} combined_results={} brand_research_needed=False plastic_research_needed=False brand_research_complete=False plastic_research_complete=False brand_saved_to_db=False plastic_saved_to_db=False
2025-05-22 19:09:43,745 INFO Starting BrandAnalystCrew with input: {'brand': 'dopper', 'location': 'netherlands'}
2025-05-22 19:09:43,745 INFO Creating analyze_target_brand task
2025-05-22 19:09:43,747 INFO Crew instance created
2025-05-22 19:09:48,582 INFO Crew execution completed with result: brand_id=None name='Dopper' industry='Beverage Container' main_products=['Reusable water bottles'] sustainability_initiatives=['Certified Carbon Neutral', 'Educating about plastic waste', 'Empowers individuals to save single-use plastic bottles'] plastic_materials_used=['BPA-free plastic', "Eastman's Tritan Renew"] past_collaborations=['Collaboration with Evian'] operational_regions=['Netherlands']
2025-05-22 19:09:48,586 INFO Inside Router after research: {'brand_id': None, 'name': 'Dopper', 'industry': 'Beverage Container', 'main_products': ['Reusable water bottles'], 'sustainability_initiatives': ['Certified Carbon Neutral', 'Educating about plastic waste', 'Empowers individuals to save single-use plastic bottles'], 'plastic_materials_used': ['BPA-free plastic', "Eastman's Tritan Renew"], 'past_collaborations': ['Collaboration with Evian'], 'operational_regions': ['Netherlands']}
2025-05-22 19:09:48,586 INFO Storing Brand Info After research: {'brand_id': None, 'name': 'Dopper', 'industry': 'Beverage Container', 'main_products': ['Reusable water bottles'], 'sustainability_initiatives': ['Certified Carbon Neutral', 'Educating about plastic waste', 'Empowers individuals to save single-use plastic bottles'], 'plastic_materials_used': ['BPA-free plastic', "Eastman's Tritan Renew"], 'past_collaborations': ['Collaboration with Evian'], 'operational_regions': ['Netherlands']}
2025-05-22 19:09:48,732 ERROR Error saving brand to DB: object str can't be used in 'await' expression
2025-05-22 19:09:48,735 INFO Starting crew kickoff with input: {'brand_data': {'brand_id': None, 'name': 'Dopper', 'industry': 'Beverage Container', 'main_products': ['Reusable water bottles'], 'sustainability_initiatives': ['Certified Carbon Neutral', 'Educating about plastic waste', 'Empowers individuals to save single-use plastic bottles'], 'plastic_materials_used': ['BPA-free plastic', "Eastman's Tritan Renew"], 'past_collaborations': ['Collaboration with Evian'], 'operational_regions': ['Netherlands']}, 'plastic_data': {'id': 22, 'plastic_id': '40a509d3-58cd-504c-a8ad-2117541e458d', 'type': 'Polypropylene Terephthalate', 'properties': ['High strength', 'Lightweight', 'Good thermal stability', 'Chemical resistance'], 'applications': ['Bottles', 'Food packaging', 'Textiles', 'Automotive parts'], 'environmental_impact': "PPTV20 is not biodegradable and may contribute to plastic pollution, but it's recyclable under specific conditions.", 'recycling_potential': 'PPTV20 can be recycled through mechanical recycling or chemical recycling methods.', 'regional_relevance': None, 'created_at': '2025-05-21T12:15:55.560359', 'similarity_score': 0.815991222858429}}
2025-05-22 19:09:48,736 INFO Crew instance created
2025-05-22 19:10:00,125 INFO Crew execution completed with result: input_summary={'brand': 'Dopper - Beverage Container', 'plastic': 'Polypropylene Terephthalate - High strength'} top_collaborating_brands=[CollaborationRecommendation(name='LEGO', industry='Toys', rationale="LEGO's emphasis on creativity and building aligns with Dopper's mission to inspire solutions to plastic waste. Both brands appeal to a community focused on sustainability and innovation.", product_concept='A collectible LEGO set themed around the ocean, featuring Dopper bottles as building blocks, each made from upcycled Tritan Renew, symbolizing the sustainable journey from plastic waste to responsible play.'), CollaborationRecommendation(name='Patagonia', industry='Outdoor Apparel', rationale="Patagonia's commitment to environmental activism complements Dopper's initiative to reduce single-use plastic waste. Both brands share a narrative of adventure and sustainability, appealing to eco-conscious consumers.", product_concept='A limited-edition collection of outdoor gear that incorporates recycled Tritan plastic in the form of durable, reusable water bottles, with designs inspired by natural landscapes, merging function with an eco-positive message.'), CollaborationRecommendation(name='Bamboo Skewers', industry='Home Goods', rationale="Bamboo Skewers focuses on eco-friendly kitchenware, aligning with Dopper's ethos toward sustainability. This partnership could create a playful yet impactful collaboration focused on sustainability in the kitchen.", product_concept='An eco-friendly party set featuring reusable Tritan-based utensils and serving platters, designed for gatherings while educating users on reducing plastic waste, delivered in sustainable packaging.'), CollaborationRecommendation(name='Nintendo', industry='Gaming', rationale="Nintendo's playful and imaginative brand identity can synergize with Dopper's commitment to sustainability, reaching a younger audience passionate about gaming and environmental responsibility.", product_concept='A themed water bottle inspired by a popular Nintendo character, crafted from Tritan Renew, complete with a digital badge that earns players in-game rewards for eco-friendly initiatives, merging play with purpose.'), CollaborationRecommendation(name='Tesla', industry='Automotive', rationale="Tesla's innovative approach to sustainability and advanced technology can elevate Dopper's mission in a fresh and exciting way, appealing to a tech-savvy, eco-conscious demographic.", product_concept='An exclusive line of sleek, reusable water bottles designed for electric vehicle owners, made from recycled Tritan, equipped with a battery-free smart sensor that tracks hydration, reinforcing the eco-responsible lifestyle.')]
2025-05-22 19:10:40,027 INFO Creating Sustainability Brand Researcher agent
2025-05-22 19:10:40,031 INFO Creating Plastic analyst agent
2025-05-22 19:10:40,053 INFO id='4be73732-dd4d-41dd-a57a-fd3099bbe0f7' brand_name='dopper' plastic_type='PP' location='netherlands' brand_results={} plastic_results={} collab_results={} combined_results={} brand_research_needed=False plastic_research_needed=False brand_research_complete=False plastic_research_complete=False brand_saved_to_db=False plastic_saved_to_db=False
2025-05-22 19:10:45,214 INFO Starting crew kickoff with input: {'brand_data': {'id': 29, 'brand_id': '65cc40be-915a-53bf-89af-d3b2a5e4a46a', 'name': 'Dopper', 'industry': 'Beverage Container', 'main_products': ['Reusable water bottles'], 'sustainability_initiatives': ['Certified Carbon Neutral', 'Educating about plastic waste', 'Empowers individuals to save single-use plastic bottles'], 'plastic_materials_used': ['BPA-free plastic', "Eastman's Tritan Renew"], 'past_collaborations': ['Collaboration with Evian'], 'operational_regions': ['Netherlands'], 'created_at': '2025-05-22T17:09:48.630949', 'similarity_score': 0.8036119639873505}, 'plastic_data': {'id': 22, 'plastic_id': '40a509d3-58cd-504c-a8ad-2117541e458d', 'type': 'Polypropylene Terephthalate', 'properties': ['High strength', 'Lightweight', 'Good thermal stability', 'Chemical resistance'], 'applications': ['Bottles', 'Food packaging', 'Textiles', 'Automotive parts'], 'environmental_impact': "PPTV20 is not biodegradable and may contribute to plastic pollution, but it's recyclable under specific conditions.", 'recycling_potential': 'PPTV20 can be recycled through mechanical recycling or chemical recycling methods.', 'regional_relevance': None, 'created_at': '2025-05-21T12:15:55.560359', 'similarity_score': 0.815991222858429}}
2025-05-22 19:10:45,216 INFO Crew instance created
2025-05-22 19:10:56,954 INFO Crew execution completed with result: input_summary={'brand': 'Dopper, Beverage Container', 'plastic': 'Polypropylene Terephthalate, Lightweight'} top_collaborating_brands=[CollaborationRecommendation(name='LEGO', industry='Toys', rationale='LEGO embodies creativity and sustainability, making them an ideal partner for Dopper, which focuses on eco-friendly solutions. Both brands can empower consumers to engage in more sustainable practices.', product_concept='A limited-edition LEGO accessory kit made from recycled Dopper bottles, allowing users to build miniature eco-friendly structures or designs, promoting reusability through play.'), CollaborationRecommendation(name='Patagonia', industry='Outdoor Apparel', rationale="Patagonia’s commitment to environmental ethics aligns with Dopper's mission to reduce plastic waste. The partnership can amplify sustainability messaging through a shared ethos.", product_concept="A line of stylish outdoor backpacks made from recycled Dopper's Tritan Renew plastic, designed to include an integrated, collapsible Dopper water bottle holder, merging functionality with environmental responsibility."), CollaborationRecommendation(name='Fjällräven', industry='Outdoor Gear', rationale="Fjällräven's focus on functional and sustainable outdoor products resonates with Dopper's mission to fight plastic waste. This collaboration can target eco-conscious adventurers.", product_concept="An innovative outdoor cooking set made from durable recycled plastic that includes a collapsible Dopper water bottle and an integrated pot that echoes Fjällräven's iconic design."), CollaborationRecommendation(name='TOMS', industry='Footwear', rationale="TOMS has built a strong brand around social impact, echoing Dopper's aim to educate and reduce plastic waste. Together, they can create a powerful narrative around conscious consumerism.", product_concept='A limited edition footwear line featuring uppers made from recycled TPR sourced from Dopper bottle waste, with each purchase funding clean water initiatives.'), CollaborationRecommendation(name='Cirque du Soleil', industry='Entertainment', rationale='Cirque du Soleil emphasizes innovation, creativity, and a connection to the environment, making them a suitable partner to create an emotionally resonant campaign focusing on water conservation.', product_concept='A series of collectible, artistically designed Dopper bottles inspired by Cirque du Soleil performances, with each bottle accompanied by a short story highlighting the importance of water conservation.')]
2025-05-22 19:12:49,465 INFO Creating Sustainability Brand Researcher agent
2025-05-22 19:12:49,469 INFO Creating Plastic analyst agent
2025-05-22 19:12:49,491 INFO id='cd3a8f37-ec85-42d0-9d80-4786bade2829' brand_name='NS' plastic_type='PP' location='netherlands' brand_results={} plastic_results={} collab_results={} combined_results={} brand_research_needed=False plastic_research_needed=False brand_research_complete=False plastic_research_complete=False brand_saved_to_db=False plastic_saved_to_db=False
2025-05-22 19:12:54,691 INFO Starting BrandAnalystCrew with input: {'brand': 'NS', 'location': 'netherlands'}
2025-05-22 19:12:54,691 INFO Creating analyze_target_brand task
2025-05-22 19:12:54,692 INFO Crew instance created
2025-05-22 19:12:58,809 INFO Crew execution completed with result: brand_id=None name='NS' industry='Steel manufacturing' main_products=['Steel products', 'Industrial materials'] sustainability_initiatives=['Recycling of waste plastics', 'Collaboration with society to manage waste'] plastic_materials_used=['Waste plastics'] past_collaborations=['Collaboration with society and industries on recycling waste plastics'] operational_regions=['Netherlands', 'Japan']
2025-05-22 19:12:58,812 INFO Inside Router after research: {'brand_id': None, 'name': 'NS', 'industry': 'Steel manufacturing', 'main_products': ['Steel products', 'Industrial materials'], 'sustainability_initiatives': ['Recycling of waste plastics', 'Collaboration with society to manage waste'], 'plastic_materials_used': ['Waste plastics'], 'past_collaborations': ['Collaboration with society and industries on recycling waste plastics'], 'operational_regions': ['Netherlands', 'Japan']}
2025-05-22 19:12:58,812 INFO Storing Brand Info After research: {'brand_id': None, 'name': 'NS', 'industry': 'Steel manufacturing', 'main_products': ['Steel products', 'Industrial materials'], 'sustainability_initiatives': ['Recycling of waste plastics', 'Collaboration with society to manage waste'], 'plastic_materials_used': ['Waste plastics'], 'past_collaborations': ['Collaboration with society and industries on recycling waste plastics'], 'operational_regions': ['Netherlands', 'Japan']}
2025-05-22 19:12:58,939 ERROR Error saving brand to DB: object str can't be used in 'await' expression
2025-05-22 19:12:58,942 INFO Starting crew kickoff with input: {'brand_data': {'brand_id': None, 'name': 'NS', 'industry': 'Steel manufacturing', 'main_products': ['Steel products', 'Industrial materials'], 'sustainability_initiatives': ['Recycling of waste plastics', 'Collaboration with society to manage waste'], 'plastic_materials_used': ['Waste plastics'], 'past_collaborations': ['Collaboration with society and industries on recycling waste plastics'], 'operational_regions': ['Netherlands', 'Japan']}, 'plastic_data': {'id': 22, 'plastic_id': '40a509d3-58cd-504c-a8ad-2117541e458d', 'type': 'Polypropylene Terephthalate', 'properties': ['High strength', 'Lightweight', 'Good thermal stability', 'Chemical resistance'], 'applications': ['Bottles', 'Food packaging', 'Textiles', 'Automotive parts'], 'environmental_impact': "PPTV20 is not biodegradable and may contribute to plastic pollution, but it's recyclable under specific conditions.", 'recycling_potential': 'PPTV20 can be recycled through mechanical recycling or chemical recycling methods.', 'regional_relevance': None, 'created_at': '2025-05-21T12:15:55.560359', 'similarity_score': 0.815991222858429}}
2025-05-22 19:12:58,944 INFO Crew instance created
2025-05-22 19:13:10,078 INFO Crew execution completed with result: input_summary={'brand': 'NS - Steel manufacturing', 'plastic': 'Polypropylene Terephthalate - Lightweight'} top_collaborating_brands=[CollaborationRecommendation(name='LEGO', industry='Toys', rationale='LEGO is renowned for its creative and imaginative play, promoting innovation while appealing to nostalgia. By integrating waste plastics into its building sets, they can enhance the narrative of construction through sustainability.', product_concept='A unique line of LEGO bricks made from recycled waste plastics, allowing children to build structures that not only inspire creativity but also reflect an eco-friendly initiative. These bricks could symbolically represent the fusion of construction and sustainability, telling stories of rebuilding the planet.'), CollaborationRecommendation(name='Nike', industry='Athletic Footwear', rationale='Nike has a strong commitment to sustainability and innovation in sports gear. Partnering with a steel manufacturer to create footwear components allows both brands to merge performance with environmental consciousness.', product_concept='A new line of limited-edition athletic shoes featuring uppers made from recycled waste plastics, reinforced with proprietary lightweight steel weave for added durability. Each shoe would come with a story of how making sports gear from waste contributes to a circular economy.'), CollaborationRecommendation(name='Patagonia', industry='Outdoor Apparel', rationale="Patagonia’s ethos centers around environmental responsibility and activism, aligning with the sustainability efforts of NS. They can leverage NS's technology in recycling to create not only apparel but also tools for taking care of the planet.", product_concept="A special collection of jackets and outdoor gear incorporating waste plastics for insulation and liners, utilizing steel components for structural support. The packaging could tell the story of a new path for plastics, reinforcing the brand's commitment to sustainability."), CollaborationRecommendation(name='Sony', industry='Consumer Electronics', rationale='Sony is a leader in innovation and could benefit from a collaboration that offers a sustainable angle to its product lines. By integrating steel and recycled plastics, both brands can focus on eco-friendly innovation.', product_concept='An innovative range of premium sound systems that incorporate parts made from recycled plastics and lightweight steel. This could serve as a testament to a future where technology is both high-performance and environmentally sustainable, resonating emotionally with eco-conscious consumers.'), CollaborationRecommendation(name='IKEA', industry='Furniture', rationale="IKEA's commitment to sustainability and design resonates well with NS's focus on recycling waste materials. This collaboration could bring creativity in functional yet stylish home goods.", product_concept='A limited collection of modular furniture made from recycled waste plastics and reinforced with lightweight steel elements. These designs would not only serve a functional purpose but would be designed around a narrative of sustainability and sleek modern living.')]
2025-05-22 19:15:54,317 INFO Creating Sustainability Brand Researcher agent
2025-05-22 19:15:54,322 INFO Creating Plastic analyst agent
2025-05-22 19:15:54,348 INFO id='0c4e3bd0-8ce4-45ee-86ca-47c35cc0b0bf' source_brand='BMW' source_plastic='PP' source_location='Munich' target_brand='Fiat' source_brand_results={} target_brand_results={} plastic_results={} product_ideas=[] product_pitches=[] product_images=[] source_brand_research_needed=False target_brand_research_needed=False source_brand_research_complete=False target_brand_research_complete=False plastic_research_needed=False plastic_research_complete=False collaboration_complete=False source_brand_saved_to_db=False target_brand_saved_to_db=False plastic_saved_to_db=False
2025-05-22 19:29:33,165 INFO Creating Sustainability Brand Researcher agent
2025-05-22 19:29:33,169 INFO Creating Plastic analyst agent
2025-05-22 19:30:08,048 INFO Creating Sustainability Brand Researcher agent
2025-05-22 19:30:08,051 INFO Creating Plastic analyst agent
2025-05-22 19:30:08,073 INFO id='7ceb4082-f73a-4b5f-a615-506c2190b88a' source_brand='BMW' plastic_type='PP' location='Munich' target_brand='Fiat' source_brand_results={} target_brand_results={} plastic_results={} product_ideas=[] product_pitches=[] product_images=[] source_brand_research_needed=False target_brand_research_needed=False source_brand_research_complete=False target_brand_research_complete=False plastic_research_needed=False plastic_research_complete=False collaboration_complete=False source_brand_saved_to_db=False target_brand_saved_to_db=False plastic_saved_to_db=False
2025-05-22 19:30:14,415 INFO Starting BrandAnalystCrew with input: {'brand': 'Fiat', 'location': 'Munich'}
2025-05-22 19:30:14,416 INFO Creating analyze_target_brand task
2025-05-22 19:30:14,419 INFO Crew instance created
2025-05-22 19:30:41,338 INFO Crew execution completed with result: brand_id='fiat' name='Fiat' industry='Automotive' main_products=['Cars', 'Trucks', 'Vans'] sustainability_initiatives=['Emphasis on reducing greenhouse gas emissions', 'Renewable energy usage and optimization', 'Waste management and reduction initiatives'] plastic_materials_used=['Recycled plastics', 'Bioplastics'] past_collaborations=['Partnership with Covestro for high-value plastics recycling'] operational_regions=['Europe', 'North America', 'South America']
2025-05-22 19:30:41,343 INFO Inside Router after research: {'brand_id': 'fiat', 'name': 'Fiat', 'industry': 'Automotive', 'main_products': ['Cars', 'Trucks', 'Vans'], 'sustainability_initiatives': ['Emphasis on reducing greenhouse gas emissions', 'Renewable energy usage and optimization', 'Waste management and reduction initiatives'], 'plastic_materials_used': ['Recycled plastics', 'Bioplastics'], 'past_collaborations': ['Partnership with Covestro for high-value plastics recycling'], 'operational_regions': ['Europe', 'North America', 'South America']}
2025-05-22 19:30:41,344 INFO Storing Brand Info After research: {'brand_id': 'fiat', 'name': 'Fiat', 'industry': 'Automotive', 'main_products': ['Cars', 'Trucks', 'Vans'], 'sustainability_initiatives': ['Emphasis on reducing greenhouse gas emissions', 'Renewable energy usage and optimization', 'Waste management and reduction initiatives'], 'plastic_materials_used': ['Recycled plastics', 'Bioplastics'], 'past_collaborations': ['Partnership with Covestro for high-value plastics recycling'], 'operational_regions': ['Europe', 'North America', 'South America']}
2025-05-22 19:30:41,470 ERROR Error saving brand to DB: object NoneType can't be used in 'await' expression
2025-05-22 19:30:41,470 ERROR Error storing target brand: "StateWithId" object has no field "brand_saved_to_db"
2025-05-22 19:43:40,549 INFO Creating Sustainability Brand Researcher agent
2025-05-22 19:43:40,554 INFO Creating Plastic analyst agent
2025-05-22 19:43:40,582 INFO id='456a0d39-ab27-45c8-85dd-5cb8312a33b1' source_brand='BMW' plastic_type='PP' location='Munich' target_brand='Fiat' source_brand_results={} target_brand_results={} plastic_results={} product_ideas=[] product_pitches=[] product_images=[] source_brand_research_needed=False target_brand_research_needed=False source_brand_research_complete=False target_brand_research_complete=False plastic_research_needed=False plastic_research_complete=False collaboration_complete=False source_brand_saved_to_db=False target_brand_saved_to_db=False plastic_saved_to_db=False
2025-05-22 19:43:47,661 INFO Starting BrandAnalystCrew with input: {'brand': 'Fiat', 'location': 'Munich'}
2025-05-22 19:43:47,662 INFO Creating analyze_target_brand task
2025-05-22 19:43:47,669 INFO Crew instance created
2025-05-22 19:43:54,416 INFO Crew execution completed with result: brand_id=None name='Fiat' industry='Automotive' main_products=['Cars', 'Trucks', 'Commercial Vehicles'] sustainability_initiatives=['Climate Report', 'Greenhouse gas emissions reduction', 'Renewable energy promotion'] plastic_materials_used=['Recycled plastics', 'High-value plastics from end-of-life vehicles'] past_collaborations=['Covestro collaboration on plastic recycling'] operational_regions=['Europe', 'Italy', 'North America']
2025-05-22 19:43:54,420 INFO Inside Router after research: {'brand_id': None, 'name': 'Fiat', 'industry': 'Automotive', 'main_products': ['Cars', 'Trucks', 'Commercial Vehicles'], 'sustainability_initiatives': ['Climate Report', 'Greenhouse gas emissions reduction', 'Renewable energy promotion'], 'plastic_materials_used': ['Recycled plastics', 'High-value plastics from end-of-life vehicles'], 'past_collaborations': ['Covestro collaboration on plastic recycling'], 'operational_regions': ['Europe', 'Italy', 'North America']}
2025-05-22 19:43:54,420 INFO Storing Brand Info After research: {'brand_id': None, 'name': 'Fiat', 'industry': 'Automotive', 'main_products': ['Cars', 'Trucks', 'Commercial Vehicles'], 'sustainability_initiatives': ['Climate Report', 'Greenhouse gas emissions reduction', 'Renewable energy promotion'], 'plastic_materials_used': ['Recycled plastics', 'High-value plastics from end-of-life vehicles'], 'past_collaborations': ['Covestro collaboration on plastic recycling'], 'operational_regions': ['Europe', 'Italy', 'North America']}
2025-05-22 19:43:54,593 ERROR Error storing target brand: object str can't be used in 'await' expression
2025-05-22 19:56:03,169 INFO Creating Sustainability Brand Researcher agent
2025-05-22 19:56:03,174 INFO Creating Plastic analyst agent
2025-05-22 19:56:03,202 INFO id='6f82d18b-3efd-41ab-9dee-7c0ecd08e0ba' source_brand='BMW' plastic_type='PP' location='Munich' target_brand='Fiat' source_brand_results={} target_brand_results={} plastic_results={} product_ideas=[] product_pitches=[] product_images=[] source_brand_research_needed=False target_brand_research_needed=False source_brand_research_complete=False target_brand_research_complete=False plastic_research_needed=False plastic_research_complete=False collaboration_complete=False source_brand_saved_to_db=False target_brand_saved_to_db=False plastic_saved_to_db=False
2025-05-22 19:56:09,817 INFO Kicking off BrandProductIdeasCrew with input: {'source_brand_data': {'id': 3, 'brand_id': '3208ed61-6a18-539c-9e35-ed27cfe1d9d7', 'name': 'BMW', 'industry': 'Automotive', 'main_products': ['Luxury Vehicles', 'Electric Vehicles', 'Motorcycles'], 'sustainability_initiatives': ['Using ocean plastics for vehicle trim components', 'Aiming for 100% recyclable vehicles by 2030', 'Increasing recycled materials in production to 40% by 2030', 'CO2 emissions reduction projects', 'Sustainable logistics to minimize plastic waste'], 'plastic_materials_used': ['Ocean plastics', 'Thermoplastics with recycled content'], 'past_collaborations': [], 'operational_regions': ['Germany', 'China', 'United States', 'Europe'], 'created_at': '2025-05-21T11:06:50.870314', 'similarity_score': 0.8456289768218994}, 'target_brand_data': {'id': 32, 'brand_id': 'b449ee6a-fcde-593b-81b2-72392dcb64cd', 'name': 'Fiat', 'industry': 'Automotive', 'main_products': ['Cars', 'Trucks', 'Commercial Vehicles'], 'sustainability_initiatives': ['Climate Report', 'Greenhouse gas emissions reduction', 'Renewable energy promotion'], 'plastic_materials_used': ['Recycled plastics', 'High-value plastics from end-of-life vehicles'], 'past_collaborations': ['Covestro collaboration on plastic recycling'], 'operational_regions': ['Europe', 'Italy', 'North America'], 'created_at': '2025-05-22T17:43:54.487624', 'similarity_score': 0.8470578789710999}, 'plastic_data': {'id': 22, 'plastic_id': '40a509d3-58cd-504c-a8ad-2117541e458d', 'type': 'Polypropylene Terephthalate', 'properties': ['High strength', 'Lightweight', 'Good thermal stability', 'Chemical resistance'], 'applications': ['Bottles', 'Food packaging', 'Textiles', 'Automotive parts'], 'environmental_impact': "PPTV20 is not biodegradable and may contribute to plastic pollution, but it's recyclable under specific conditions.", 'recycling_potential': 'PPTV20 can be recycled through mechanical recycling or chemical recycling methods.', 'regional_relevance': None, 'created_at': '2025-05-21T12:15:55.560359', 'similarity_score': 0.815991222858429}}
2025-05-22 19:56:09,818 INFO Creating task to generate collaborative product ideas
2025-05-22 19:56:09,818 INFO Creating product idea generator agent
2025-05-22 19:56:16,361 INFO Product ideas generation completed: products=[ProductIdea(name='Eco-Friendly Tote', description='This stylish tote bag made from recycled plastics features vibrant designs inspired by both brands, promoting sustainability while encouraging everyday use.'), ProductIdea(name='Sustainable Storage Containers', description='These reusable storage containers crafted from upcycled plastics blend functionality with aesthetics, showcasing unique designs that reflect the combined vibe of both brands.'), ProductIdea(name='Biodegradable Phone Case', description='A durable and lightweight phone case made from biodegradable plastic blends. It incorporates designs that celebrate both brands while minimizing environmental impact.'), ProductIdea(name='Reusable Water Bottle', description='This eco-friendly water bottle utilizes recycled plastic materials, featuring bold graphics that represent the spirit of collaboration between both brands.'), ProductIdea(name='Compostable Lunch Box', description="A fully compostable lunch box that showcases the creativity of both brands. It's perfect for eco-conscious users, made to hold meals sustainably.")]
